event_id,project_id,mapping_status,mapping_method,source_type,source_file,briefing_date,publication_date,headline,primary_geography,geography_basis,event_direction,media_tone,mandate_class,capacity_reported_mtpa,capacity_additive,item_url,report_url,verification_status
2026-05-24#01,,unmatched,,daily_news,dashboard/data/facts-backfill.jsonl,2026-05-24,2026-05-22,Climeworks CEO: Carbon Removal Market Can't Be Built on Microsoft Alone,,multi-country or global event; non-additive until adjudicated,neutral,,not-dated,,no — evidence only; canonical capacity register controls totals,https://www.bloomberg.com/news/newsletters/2026-05-22/climeworks-ceo-says-carbon-removal-can-t-hinge-on-microsoft,,item-link
2026-05-24#02,au-moomba-ccs,matched,curated alias,daily_news,dashboard/data/facts-backfill.jsonl,2026-05-24,2026-05-21,Santos Moomba CCS Reaches 2 Million Tonnes CO₂e Stored,Australia,canonical physical project location,neutral,,not-dated,1.7,no — evidence only; canonical capacity register controls totals,https://www.santos.com/news/moomba-ccs-project-achieves-historic-emissions-reduction-milestone/,,item-link
2026-05-24#03,,unmatched,,daily_news,dashboard/data/facts-backfill.jsonl,2026-05-24,2026-05-21,Lufthansa Group Signs Multi-Year CDR Offtake with Senken,,multi-country or global event; non-additive until adjudicated,neutral,,not-dated,,no — evidence only; canonical capacity register controls totals,https://www.prnewswire.com/de/pressemitteilungen/senken-signs-multi-year-offtake-for-tech--and-nature-based-carbon-removal-with-lufthansa-group-europes-largest-airline-302779015.html,,item-link
2026-05-24#04,,unmatched,,daily_news,dashboard/data/facts-backfill.jsonl,2026-05-24,2026-05-19,Mantel and Wood MOU to Scale High-Temperature Carbon Capture for Oil Sands,Canada,single event geography; entity not mapped,neutral,,not-dated,0.06,no — evidence only; canonical capacity register controls totals,https://www.globenewswire.com/news-release/2026/05/19/3297315/0/en/Mantel-and-Wood-Announce-MOU-to-Scale-High-Temperature-Carbon-Capture.html,,item-link
2026-05-25#01,au-cliff-head-ccs,matched,curated alias,daily_news,dashboard/data/facts-backfill.jsonl,2026-05-25,2026-05-23,"Korean CCUS delegation tours Pilot Energy's Cliff Head offshore CCS site, WA",Australia,canonical physical project location,neutral,,not-dated,1.0,no — evidence only; canonical capacity register controls totals,https://carbonherald.com/pilot-energy-welcomes-korean-delegation-to-showcase-ccs-progress-in-australia/,,item-link
2026-05-25#02,,unmatched,,daily_news,dashboard/data/facts-backfill.jsonl,2026-05-25,2026-05-22,Japan sets permitting standards for seabed drilling in conservation areas for offshore CCS,Japan,single event geography; entity not mapped,positive,,not-dated,,no — evidence only; canonical capacity register controls totals,https://carbon-pulse.com/,,item-link
2026-05-25#03,,unmatched,,daily_news,dashboard/data/facts-backfill.jsonl,2026-05-25,2026-05-22,EU Innovation Fund Heat Auction: €400 M to 65 industrial heat decarbonisation projects,European Union,single event geography; entity not mapped,positive,,not-dated,,no — evidence only; canonical capacity register controls totals,https://climate.ec.europa.eu/eu-action/eu-funding-climate-action/innovation-fund/innovation-fund-projects_en,,item-link
2026-05-25#04,,unmatched,,daily_news,dashboard/data/facts-backfill.jsonl,2026-05-25,2026-05-22,UN General Assembly adopts landmark climate obligations resolution; Arab nations' CCS amendment rejected,,multi-country or global event; non-additive until adjudicated,negative,,not-dated,,no — evidence only; canonical capacity register controls totals,https://www.carbonbrief.org/debriefed-22-may-2026-un-adopts-landmark-resolution-trump-takes-on-rcp8-5-climate-migration/,,item-link
2026-05-25#05,us-el-dorado,matched,curated alias,daily_news,dashboard/data/facts-backfill.jsonl,2026-05-25,2026-05-19,"LSB Industries secures pathway to 100% ownership of El Dorado CCS project, Arkansas",United States,canonical physical project location,positive,,corporate/project milestone,0.5,no — evidence only; canonical capacity register controls totals,https://www.businesswire.com/news/home/20260519473501/en/LSB-Industries-Reaches-Agreement-Establishing-a-Pathway-to-100-Ownership-of-El-Dorado-CCS-Project,,item-link
2026-05-25#06,,unmatched,,daily_news,dashboard/data/facts-backfill.jsonl,2026-05-25,2026-05-19,Global CCS Institute profiles Brevik CCS — world's largest cement CO₂ capture plant,Norway,single event geography; entity not mapped,positive,,not-dated,,no — evidence only; canonical capacity register controls totals,https://www.globalccsinstitute.com/resources/,,item-link
2026-05-25#07,,unmatched,,daily_news,dashboard/data/facts-backfill.jsonl,2026-05-25,2026-05-18,Abu Dhabi issues General Policy on Carbon Capture — GCCS Institute calls it a regional milestone,United Arab Emirates,single event geography; entity not mapped,neutral,,not-dated,,no — evidence only; canonical capacity register controls totals,https://www.globalccsinstitute.com/,,item-link
2026-05-26#01,ca-pathways,matched,curated alias,daily_news,dashboard/data/facts-backfill.jsonl,2026-05-26,2026-05-25,Canada presses oil sands producers on Pathways carbon capture project,Canada,canonical physical project location,positive,,corporate/project milestone,16.0,no — evidence only; canonical capacity register controls totals,https://worldoil.com/news/2026/5/25/canada-presses-oil-sands-producers-on-pathways-carbon-capture-project/,,item-link
2026-05-26#02,,unmatched,,daily_news,dashboard/data/facts-backfill.jsonl,2026-05-26,2026-05-25,COFs redefine membrane limits in carbon capture,Japan,single event geography; entity not mapped,neutral,,not-dated,,no — evidence only; canonical capacity register controls totals,https://www.miragenews.com/cofs-redefine-membrane-limits-in-carbon-capture-1679633/,,item-link
2026-05-26#03,au-moomba-ccs,matched,curated alias,daily_news,dashboard/data/facts-backfill.jsonl,2026-05-26,2026-05-20,Moomba CCS achieves 2 million tonne CO₂e storage milestone,Australia,canonical physical project location,neutral,,not-dated,,no — evidence only; canonical capacity register controls totals,https://www.santos.com/news/moomba-ccs-project-achieves-historic-emissions-reduction-milestone/,,item-link
2026-05-26#04,,unmatched,,daily_news,dashboard/data/facts-backfill.jsonl,2026-05-26,2026-05-22,Eni and BlackRock's GIP secure >$670 million financing for CCS portfolio,,multi-country or global event; non-additive until adjudicated,positive,,corporate/project milestone,4.5,no — evidence only; canonical capacity register controls totals,https://www.offshore-energy.biz/eni-and-blackrocks-gip-score-over-670-million-financing-boost-to-fuel-ccs-growth/,,item-link
2026-05-26#05,,unmatched,,daily_news,dashboard/data/facts-backfill.jsonl,2026-05-26,2026-05-23,21 industry groups urge phased EU CO₂ transport regulation,European Union,single event geography; entity not mapped,positive,,not-dated,,no — evidence only; canonical capacity register controls totals,https://carbonherald.com/industry-groups-call-for-phased-eu-approach-to-co2-transport-regulation/,,item-link
2026-05-27#01,us-carbon-terravault-i,matched,curated alias,daily_news,dashboard/data/facts-backfill.jsonl,2026-05-27,2026-05-26,California Achieves First CO₂ Injection at Carbon TerraVault I — State's Inaugural Commercial CCS Project,United States,canonical physical project location,positive,,not-dated,1.46,no — evidence only; canonical capacity register controls totals,https://www.theglobeandmail.com/investing/markets/markets-news/GlobeNewswire/2126057/california-resources-corporation-achieves-first-co2-injection-at-carbon-terravault-i-a-major-milestone-for-carbon-management-in-california/,,item-link
2026-05-27#02,,unmatched,,daily_news,dashboard/data/facts-backfill.jsonl,2026-05-27,2026-05-23,Industry Groups Call for Phased EU Approach to CO₂ Transport Regulation,European Union,single event geography; entity not mapped,negative,,not-dated,,no — evidence only; canonical capacity register controls totals,https://carbonherald.com/industry-groups-call-for-phased-eu-approach-to-co2-transport-regulation/,,item-link
2026-05-27#03,,unmatched,,daily_news,dashboard/data/facts-backfill.jsonl,2026-05-27,2026-05-22,Eni and BlackRock's GIP Score Over $670 Million Financing Boost to Fuel CCS Growth,,multi-country or global event; non-additive until adjudicated,positive,,not-dated,,no — evidence only; canonical capacity register controls totals,https://www.offshore-energy.biz/eni-and-blackrocks-gip-score-over-670-million-financing-boost-to-fuel-ccs-growth/,,item-link
2026-05-27#04,,unmatched,,daily_news,dashboard/data/facts-backfill.jsonl,2026-05-27,2026-05-25,COFs Redefine Membrane Limits in Carbon Capture,Japan,single event geography; entity not mapped,neutral,,not-dated,,no — evidence only; canonical capacity register controls totals,https://www.miragenews.com/cofs-redefine-membrane-limits-in-carbon-capture-1679633/,,item-link
2026-05-28#01,au-moomba-ccs,matched,curated alias,daily_news,dashboard/data/facts-backfill.jsonl,2026-05-28,2026-05-27,Santos' Moomba CCS project crosses 2 MtCO₂e stored,Australia,canonical physical project location,neutral,,corporate/project milestone,,no — evidence only; canonical capacity register controls totals,https://greenreview.com.au/resources/santos-moomba-ccs-project-achieves-milestone-of-storing-two-million-tonnes-of-co2/,,item-link
2026-05-28#02,us-carbon-terravault-i,matched,curated alias,daily_news,dashboard/data/facts-backfill.jsonl,2026-05-28,2026-05-27,California records first CO₂ injection at Carbon TerraVault I,United States,canonical physical project location,positive,,not-dated,1.46,no — evidence only; canonical capacity register controls totals,https://www.gasworld.com/story/california-records-first-co2-injection/2250451.article/,,item-link
2026-05-28#03,,unmatched,,daily_news,dashboard/data/facts-backfill.jsonl,2026-05-28,2026-05-27,Germany commits €5 billion to carbon capture push,Germany,single event geography; entity not mapped,neutral,,not-dated,,no — evidence only; canonical capacity register controls totals,https://oilprice.com/Energy/Energy-General/Germany-Puts-5-Billion-Behind-Carbon-Capture-Push.html,,item-link
2026-05-28#04,ca-pathways,matched,curated alias,daily_news,dashboard/data/facts-backfill.jsonl,2026-05-28,2026-05-27,Canada says oil-sands cashflow can fund Pathways CCS,Canada,canonical physical project location,neutral,,corporate/project milestone,16.0,no — evidence only; canonical capacity register controls totals,https://www.thestar.com.my/business/business-news/2026/05/27/canada-confident-oil-sands-can-fund-carbon-capture,,item-link
2026-05-28#05,,unmatched,,daily_news,dashboard/data/facts-backfill.jsonl,2026-05-28,2026-05-27,India publishes net-zero CCUS storage roadmap,India,single event geography; entity not mapped,neutral,,not-dated,,no — evidence only; canonical capacity register controls totals,https://discoveryalert.com.au/india-carbon-storage-roadmap-ccus-geological-storage-2026/,,item-link
2026-05-28#06,,unmatched,,daily_news,dashboard/data/facts-backfill.jsonl,2026-05-28,2026-05-27,Ohio Senate passes substitute CCS bill,United States,single event geography; entity not mapped,positive,,not-dated,,no — evidence only; canonical capacity register controls totals,https://www.morningagclips.com/ohio-senate-passes-substitute-bill-on-carbon-capture-and-storage-activity/,,item-link
2026-05-28#07,,unmatched,,daily_news,dashboard/data/facts-backfill.jsonl,2026-05-28,2026-05-27,Linde and Valmet partner on electrified carbon capture for pulp & paper,,multi-country or global event; non-additive until adjudicated,neutral,,not-dated,,no — evidence only; canonical capacity register controls totals,https://www.gasworld.com/story/linde-and-valmet-advance-electrical-carbon-capture-tech-for-pulp-and-paper/2250436.article/,,item-link
2026-05-28#08,,unmatched,,daily_news,dashboard/data/facts-backfill.jsonl,2026-05-28,2026-05-27,Climeworks CEO calls for a broader carbon-removal buyer base,,multi-country or global event; non-additive until adjudicated,neutral,,not-dated,,no — evidence only; canonical capacity register controls totals,https://carbon-pulse.com/515470/,,item-link
2026-05-29#01,nl-aramis,matched,curated alias,daily_news,dashboard/data/facts-backfill.jsonl,2026-05-29,2026-05-28,Shell wins Dutch permit for Aramis CO₂ storage at K14-FA/FC,Netherlands,canonical physical project location,positive,,government target,22,no — evidence only; canonical capacity register controls totals,https://www.industrylinqs.com/ccs/2026/05/shell-gets-permit-for-co2-storage-aramis-ccs/,,item-link
2026-05-29#02,uk-hynet-protos,matched,curated alias,daily_news,dashboard/data/facts-backfill.jsonl,2026-05-29,2026-05-28,HyNet's Encyclis Protos anchor capture plant enters new construction phase,United Kingdom,canonical physical project location,positive,,commercial deadline,0.37,no — evidence only; canonical capacity register controls totals,https://www.energyvoice.com/renewables-energy-transition/ccs/598331/hynet-carbon-capture-anchor-project/,,item-link
2026-05-29#03,,unmatched,,daily_news,dashboard/data/facts-backfill.jsonl,2026-05-29,2026-05-28,Alberta opens public consultation on updated CCS quantification protocol,Canada,single event geography; entity not mapped,positive,,not-dated,,no — evidence only; canonical capacity register controls totals,https://www.sendeco2.com/es/noticias/2026/05/28/alberta-releases-draft-update-of-ccs-quantification-protocol-for-public-comment,,item-link
2026-05-29#04,,unmatched,,daily_news,dashboard/data/facts-backfill.jsonl,2026-05-29,2026-05-28,Snaring emissions: is carbon capture the new beacon of Britain's industrial future?,United Kingdom,single event geography; entity not mapped,positive,positive,commercial deadline,2,no — evidence only; canonical capacity register controls totals,https://www.constructionnews.co.uk/sections/long-reads/features/snaring-emissions-is-carbon-capture-the-new-beacon-of-britains-industrial-future-28-05-2026/,,item-link
2026-06-01#01,no-furu-daccs,matched,curated alias,daily_news,dashboard/data/facts-backfill.jsonl,2026-06-01,2026-05-27,"Sirona Technologies launches Project Furu DACCS in Øygarden, Norway",Norway,canonical physical project location,neutral,,corporate/project milestone,0.01,no — evidence only; canonical capacity register controls totals,https://carbonherald.com/sirona-technologies-launches-furu-daccs-project-in-norway/,,item-link
2026-06-01#02,se-stockholm-exergi,matched,curated alias,daily_news,dashboard/data/facts-backfill.jsonl,2026-06-01,2026-05-27,"City of Stockholm signs 750,000-tonne carbon-removal deal with Stockholm Exergi",Sweden,canonical physical project location,neutral,,commercial deadline,0.8,no — evidence only; canonical capacity register controls totals,https://www.esgtoday.com/stockholm-becomes-one-of-worlds-largest-carbon-removal-buyers-with-new-750000-tonne-deal/,,item-link
2026-06-01#03,,unmatched,,daily_news,dashboard/data/facts-backfill.jsonl,2026-06-01,2026-05-27,Vallourec & Syngular Solutions sign BECCS MoU for Brazil's ethanol corridor,,multi-country or global event; non-additive until adjudicated,neutral,,not-dated,,no — evidence only; canonical capacity register controls totals,https://www.offshore-energy.biz/french-firm-enters-deal-for-bioenergy-with-ccs-projects-in-brazil/,,item-link
2026-06-02#01,,unmatched,,daily_news,dashboard/data/facts-backfill.jsonl,2026-06-02,2026-06-01,"Grattan Institute: net-zero gas pathway needs ""impracticable"" CCS and carbon-removal volumes",Australia,single event geography; entity not mapped,neutral,negative,not-dated,,no — evidence only; canonical capacity register controls totals,https://grattan.edu.au/report/out-of-gas-managing-the-decline-of-gas-in-australia/,,item-link
2026-06-02#02,,unmatched,,daily_news,dashboard/data/facts-backfill.jsonl,2026-06-02,2026-06-01,Louisiana community-engagement meeting on CCS scheduled for 4 June at Jennings,United States,single event geography; entity not mapped,neutral,negative,not-dated,,no — evidence only; canonical capacity register controls totals,https://americanpress.com/2026/06/01/carbon-capture-focus-of-upcoming-community-meeting/,,item-link
2026-06-02#03,eu-nzia-2030,matched,curated alias,daily_news,dashboard/data/facts-backfill.jsonl,2026-06-02,2026-05-28,EU Commission's first NZIA progress report — 50 Mtpa CO₂ injection target by 2030,European Union,canonical physical project location,positive,,government target,50,no — evidence only; canonical capacity register controls totals,https://climate.ec.europa.eu/news-other-reads/news/eu-makes-good-progress-towards-its-2030-co2-injection-target-2026-05-28_en,,item-link
2026-06-02#04,,unmatched,,daily_news,dashboard/data/facts-backfill.jsonl,2026-06-02,2026-05-28,LeadIT Green Cement Tracker — less than 2% of global cement emissions captured by 2035,,multi-country or global event; non-additive until adjudicated,neutral,,corporate/project milestone,,no — evidence only; canonical capacity register controls totals,https://www.energylivenews.com/2026/05/28/carbon-capture-struggles-to-scale-cement-emissions-cuts/,,item-link
2026-06-02#05,,unmatched,,daily_news,dashboard/data/facts-backfill.jsonl,2026-06-02,2026-05-29,University of Queensland unveils CO₂-to-formate electrochemical generator,Australia,single event geography; entity not mapped,neutral,,not-dated,,no — evidence only; canonical capacity register controls totals,https://news.uq.edu.au/2026-05-uq-tech-turns-captured-co2-valuable-chemicals,,item-link
2026-06-03#01,,unmatched,,daily_news,dashboard/data/facts-backfill.jsonl,2026-06-03,2026-06-02,UK 7th Carbon Budget proposed at ~87% emissions cut 2038–42,United Kingdom,single event geography; entity not mapped,neutral,,government target,,no — evidence only; canonical capacity register controls totals,https://www.miragenews.com/uk-boosts-energy-security-jobs-investment-via-1684772/,,item-link
2026-06-03#02,,unmatched,,daily_news,dashboard/data/facts-backfill.jsonl,2026-06-03,2026-06-02,OEUK summit: DNV & Xodus reports project North Sea cross-border CO₂ flows from 18 Mtpa (2030) to 36 Mtpa (2050),,multi-country or global event; non-additive until adjudicated,neutral,,corporate/project milestone,36,no — evidence only; canonical capacity register controls totals,https://www.energy-pedia.com/news/united-kingdom/clearer-policy-and-stronger-investment-needed-to-scale-north-sea-ccs-and-hydrogen-projects-204121,,item-link
2026-06-03#03,,unmatched,,daily_news,dashboard/data/facts-backfill.jsonl,2026-06-03,2026-06-02,NSW opens A$225m Net Zero Manufacturing round,Australia,single event geography; entity not mapped,positive,,not-dated,,no — evidence only; canonical capacity register controls totals,https://carbon-pulse.com/517463/?site=cpp,,item-link
2026-06-03#04,,unmatched,,daily_news,dashboard/data/facts-backfill.jsonl,2026-06-03,2026-06-02,State of CDR — 3rd Edition: novel carbon-removal must scale faster than solar to close 5 Gt CO₂/yr 2050 gap,,multi-country or global event; non-additive until adjudicated,neutral,,corporate/project milestone,,no — evidence only; canonical capacity register controls totals,https://www.stateofcdr.org/report/3rd-edition,,item-link
2026-06-03#05,,unmatched,,daily_news,dashboard/data/facts-backfill.jsonl,2026-06-03,2026-06-01,Climeworks Solutions signs 10-year multi-pathway CDR deal with TD Bank — backs planned Canadian DAC plant,Canada,single event geography; entity not mapped,neutral,,not-dated,,no — evidence only; canonical capacity register controls totals,https://climeworks.com/press-release/climeworks-solutions-signs-10-year-cdr-agreement-with-td-bank,,item-link
2026-06-03#06,,unmatched,,daily_news,dashboard/data/facts-backfill.jsonl,2026-06-03,2026-06-02,"Independent Australia: ""The carbon capture con keeping fossil fuels alive""",Australia,single event geography; entity not mapped,neutral,negative,not-dated,,no — evidence only; canonical capacity register controls totals,"https://independentaustralia.net/politics/politics-display/the-carbon-capture-con-keeping-fossil-fuels-alive,21121",,item-link
2026-06-05#01,,unmatched,,daily_news,dashboard/data/facts-backfill.jsonl,2026-06-05,2026-06-04,"Northern Lights awards second 12,000 cbm LCO₂ carrier to MISC / ""K"" Line",Norway,single event geography; entity not mapped,positive,,corporate/project milestone,,no — evidence only; canonical capacity register controls totals,https://www.upstreamonline.com/carbon-capture/misc-and-k-line-score-second-newbuild-for-northern-lights-ccs/2-1-1998588,,item-link
2026-06-05#02,,unmatched,,daily_news,dashboard/data/facts-backfill.jsonl,2026-06-05,2026-06-04,US: Trump redirects US$185 mln of IIJA CCS funds to coal under US$700 mln DPA package,United States,single event geography; entity not mapped,negative,,not-dated,,no — evidence only; canonical capacity register controls totals,https://www.latitudemedia.com/news/trump-is-redirecting-carbon-capture-funds-to-coal-for-ai/,,item-link
2026-06-05#03,,unmatched,,daily_news,dashboard/data/facts-backfill.jsonl,2026-06-05,2026-06-04,MIT publishes oxygen-tolerant electrochemical CO₂ capture in Nature Energy,United States,single event geography; entity not mapped,positive,,not-dated,,no — evidence only; canonical capacity register controls totals,https://news.mit.edu/2026/developing-innovative-carbon-capture-methods-0604,,item-link
2026-06-05#04,,unmatched,,daily_news,dashboard/data/facts-backfill.jsonl,2026-06-05,2026-06-04,"Skytree deploys Stratus DAC at Koppert Cress greenhouses (Monster, NL)",Netherlands,single event geography; entity not mapped,neutral,,not-dated,,no — evidence only; canonical capacity register controls totals,https://www.gasworld.com/story/skytree-to-deploy-direct-air-capture-system-for-dutch-greenhouse-co2-supply/,,item-link
2026-06-05#05,,unmatched,,daily_news,dashboard/data/facts-backfill.jsonl,2026-06-05,2026-06-04,Deep Sky signs 10-year DAC offtake with TD Bank Group,Canada,single event geography; entity not mapped,neutral,,not-dated,,no — evidence only; canonical capacity register controls totals,https://www.newswire.ca/news-releases/deep-sky-announces-direct-air-capture-carbon-removal-agreement-with-td-bank-group-advancing-canada-s-leadership-in-carbon-removal-899228119.html,,item-link
2026-06-05#06,,unmatched,,daily_news,dashboard/data/facts-backfill.jsonl,2026-06-05,2026-06-04,MODEC × Eld Energy sign Tokyo JDA for 1.2 MW SOFC + CO₂-capture FPSO power system,,multi-country or global event; non-additive until adjudicated,neutral,,corporate/project milestone,,no — evidence only; canonical capacity register controls totals,https://worldoil.com/news/2026/6/4/modec-eld-energy-advance-fuel-cell-carbon-capture-system-for-fpsos/,,item-link
2026-06-09#01,uk-drax-beccs,matched,curated alias,daily_news,dashboard/data/facts-backfill.jsonl,2026-06-09,2026-06-05,"UK Environment Agency 'minded to' grant Drax BECCS permit variation, consultation runs to 24 June",United Kingdom,canonical physical project location,positive,,not-dated,8,no — evidence only; canonical capacity register controls totals,https://www.gov.uk/government/news/consultation-opens-on-drax-power-permit-draft-decision,,item-link
2026-06-09#02,my-kasawari,matched,curated alias,daily_news,dashboard/data/facts-backfill.jsonl,2026-06-09,2026-06-03,Kelington Group expands MoU with PETRONAS CCS Solutions to cover satellite CO₂ terminals,Malaysia,canonical physical project location,neutral,,not-dated,,no — evidence only; canonical capacity register controls totals,https://themalaysianreserve.com/2026/06/03/kelington-expands-petronas-ccs-partnership-to-study-satellite-co%E2%82%82-terminals/,,item-link
2026-06-09#03,,unmatched,,daily_news,dashboard/data/facts-backfill.jsonl,2026-06-09,2026-06-03,DNV verifies Carbon Ridge centrifugal onboard capture at 98% CO₂ on Scorpio Tankers' STI Spiga,,multi-country or global event; non-additive until adjudicated,neutral,,not-dated,,no — evidence only; canonical capacity register controls totals,https://worldoil.com/news/2026/6/3/dnv-verifies-carbon-ridge-onboard-carbon-capture-system-in-tanker-pilot/,,item-link
2026-06-10#01,uk-morecambe,matched,curated alias,daily_news,dashboard/data/facts-backfill.jsonl,2026-06-10,2026-06-09,Spirit Energy / Morecambe Net Zero (MNZ) enters NSTA 'Assess Phase',United Kingdom,canonical physical project location,positive,,not-dated,3,no — evidence only; canonical capacity register controls totals,https://worldoil.com/news/2026/6/9/major-uk-ccs-project-clears-milestone-toward-offshore-co2-storage/,,item-link
2026-06-10#02,dk-accsion,matched,curated alias,daily_news,dashboard/data/facts-backfill.jsonl,2026-06-10,2026-06-09,Aalborg Portland signs €2.2 bn (DKK 16.5 bn) ACCSION CCS subsidy contract with Danish Energy Agency,Denmark,canonical physical project location,positive,,legislated/regulatory mandate,1.25,no — evidence only; canonical capacity register controls totals,https://www.domain-b.com/environment-1/denmark-awards-ccs-subsidy-aalborg-portland-accsion-project-2026,,item-link
2026-06-10#03,,unmatched,,daily_news,dashboard/data/facts-backfill.jsonl,2026-06-10,2026-06-08,"Energy Intelligence: 'Weak CO₂ storage demand, refocus on oil hit IOCs' CCS plans'",,multi-country or global event; non-additive until adjudicated,neutral,,not-dated,,no — evidence only; canonical capacity register controls totals,https://www.energyintel.com/0000019a-ffdb-d183-a79a-ffdfb0500000,,item-link
2026-06-10#04,,unmatched,,daily_news,dashboard/data/facts-backfill.jsonl,2026-06-10,2026-06-08,"TD Bank Group signs 10-year, 18,000-credit DAC offtake with Deep Sky",Canada,single event geography; entity not mapped,neutral,,not-dated,,no — evidence only; canonical capacity register controls totals,https://esgnews.com/td-bank-signs-10-year-deal-with-deep-sky-for-18000-direct-air-capture-credits/,,item-link
2026-06-10#05,uk-hynet-padeswood,matched,curated alias,daily_news,dashboard/data/facts-backfill.jsonl,2026-06-10,2026-06-04,GCCA × Global CCS Institute MoU to accelerate cement-sector CCS,United Kingdom,canonical physical project location,neutral,,not-dated,,no — evidence only; canonical capacity register controls totals,https://www.globalccsinstitute.com/,,item-link
2026-06-11#01,,unmatched,,daily_news,dashboard/data/facts-backfill.jsonl,2026-06-11,2026-06-10,"Air Liquide commissions first industrial-scale Cryocap FG cement pilot at Holcim's CaptureLab, France",France,single event geography; entity not mapped,positive,,not-dated,,no — evidence only; canonical capacity register controls totals,https://www.airliquide.com/group/press-releases-news/2026-06-10/air-liquide-starting-co2-capture-pilot-unit-dedicated-decarbonization-cement-industry,,item-link
2026-06-11#02,uk-morecambe,matched,curated alias,daily_news,dashboard/data/facts-backfill.jsonl,2026-06-11,2026-06-10,Morecambe Net Zero Peak Cluster CCS project enters Assess Phase under NSTA carbon storage licence,United Kingdom,canonical physical project location,neutral,,corporate/project milestone,3,no — evidence only; canonical capacity register controls totals,https://oceannews.com/news/energy/morecambe-net-zero-peak-cluster-ccs-project-reaches-milestone/,,item-link
2026-06-11#03,,unmatched,,daily_news,dashboard/data/facts-backfill.jsonl,2026-06-11,2026-06-10,Mitsubishi Electric and Finland's VTT reach milestone on electrochemical Direct Ocean Capture,,multi-country or global event; non-additive until adjudicated,neutral,,not-dated,,no — evidence only; canonical capacity register controls totals,https://carbonherald.com/mitsubishi-electric-and-vtt-reach-milestone-in-electrochemical-doc-project/,,item-link
2026-06-11#04,,unmatched,,daily_news,dashboard/data/facts-backfill.jsonl,2026-06-11,2026-06-10,Ocean Visions launches first-of-its-kind digital roadmap for seaweed-based decarbonisation pathways,,multi-country or global event; non-additive until adjudicated,neutral,,not-dated,,no — evidence only; canonical capacity register controls totals,https://carbonherald.com/new-state-of-carbon-dioxide-removal-assessment-shares-key-insights-on-the-global-cdr-sector/,,item-link
2026-06-11#05,uk-hynet-padeswood,matched,curated alias,daily_news,dashboard/data/facts-backfill.jsonl,2026-06-11,2026-06-10,LTi Vessco secures £4.5m contract from Mitsubishi Heavy Industries for HyNet Padeswood CCS regenerator,United Kingdom,canonical physical project location,neutral,,not-dated,0.8,no — evidence only; canonical capacity register controls totals,https://businessnewswales.com/lti-vessco-secures-4-5m-carbon-capture-vessel-contract-from-mitsubishi-heavy-industries/,,item-link
2026-06-12#01,,unmatched,,daily_news,dashboard/data/facts-backfill.jsonl,2026-06-12,2026-06-11,EU Council and Parliament reach provisional agreement to strengthen ETS2 market stability reserve,European Union,single event geography; entity not mapped,neutral,,government target,,no — evidence only; canonical capacity register controls totals,https://www.consilium.europa.eu/en/press/press-releases/2026/06/11/ets2-market-stability-reserve-council-and-parliament-reach-provisional-agreement/,,item-link
2026-06-12#02,,unmatched,,daily_news,dashboard/data/facts-backfill.jsonl,2026-06-12,2026-06-11,"Poland urges Brussels to dial back post-2030 EU ETS tightening, warning of 'artificial scarcity' risk to CCS investment",Poland,single event geography; entity not mapped,negative,,government target,,no — evidence only; canonical capacity register controls totals,https://carbon-pulse.com/520856/,,item-link
2026-06-12#03,,unmatched,,daily_news,dashboard/data/facts-backfill.jsonl,2026-06-12,2026-06-11,Commission urged to confirm permanent carbon removals will be brought into the EU ETS in July reform proposal,European Union,single event geography; entity not mapped,positive,,not-dated,,no — evidence only; canonical capacity register controls totals,https://carbon-pulse.com/520856/,,item-link
2026-06-12#04,dk-accsion,matched,curated alias,daily_news,dashboard/data/facts-backfill.jsonl,2026-06-12,2026-06-11,Danish MEP: poor communication on CCS has become a 'political problem',Denmark,canonical physical project location,negative,negative,not-dated,,no — evidence only; canonical capacity register controls totals,https://carbon-pulse.com/520856/,,item-link
2026-06-12#05,,unmatched,,daily_news,dashboard/data/facts-backfill.jsonl,2026-06-12,2026-06-10,"Air Liquide commissions Cryocap FG cement-capture pilot at Holcim's CaptureLab, France",France,single event geography; entity not mapped,positive,,not-dated,,no — evidence only; canonical capacity register controls totals,https://www.airliquide.com/group/press-releases-news/2026-06-10/air-liquide-starting-co2-capture-pilot-unit-dedicated-decarbonization-cement-industry,,item-link
2026-06-12#06,ca-pathways,matched,curated alias,daily_news,dashboard/data/facts-backfill.jsonl,2026-06-12,2026-06-10,Cenovus CEO calls Canada's Pathways CCS-plus-pipeline deal 'unfinanceable',Canada,canonical physical project location,neutral,,not-dated,,no — evidence only; canonical capacity register controls totals,https://www.miningweekly.com/article/cenovus-ceo-says-proposed-pipeline-to-canadas-west-coast-currently-unfinanceable-2026-06-10,,item-link
2026-06-12#07,uk-morecambe,matched,curated alias,daily_news,dashboard/data/facts-backfill.jsonl,2026-06-12,2026-06-09,Spirit Energy's MNZ Peak Cluster CCS enters NSTA 'Assess Phase' for Morecambe storage licence,United Kingdom,canonical physical project location,neutral,,not-dated,3,no — evidence only; canonical capacity register controls totals,https://worldoil.com/news/2026/6/9/major-uk-ccs-project-clears-milestone-toward-offshore-co2-storage/,,item-link
2026-06-15#01,uk-northern-endurance,matched,curated alias,daily_news,dashboard/data/facts-backfill.jsonl,2026-06-15,2026-06-12,"Progressive Energy, Mission Zero and Airhive launch UnionDAC — 60ktpa Teesside DAC",United Kingdom,canonical physical project location,positive,,corporate/project milestone,0.06,no — evidence only; canonical capacity register controls totals,https://www.qcintel.com/carbon/article/uk-dac-project-targets-60-000-tonnes-year-facility-by-2032-66711.html,,item-link
2026-06-15#02,,unmatched,,daily_news,dashboard/data/facts-backfill.jsonl,2026-06-15,2026-06-12,São Paulo state launches Brazil's first sugarcane-ethanol BECCS pilot,Brazil,single event geography; entity not mapped,neutral,,not-dated,,no — evidence only; canonical capacity register controls totals,https://carbon-pulse.com/521372/,,item-link
2026-06-15#03,,unmatched,,daily_news,dashboard/data/facts-backfill.jsonl,2026-06-15,2026-06-12,EU member states endorse extension of CBAM to ~180 downstream steel and aluminium goods from 2028,European Union,single event geography; entity not mapped,neutral,,government target,,no — evidence only; canonical capacity register controls totals,https://carbon-pulse.com/521735/,,item-link
2026-06-15#04,,unmatched,,daily_news,dashboard/data/facts-backfill.jsonl,2026-06-15,2026-06-12,UK confirms imminent 2026 UK ETS auction-calendar revision to absorb maritime inclusion from 1 July,United Kingdom,single event geography; entity not mapped,neutral,,legislated/regulatory mandate,,no — evidence only; canonical capacity register controls totals,https://carbon-pulse.com/521736/,,item-link
2026-06-15#05,,unmatched,,daily_news,dashboard/data/facts-backfill.jsonl,2026-06-15,2026-06-11,"Heirloom, TKMS and thyssenkrupp Calvion sign two MoUs to commercialise limestone-based DAC in Alberta",Canada,single event geography; entity not mapped,neutral,,not-dated,,no — evidence only; canonical capacity register controls totals,https://carbonherald.com/heirloom-tkms-and-thyssenkrupp-calvion-partner-on-large-scale-dac-in-canada/,,item-link
2026-06-15#06,,unmatched,,daily_news,dashboard/data/facts-backfill.jsonl,2026-06-15,2026-06-12,"Dutch government retires ~7,000 t of durable carbon-removal credits to offset official-flight emissions",Netherlands,single event geography; entity not mapped,positive,,not-dated,0.007,no — evidence only; canonical capacity register controls totals,https://carbon-pulse.com/521714/,,item-link
2026-06-15#07,,unmatched,,daily_news,dashboard/data/facts-backfill.jsonl,2026-06-15,2026-06-12,Singapore inks cooperation agreements with Verra and Gold Standard to expand verification role,Singapore,single event geography; entity not mapped,neutral,,not-dated,,no — evidence only; canonical capacity register controls totals,https://carbon-pulse.com/521478/,,item-link
2026-06-15#08,,unmatched,,daily_news,dashboard/data/facts-backfill.jsonl,2026-06-15,2026-06-12,CCS Energy Attribute Certificate (CCS EAC) Standard enters formal stakeholder window,United States,single event geography; entity not mapped,neutral,,not-dated,,no — evidence only; canonical capacity register controls totals,https://carbonherald.com/ccs-eac-standard-gains-attention-as-energy-markets-seek-better-carbon-capture-accounting/,,item-link
2026-06-15#09,,unmatched,,daily_news,dashboard/data/facts-backfill.jsonl,2026-06-15,2026-06-12,'Save Louisiana' community forum on data-centre-driven CCS pipeline build-out gains national pickup,United States,single event geography; entity not mapped,negative,negative,not-dated,,no — evidence only; canonical capacity register controls totals,https://www.aol.com/articles/save-louisiana-group-host-meeting-090825000.html,,item-link
2026-06-16#01,,unmatched,,daily_news,dashboard/data/facts-backfill.jsonl,2026-06-16,2026-06-15,E.ON awards Capsol BECCS feasibility study at Norrköping,Sweden,single event geography; entity not mapped,positive,,not-dated,0.5,no — evidence only; canonical capacity register controls totals,https://www.bioenergy-news.com/news/e-on-awards-capsol-carbon-capture-feasibility-study-at-norrkoping-biomass-facility/,,item-link
2026-06-16#02,,unmatched,,daily_news,dashboard/data/facts-backfill.jsonl,2026-06-16,2026-06-15,US CDR advocates and Indigenous non-profits launch Tribal-stewardship guides,United States,single event geography; entity not mapped,positive,,not-dated,,no — evidence only; canonical capacity register controls totals,https://carbon-pulse.com/520237/,,item-link
2026-06-16#03,,unmatched,,daily_news,dashboard/data/facts-backfill.jsonl,2026-06-16,2026-06-15,NoviqTech pivots to biochar CDR via Coralia acquisition,Australia,single event geography; entity not mapped,neutral,,not-dated,,no — evidence only; canonical capacity register controls totals,https://carbonherald.com/noviqtech-to-divests-tech-assets-as-it-shifts-toward-cdr/,,item-link
2026-06-16#04,,unmatched,,daily_news,dashboard/data/facts-backfill.jsonl,2026-06-16,2026-06-15,Isometric and Howden launch CORSIA insurance RFP for carbon-removal credits,,multi-country or global event; non-additive until adjudicated,neutral,,not-dated,,no — evidence only; canonical capacity register controls totals,https://carbonherald.com/isometric-launches-corsia-insurance-rfp-with-howden/,,item-link
2026-06-16#05,,unmatched,,daily_news,dashboard/data/facts-backfill.jsonl,2026-06-16,2026-06-11,"Heirloom, TKMS and thyssenkrupp Calvion sign MoUs to commercialise large-scale DAC in Alberta",Canada,single event geography; entity not mapped,neutral,,not-dated,,no — evidence only; canonical capacity register controls totals,https://carbonherald.com/heirloom-tkms-and-thyssenkrupp-calvion-partner-on-large-scale-dac-in-canada/,,item-link
2026-06-16#06,,unmatched,,daily_news,dashboard/data/facts-backfill.jsonl,2026-06-16,2026-06-12,"Gasunie, EBN, Eni, OGE, Shell and TotalEnergies sign MoU on Delta Rhine Corridor cross-border CO₂ network",,multi-country or global event; non-additive until adjudicated,neutral,,corporate/project milestone,,no — evidence only; canonical capacity register controls totals,https://carbonherald.com/gasunie-and-partners-advance-plans-for-cross-border-co2-network/,,item-link
2026-06-16#07,dk-accsion,matched,curated alias,daily_news,dashboard/data/facts-backfill.jsonl,2026-06-16,2026-06-09,Denmark awards Aalborg Portland up to DKK 16.5 billion (~€2.2bn) in CCS state aid for ACCSION project,Denmark,canonical physical project location,positive,,corporate/project milestone,1.25,no — evidence only; canonical capacity register controls totals,https://ens.dk/en/press/first-tender-ccus-subsidy-scheme-has-been-finalized-danish-energy-agency-awards-contract,,item-link
2026-06-17#01,au-moomba-ccs,matched,curated alias,daily_news,dashboard/data/facts-backfill.jsonl,2026-06-17,2026-06-16,Inside Moomba CCS: a first field report (Wood Mackenzie),Australia,canonical physical project location,neutral,,not-dated,,no — evidence only; canonical capacity register controls totals,https://www.woodmac.com/reports/energy-markets-inside-moomba-ccs-a-first-field-report-150479259,,item-link
2026-06-17#02,my-kasawari,matched,curated alias,daily_news,dashboard/data/facts-backfill.jsonl,2026-06-17,2026-06-16,Full steam ahead at Malaysian offshore CCS project,Malaysia,canonical physical project location,positive,,corporate/project milestone,3.3,no — evidence only; canonical capacity register controls totals,https://www.upstreamonline.com/carbon-capture/full-steam-ahead-at-malaysian-offshore-ccs-project/2-1-2003884,,item-link
2026-06-17#03,,unmatched,,daily_news,dashboard/data/facts-backfill.jsonl,2026-06-17,2026-06-16,UP Catalyst unveils Finland graphite production plans using captured CO₂,Finland,single event geography; entity not mapped,neutral,,not-dated,,no — evidence only; canonical capacity register controls totals,https://www.gasworld.com/story/up-catalyst-unveils-finland-graphite-production-plans/2252216.article/,,item-link
2026-06-17#04,,unmatched,,daily_news,dashboard/data/facts-backfill.jsonl,2026-06-17,2026-06-16,"Europe needs a 65-ship CO₂ carrier fleet and 33 ports by 2050, Xodus study finds",,multi-country or global event; non-additive until adjudicated,neutral,,corporate/project milestone,320,no — evidence only; canonical capacity register controls totals,https://www.marinelink.com/news/europe-needs-ship-co-fleet-support-ccs-540349,,item-link
2026-06-17#05,us-stratos,matched,curated alias,daily_news,dashboard/data/facts-backfill.jsonl,2026-06-17,2026-06-16,Why Occidental's STRATOS DAC hub matters for US energy,United States,canonical physical project location,neutral,,not-dated,0.5,no — evidence only; canonical capacity register controls totals,https://www.ad-hoc-news.de/boerse/news/ueberblick/carbon-capture-bet-why-occidental-petroleum-s-stratos-hub-matters-for/69543687,,item-link
2026-06-19#01,au-myrtle,matched,curated alias,daily_news,dashboard/data/facts-backfill.jsonl,2026-06-19,2026-06-18,Australia opens the world's first commercial carbon refinery on Kooragang Island,Australia,canonical physical project location,positive,,not-dated,0.0025,no — evidence only; canonical capacity register controls totals,https://www.miningweekly.com/article/australia-opens-first-carbon-refinery-making-new-products-from-captured-carbon-dioxide-2026-06-18,,item-link
2026-06-19#02,,unmatched,,daily_news,dashboard/data/facts-backfill.jsonl,2026-06-19,2026-06-18,JERA charters MOL and NYK ammonia carriers to ship CCS-enabled fuel from Louisiana to Japan,,multi-country or global event; non-additive until adjudicated,neutral,,commercial deadline,2.3,no — evidence only; canonical capacity register controls totals,https://splash247.com/mol-and-nyk-seal-ammonia-carrier-charters-with-jera/,,item-link
2026-06-19#03,,unmatched,,daily_news,dashboard/data/facts-backfill.jsonl,2026-06-19,2026-06-17,Belgium and UK sign first London Protocol arrangement for cross-border CO₂ storage,,multi-country or global event; non-additive until adjudicated,neutral,,not-dated,,no — evidence only; canonical capacity register controls totals,https://carbonherald.com/belgium-and-uk-sign-agreement-to-enable-cross-border-co2-storage/,,item-link
2026-06-19#04,,unmatched,,daily_news,dashboard/data/facts-backfill.jsonl,2026-06-19,2026-06-17,"Frontier coalition doubles to US$1.8 bn after Anthropic, Google, Stripe top up carbon-removal AMC",United States,single event geography; entity not mapped,neutral,,not-dated,,no — evidence only; canonical capacity register controls totals,https://techcrunch.com/2026/06/17/anthropic-becomes-first-ai-startup-to-join-the-frontier-carbon-removal-coalition/,,item-link
2026-06-19#05,uk-morecambe,matched,curated alias,daily_news,dashboard/data/facts-backfill.jsonl,2026-06-19,2026-06-09,Spirit Energy's Morecambe Net Zero CCS enters NSTA Assess Phase,United Kingdom,canonical physical project location,positive,,corporate/project milestone,,no — evidence only; canonical capacity register controls totals,https://worldoil.com/news/2026/6/9/major-uk-ccs-project-clears-milestone-toward-offshore-co2-storage/,,item-link
2026-06-22#01,,unmatched,,daily_news,dashboard/data/facts-backfill.jsonl,2026-06-22,2026-06-19,Bonn climate talks close in 'gridlock'; CCS/CDR sidelined despite IPCC role,,multi-country or global event; non-additive until adjudicated,neutral,,not-dated,,no — evidence only; canonical capacity register controls totals,https://www.carbonbrief.org/debriefed-19-june-2026-bonn-talks-end-in-gridlock-energys-new-era-oceans-in-climate-negotiations/,,item-link
2026-06-22#02,,unmatched,,daily_news,dashboard/data/facts-backfill.jsonl,2026-06-22,2026-06-19,Saline-aquifer CCS proposed as US data-centre decarbonisation pathway,United States,single event geography; entity not mapped,neutral,,corporate/project milestone,,no — evidence only; canonical capacity register controls totals,https://www.miragenews.com/underground-carbon-capture-may-curb-data-center-1695256/,,item-link
2026-06-22#03,,unmatched,,daily_news,dashboard/data/facts-backfill.jsonl,2026-06-22,2026-06-19,"Climeworks Solutions signs 14 CDR portfolio deals totalling ~450,000 t in H1 2026",Switzerland,single event geography; entity not mapped,neutral,,not-dated,0.45,no — evidence only; canonical capacity register controls totals,https://climeworks.com/press-release/climeworks-solutions-announces-strong-growth-with-14-new-partnerships,,item-link
2026-06-22#04,,unmatched,,daily_news,dashboard/data/facts-backfill.jsonl,2026-06-22,2026-06-19,IEEFA briefing: 'Why carbon capture and storage is not the solution',,multi-country or global event; non-additive until adjudicated,neutral,negative,not-dated,,no — evidence only; canonical capacity register controls totals,https://ieefa.org/resources/why-carbon-capture-and-storage-not-solution,,item-link
2026-06-22#05,,unmatched,,daily_news,dashboard/data/facts-backfill.jsonl,2026-06-22,2026-06-18,Burckhardt Compression wins compressor order for Northern Lights' first industrial-scale LCO₂ carrier,Norway,single event geography; entity not mapped,neutral,,not-dated,,no — evidence only; canonical capacity register controls totals,https://www.globenewswire.com/news-release/2026/06/18/3313954/0/en/Burckhardt-Compression-secures-milestone-order-for-first-industrial-scale-Liquefied-CO-carrier-supporting-Northern-Lights-CCS-project.html,,item-link
2026-06-22#06,my-kasawari,matched,curated alias,daily_news,dashboard/data/facts-backfill.jsonl,2026-06-22,2026-06-15,Petronas advances Duyong offshore Peninsular Malaysia CCS site survey,Malaysia,canonical physical project location,neutral,,not-dated,,no — evidence only; canonical capacity register controls totals,https://www.upstreamonline.com/carbon-capture/full-steam-ahead-at-malaysian-offshore-ccs-project/2-1-2003884,,item-link
2026-06-22#07,,unmatched,,daily_news,dashboard/data/facts-backfill.jsonl,2026-06-22,2026-06-16,Equinor Capital Markets Day reaffirms slower-than-expected CCS commitments,Norway,single event geography; entity not mapped,neutral,,not-dated,,no — evidence only; canonical capacity register controls totals,https://www.equinor.com/news/20260616-equinor-capital-markets-day-2026,,item-link
2026-06-23#01,,unmatched,,daily_news,dashboard/data/facts-backfill.jsonl,2026-06-23,2026-06-22,EU leaders' draft summit conclusions: extra free ETS allowances for heavy industry from January 2026,European Union,single event geography; entity not mapped,neutral,,government target,,no — evidence only; canonical capacity register controls totals,https://esgnews.com/eu-plans-extra-free-co2-permits-for-heavy-industry-as-competitiveness-pressure-builds/,,item-link
2026-06-23#02,,unmatched,,daily_news,dashboard/data/facts-backfill.jsonl,2026-06-23,2026-06-22,Chevron–Microsoft 'Project Kilby' 2.67 GW Permian gas PPA lands without CCS,United States,single event geography; entity not mapped,positive,,commercial deadline,,no — evidence only; canonical capacity register controls totals,https://www.chevron.com/newsroom/2026/q2/chevron-signs-20-year-power-agreement-with-microsoft-for-west-texas-data-center,,item-link
2026-06-24#01,uk-drax-beccs,matched,curated alias,daily_news,dashboard/data/facts-backfill.jsonl,2026-06-24,2026-06-24,UK Environment Agency consultation on Drax BECCS permit variation closes today,United Kingdom,canonical physical project location,positive,,not-dated,,no — evidence only; canonical capacity register controls totals,https://www.gov.uk/government/news/consultation-opens-on-drax-power-permit-draft-decision,,item-link
2026-06-24#02,,unmatched,,daily_news,dashboard/data/facts-backfill.jsonl,2026-06-24,2026-06-23,EU Horizon Europe TITAN project validates biogas-to-hydrogen pathway with solid-carbon co-product,European Union,single event geography; entity not mapped,neutral,,not-dated,,no — evidence only; canonical capacity register controls totals,https://www.europeanbiogas.eu/eu-funded-project-validates-technology-converting-biogas-into-hydrogen-and-solid-carbon-while-supporting-carbon-storage/,,item-link
2026-06-24#03,,unmatched,,daily_news,dashboard/data/facts-backfill.jsonl,2026-06-24,2026-06-23,Gevo formalises BECCS-anchored carbon-removal business with new credits platform,United States,single event geography; entity not mapped,neutral,,not-dated,,no — evidence only; canonical capacity register controls totals,https://www.manilatimes.net/2026/06/23/tmt-newswire/globenewswire/gevo-announces-expansion-of-carbon-business-launch-of-new-digital-platform-to-accelerate-market-access/2371018,,item-link
2026-06-25#01,,unmatched,,daily_news,dashboard/data/facts-backfill.jsonl,2026-06-25,2026-06-24,Federal Environment Minister makes administrative determination on Browse CCS,Australia,single event geography; entity not mapped,positive,,not-dated,,no — evidence only; canonical capacity register controls totals,https://carbon-pulse.com/525296/,,item-link
2026-06-25#02,,unmatched,,daily_news,dashboard/data/facts-backfill.jsonl,2026-06-25,2026-06-24,State of Carbon Dioxide Removal — 3rd Edition published at London Climate Action Week,,multi-country or global event; non-additive until adjudicated,neutral,,corporate/project milestone,18.1,no — evidence only; canonical capacity register controls totals,https://www.stateofcdr.org/asset/State-of-Carbon-Dioxide-Removal-Edition-3_June-2026.pdf,,item-link
2026-06-25#03,,unmatched,,daily_news,dashboard/data/facts-backfill.jsonl,2026-06-25,2026-06-24,'Permanence Trust' mechanism for carbon-removal reversal risk unveiled at London Climate Action Week,,multi-country or global event; non-additive until adjudicated,negative,,not-dated,,no — evidence only; canonical capacity register controls totals,https://carbon-pulse.com/,,item-link
2026-06-25#04,,unmatched,,daily_news,dashboard/data/facts-backfill.jsonl,2026-06-25,2026-06-16,UK and Belgium sign first London Protocol Article 6 arrangement for cross-border CO₂ storage,,multi-country or global event; non-additive until adjudicated,neutral,,not-dated,,no — evidence only; canonical capacity register controls totals,https://carbonherald.com/,,item-link
2026-06-25#05,au-myrtle,matched,curated alias,daily_news,dashboard/data/facts-backfill.jsonl,2026-06-25,2026-06-22,Australia opens first commercial carbon refinery at Kooragang Island,Australia,canonical physical project location,positive,,not-dated,0.0025,no — evidence only; canonical capacity register controls totals,https://www.reuters.com/,,item-link
2026-06-25#06,,unmatched,,daily_news,dashboard/data/facts-backfill.jsonl,2026-06-25,2026-06-19,"Climeworks Solutions: 14 new CDR portfolio partnerships totalling ~450,000 t in H1 2026",,multi-country or global event; non-additive until adjudicated,neutral,,not-dated,0.45,no — evidence only; canonical capacity register controls totals,https://climeworks.com/,,item-link
2026-06-26#01,,unmatched,,daily_news,dashboard/data/facts-backfill.jsonl,2026-06-26,2026-06-25,Summit Carbon Solutions $15 million pipe-supply lawsuit proceeds toward Delaware trial,United States,single event geography; entity not mapped,negative,,not-dated,,no — evidence only; canonical capacity register controls totals,https://carbonherald.com/summit-carbon-solutions-faces-15m-lawsuit-as-pipeline-delays-continue/,,item-link
2026-06-26#02,,unmatched,,daily_news,dashboard/data/facts-backfill.jsonl,2026-06-26,2026-06-25,Canada backs ASEAN carbon capture push with C$1.38 million through ASEAN-Canada Trust Fund,,multi-country or global event; non-additive until adjudicated,neutral,,corporate/project milestone,,no — evidence only; canonical capacity register controls totals,https://carbonherald.com/canada-backs-asean-carbon-capture-push-with-c1-38m/,,item-link
2026-06-26#03,,unmatched,,daily_news,dashboard/data/facts-backfill.jsonl,2026-06-26,2026-06-25,Aircapture wins Tencent CarbonX 2.0 award for microwave-driven DAC; 100 t/yr Kenya pilot mandated,,multi-country or global event; non-additive until adjudicated,positive,,not-dated,0.0001,no — evidence only; canonical capacity register controls totals,https://www.prnewswire.com/news-releases/aircaptures-patented-microwave-direct-air-capture-technology-wins-tencent-carbonx-2-0-award-302809973.html,,item-link
2026-06-26#04,,unmatched,,daily_news,dashboard/data/facts-backfill.jsonl,2026-06-26,2026-06-25,Sumitomo Mitsui Banking takes equity stake in Deep Sky — first CDR/DAC equity investment by SMBC,,multi-country or global event; non-additive until adjudicated,neutral,,not-dated,,no — evidence only; canonical capacity register controls totals,https://carbonherald.com/deep-sky-and-sumitomo-mitsui-banking-corporation-to-advance-dac-and-cdr-in-japan/,,item-link
2026-06-26#05,,unmatched,,daily_news,dashboard/data/facts-backfill.jsonl,2026-06-26,2026-06-25,"Tencent's CarbonX 2.0 announces 16 winners sharing ~US$30 million across CDR, CCUS-for-steel, CCU, LDES",China,single event geography; entity not mapped,neutral,,not-dated,,no — evidence only; canonical capacity register controls totals,https://carbonherald.com/16-winners-will-share-the-nearly-30m-award-from-tencents-carbonx-2-0-program/,,item-link
2026-06-26#06,,unmatched,,daily_news,dashboard/data/facts-backfill.jsonl,2026-06-26,2026-06-25,ProPublica / Drilled long-form investigation: 'Why carbon capture can't conceivably solve climate change',United States,single event geography; entity not mapped,neutral,negative,not-dated,,no — evidence only; canonical capacity register controls totals,https://projects.propublica.org/why-carbon-capture-cant-solve-climate-change/,,item-link
2026-06-26#07,,unmatched,,daily_news,dashboard/data/facts-backfill.jsonl,2026-06-26,2026-06-25,Launch Base Africa: 'Kenya's carbon-capture startups land a share of Tencent's $30M climate fund',Kenya,single event geography; entity not mapped,neutral,positive,not-dated,,no — evidence only; canonical capacity register controls totals,https://launchbaseafrica.com/2026/06/25/kenyas-carbon-capture-startups-land-a-share-of-tencents-30m-climate-fund/,,item-link
2026-06-29#01,,unmatched,,daily_news,dashboard/data/facts-backfill.jsonl,2026-06-29,2026-06-26,Helms Geomarine secures multi-year Petronas CCS Solutions contract for offshore soil investigation across Malaysian CCS hubs,Malaysia,single event geography; entity not mapped,positive,,not-dated,,no — evidence only; canonical capacity register controls totals,https://www.offshore-energy.biz/local-company-to-carry-out-soil-investigations-for-malaysian-ccs-developments/,,item-link
2026-06-29#02,,unmatched,,daily_news,dashboard/data/facts-backfill.jsonl,2026-06-29,2026-06-26,Flanders unveils €2 billion industrial decarbonisation package with €1.2 billion earmarked for CCS,Belgium,single event geography; entity not mapped,neutral,,corporate/project milestone,,no — evidence only; canonical capacity register controls totals,https://carbonherald.com/flanders-to-invest-e2b-in-carbon-capture-and-industrial-decarbonization/,,item-link
2026-06-29#03,,unmatched,,daily_news,dashboard/data/facts-backfill.jsonl,2026-06-29,2026-06-26,CCSA launches European CCUS National Associations Forum with nine founding country bodies,,multi-country or global event; non-additive until adjudicated,neutral,,not-dated,,no — evidence only; canonical capacity register controls totals,https://carbonherald.com/nine-countries-join-ccsa-to-coordinate-ccus-policies-in-europe/,,item-link
2026-06-29#04,,unmatched,,daily_news,dashboard/data/facts-backfill.jsonl,2026-06-29,2026-06-26,EU CRCF Buyers' Club platform goes live; targets initial permanent-removals purchases by December 2026,European Union,single event geography; entity not mapped,positive,,corporate/project milestone,,no — evidence only; canonical capacity register controls totals,https://carbonherald.com/the-official-eu-crcf-buyers-club-website-is-now-live/,,item-link
2026-06-29#05,,unmatched,,daily_news,dashboard/data/facts-backfill.jsonl,2026-06-29,2026-06-26,SolarDuck and MARIN secure €3.2 million RVO grant for offshore floating power hub designed to serve CCS subsea infrastructure,Netherlands,single event geography; entity not mapped,neutral,,not-dated,,no — evidence only; canonical capacity register controls totals,https://www.offshore-energy.biz/dutch-floating-power-hub-for-remote-subsea-assets-secures-e3-2m-govt-push/,,item-link
2026-06-29#06,,unmatched,,daily_news,dashboard/data/facts-backfill.jsonl,2026-06-29,2026-06-26,"Captura closes US$12.5 million Series B led by Equinor Ventures with Aramco Ventures, Eni Next, JAL Innovation Fund and Hitachi Ventures co-investing",United States,single event geography; entity not mapped,neutral,,not-dated,,no — evidence only; canonical capacity register controls totals,https://carbonherald.com/captura-secures-new-12-5m-to-grow-the-us-production-of-its-bipolar-membrane-electrodialysis-tech/,,item-link
2026-06-29#07,,unmatched,,daily_news,dashboard/data/facts-backfill.jsonl,2026-06-29,2026-06-26,Paris court orders TotalEnergies to extend climate-vigilance plan to Scope 3 emissions within six months,France,single event geography; entity not mapped,positive,negative,not-dated,,no — evidence only; canonical capacity register controls totals,https://www.euronews.com/2026/06/26/paris-court-rules-totalenergies-must-account-for-indirect-emissions-and-tighten-climate-po,,item-link
2026-06-30#01,,unmatched,,daily_news,dashboard/data/facts-backfill.jsonl,2026-06-30,2026-06-29,Deep Sky delivers North America's first certified DAC carbon-removal credits,Canada,single event geography; entity not mapped,positive,,commercial deadline,0.003,no — evidence only; canonical capacity register controls totals,https://www.theglobeandmail.com/business/article-deep-sky-first-direct-air-capture-carbon-credits-rbc-microsoft/,,item-link
2026-06-30#02,ca-varme-heartland,matched,curated alias,daily_news,dashboard/data/facts-backfill.jsonl,2026-06-30,2026-06-29,Alberta-Ottawa industrial carbon price reset to $140/t puts Canadian CCS pipeline at risk,Canada,canonical physical project location,negative,,government target,1.6,no — evidence only; canonical capacity register controls totals,https://www.cbc.ca/news/canada/calgary/bakx-varme-edmonton-smith-carney-carbon-tax-tier-9.7247705,,item-link
2026-06-30#03,,unmatched,,daily_news,dashboard/data/facts-backfill.jsonl,2026-06-30,2026-06-29,UK Track-1 CCUS projects must move into construction to unlock Track-2 capital — webinar panel,United Kingdom,single event geography; entity not mapped,negative,,not-dated,,no — evidence only; canonical capacity register controls totals,https://carbon-pulse.com/,,item-link
2026-06-30#04,,unmatched,,daily_news,dashboard/data/facts-backfill.jsonl,2026-06-30,2026-06-29,EU Commission preparing legislation to bring carbon removals into the ETS — accounting choices flagged as policy headache,European Union,single event geography; entity not mapped,negative,,government target,,no — evidence only; canonical capacity register controls totals,https://carbon-pulse.com/,,item-link
2026-06-30#05,,unmatched,,daily_news,dashboard/data/facts-backfill.jsonl,2026-06-30,2026-06-29,Microsoft and RBC anchor first long-term CDR deliveries in North America,Canada,single event geography; entity not mapped,neutral,,not-dated,,no — evidence only; canonical capacity register controls totals,https://sustainablebiz.ca/deep-sky-first-major-sale-carbon-removal-credits-rbc-microsoft,,item-link
2026-06-30#06,,unmatched,,daily_news,dashboard/data/facts-backfill.jsonl,2026-06-30,2026-06-26,Nine national CCUS associations form European CCUS National Associations Forum,,multi-country or global event; non-additive until adjudicated,neutral,,not-dated,,no — evidence only; canonical capacity register controls totals,https://carbonherald.com/nine-countries-join-ccsa-to-coordinate-ccus-policies-in-europe/,,item-link
2026-06-30#07,,unmatched,,daily_news,dashboard/data/facts-backfill.jsonl,2026-06-30,2026-06-26,Helms Geomarine wins multi-year Petronas CCS Solutions offshore geotechnical contract,Malaysia,single event geography; entity not mapped,neutral,,not-dated,,no — evidence only; canonical capacity register controls totals,https://www.offshore-energy.biz/local-company-to-carry-out-soil-investigations-for-malaysian-ccs-developments/,,item-link
2026-06-30#08,,unmatched,,daily_news,dashboard/data/facts-backfill.jsonl,2026-06-30,2026-06-25,ProPublica / Drilled investigation: 'Why Carbon Capture Can't Conceivably Solve Climate Change',United States,single event geography; entity not mapped,neutral,negative,not-dated,,no — evidence only; canonical capacity register controls totals,https://projects.propublica.org/why-carbon-capture-cant-solve-climate-change/,,item-link
2026-Q2#01,,unmatched,,periodic_report,dashboard/data/quarterly/2026-Q2.jsonl,2026-06-30,,Microsoft signs major BECCS carbon removal deal with Svante,Canada,single event geography; entity not mapped,neutral,,not-dated,0.09,no — evidence only; canonical capacity register controls totals,,https://www.globalccsinstitute.com/resources/publications-reports-research/,report-level provenance
2026-Q2#02,,unmatched,,periodic_report,dashboard/data/quarterly/2026-Q2.jsonl,2026-06-30,,Twelve begins operations at AirPlant One,United States,single event geography; entity not mapped,neutral,,not-dated,,no — evidence only; canonical capacity register controls totals,,https://www.globalccsinstitute.com/resources/publications-reports-research/,report-level provenance
2026-Q2#03,,unmatched,,periodic_report,dashboard/data/quarterly/2026-Q2.jsonl,2026-06-30,,"ExxonMobil does not renew 163 federal offshore leases in the Gulf of Mexico, widely considered to be used for CCS",United States,single event geography; entity not mapped,negative,,corporate/project milestone,30,no — evidence only; canonical capacity register controls totals,,https://www.globalccsinstitute.com/resources/publications-reports-research/,report-level provenance
2026-Q2#05,,unmatched,,periodic_report,dashboard/data/quarterly/2026-Q2.jsonl,2026-06-30,,Marquis Carbon Injection receives final Class VI permit,United States,single event geography; entity not mapped,positive,,not-dated,,no — evidence only; canonical capacity register controls totals,,https://www.globalccsinstitute.com/resources/publications-reports-research/,report-level provenance
2026-Q2#06,,unmatched,,periodic_report,dashboard/data/quarterly/2026-Q2.jsonl,2026-06-30,,One Carbon Partnership receives final Class VI permit,United States,single event geography; entity not mapped,positive,,not-dated,,no — evidence only; canonical capacity register controls totals,,https://www.globalccsinstitute.com/resources/publications-reports-research/,report-level provenance
2026-Q2#07,,unmatched,,periodic_report,dashboard/data/quarterly/2026-Q2.jsonl,2026-06-30,,PureField Carbon Capture receives final Class VI permit,United States,single event geography; entity not mapped,positive,,not-dated,,no — evidence only; canonical capacity register controls totals,,https://www.globalccsinstitute.com/resources/publications-reports-research/,report-level provenance
2026-Q2#08,,unmatched,,periodic_report,dashboard/data/quarterly/2026-Q2.jsonl,2026-06-30,,River Parish Sequestration receives final Class VI permit,United States,single event geography; entity not mapped,positive,,not-dated,,no — evidence only; canonical capacity register controls totals,,https://www.globalccsinstitute.com/resources/publications-reports-research/,report-level provenance
2026-Q2#09,,unmatched,,periodic_report,dashboard/data/quarterly/2026-Q2.jsonl,2026-06-30,,TerraSpark Energy Campus wins $18.5M DOE grant for West Virginia power and carbon capture project,United States,single event geography; entity not mapped,positive,,not-dated,,no — evidence only; canonical capacity register controls totals,,https://www.globalccsinstitute.com/resources/publications-reports-research/,report-level provenance
2026-Q2#100,,unmatched,,periodic_report,dashboard/data/quarterly/2026-Q2.jsonl,2026-06-30,,Ohio establishes comprehensive CCS regulatory framework,United States,single event geography; entity not mapped,positive,,not-dated,,no — evidence only; canonical capacity register controls totals,,https://www.globalccsinstitute.com/resources/publications-reports-research/,report-level provenance
2026-Q2#101,,unmatched,,periodic_report,dashboard/data/quarterly/2026-Q2.jsonl,2026-06-30,,Alaska's application for Class VI primacy advances through EPA,United States,single event geography; entity not mapped,positive,,not-dated,,no — evidence only; canonical capacity register controls totals,,https://www.globalccsinstitute.com/resources/publications-reports-research/,report-level provenance
2026-Q2#102,,unmatched,,periodic_report,dashboard/data/quarterly/2026-Q2.jsonl,2026-06-30,,California expands industrial incentives through cap-and-invest reforms,United States,single event geography; entity not mapped,positive,,not-dated,,no — evidence only; canonical capacity register controls totals,,https://www.globalccsinstitute.com/resources/publications-reports-research/,report-level provenance
2026-Q2#103,,unmatched,,periodic_report,dashboard/data/quarterly/2026-Q2.jsonl,2026-06-30,,Colorado and Wyoming sign interstate CO2 storage MoU,United States,single event geography; entity not mapped,positive,,not-dated,,no — evidence only; canonical capacity register controls totals,,https://www.globalccsinstitute.com/resources/publications-reports-research/,report-level provenance
2026-Q2#104,,unmatched,,periodic_report,dashboard/data/quarterly/2026-Q2.jsonl,2026-06-30,,"California, Washington, and Quebec sign agreement to link North American carbon markets",,multi-country or global event; non-additive until adjudicated,neutral,,government target,,no — evidence only; canonical capacity register controls totals,,https://www.globalccsinstitute.com/resources/publications-reports-research/,report-level provenance
2026-Q2#105,ca-pathways,matched,curated alias,periodic_report,dashboard/data/quarterly/2026-Q2.jsonl,2026-06-30,,Governments of Canada and Alberta advance Federal Implementation Agreement,Canada,canonical physical project location,neutral,,government target,,no — evidence only; canonical capacity register controls totals,,https://www.globalccsinstitute.com/resources/publications-reports-research/,report-level provenance
2026-Q2#106,,unmatched,,periodic_report,dashboard/data/quarterly/2026-Q2.jsonl,2026-06-30,,Canada expands CCUS Investment Tax Credit to include Enhanced Oil Recovery,Canada,single event geography; entity not mapped,neutral,,not-dated,,no — evidence only; canonical capacity register controls totals,,https://www.globalccsinstitute.com/resources/publications-reports-research/,report-level provenance
2026-Q2#107,,unmatched,,periodic_report,dashboard/data/quarterly/2026-Q2.jsonl,2026-06-30,,Colombia enables oil wells to support carbon storage,Colombia,single event geography; entity not mapped,neutral,,not-dated,,no — evidence only; canonical capacity register controls totals,,https://www.globalccsinstitute.com/resources/publications-reports-research/,report-level provenance
2026-Q2#108,,unmatched,,periodic_report,dashboard/data/quarterly/2026-Q2.jsonl,2026-06-30,,Brazil updates national CCUS potential assessment,Brazil,single event geography; entity not mapped,neutral,,not-dated,,no — evidence only; canonical capacity register controls totals,,https://www.globalccsinstitute.com/resources/publications-reports-research/,report-level provenance
2026-Q2#109,,unmatched,,periodic_report,dashboard/data/quarterly/2026-Q2.jsonl,2026-06-30,2026-04-30,"CEF Energy launches €600 million call for energy infrastructure projects, including cross-border CO2 transport and storage projects",European Union,single event geography; entity not mapped,neutral,,not-dated,,no — evidence only; canonical capacity register controls totals,,https://www.globalccsinstitute.com/resources/publications-reports-research/,report-level provenance
2026-Q2#111,,unmatched,,periodic_report,dashboard/data/quarterly/2026-Q2.jsonl,2026-06-30,2026-06-25,New round of applications opens for CO2 infrastructure projects seeking Project of Common Interest (PCI) or Project of Mutual Interest (PMI) status,European Union,single event geography; entity not mapped,positive,,not-dated,,no — evidence only; canonical capacity register controls totals,,https://www.globalccsinstitute.com/resources/publications-reports-research/,report-level provenance
2026-Q2#112,,unmatched,,periodic_report,dashboard/data/quarterly/2026-Q2.jsonl,2026-06-30,,Funding applications now open under the CO2 Differenzvertraege scheme,Germany,single event geography; entity not mapped,positive,,not-dated,,no — evidence only; canonical capacity register controls totals,,https://www.globalccsinstitute.com/resources/publications-reports-research/,report-level provenance
2026-Q2#113,,unmatched,,periodic_report,dashboard/data/quarterly/2026-Q2.jsonl,2026-06-30,2026-06-04,French Government relaunches two flagship measures to decarbonise industry,France,single event geography; entity not mapped,neutral,,corporate/project milestone,,no — evidence only; canonical capacity register controls totals,,https://www.globalccsinstitute.com/resources/publications-reports-research/,report-level provenance
2026-Q2#114,,unmatched,,periodic_report,dashboard/data/quarterly/2026-Q2.jsonl,2026-06-30,,Ministry of Economic Affairs and Employment receive 8 applications for investment aid,Finland,single event geography; entity not mapped,neutral,,not-dated,,no — evidence only; canonical capacity register controls totals,,https://www.globalccsinstitute.com/resources/publications-reports-research/,report-level provenance
2026-Q2#115,,unmatched,,periodic_report,dashboard/data/quarterly/2026-Q2.jsonl,2026-06-30,,Enova issues consultation on proposed facility and criteria for a competitive support scheme for CCS,Norway,single event geography; entity not mapped,neutral,,not-dated,,no — evidence only; canonical capacity register controls totals,,https://www.globalccsinstitute.com/resources/publications-reports-research/,report-level provenance
2026-Q2#117,,unmatched,,periodic_report,dashboard/data/quarterly/2026-Q2.jsonl,2026-06-30,,Non-pipeline transport (NPT) pathfinder selection process opens for projects looking to connect to the East Coast Cluster,United Kingdom,single event geography; entity not mapped,positive,,corporate/project milestone,,no — evidence only; canonical capacity register controls totals,,https://www.globalccsinstitute.com/resources/publications-reports-research/,report-level provenance
2026-Q2#118,,unmatched,,periodic_report,dashboard/data/quarterly/2026-Q2.jsonl,2026-06-30,2026-04-06,Amendments to safety regulations for CCUS operations and pipelines come into effect,United Kingdom,single event geography; entity not mapped,neutral,,not-dated,,no — evidence only; canonical capacity register controls totals,,https://www.globalccsinstitute.com/resources/publications-reports-research/,report-level provenance
2026-Q2#12,,unmatched,,periodic_report,dashboard/data/quarterly/2026-Q2.jsonl,2026-06-30,,ExxonMobil announces new Sunflower Carbon Storage Project,United States,single event geography; entity not mapped,positive,,corporate/project milestone,,no — evidence only; canonical capacity register controls totals,,https://www.globalccsinstitute.com/resources/publications-reports-research/,report-level provenance
2026-Q2#120,,unmatched,,periodic_report,dashboard/data/quarterly/2026-Q2.jsonl,2026-06-30,,Nigeria Energy Transition Plan reinforces role of CCUS,Nigeria,single event geography; entity not mapped,neutral,,not-dated,,no — evidence only; canonical capacity register controls totals,,https://www.globalccsinstitute.com/resources/publications-reports-research/,report-level provenance
2026-Q2#121,,unmatched,,periodic_report,dashboard/data/quarterly/2026-Q2.jsonl,2026-06-30,,Nigeria launches carbon capture platform,Nigeria,single event geography; entity not mapped,neutral,,not-dated,,no — evidence only; canonical capacity register controls totals,,https://www.globalccsinstitute.com/resources/publications-reports-research/,report-level provenance
2026-Q2#122,,unmatched,,periodic_report,dashboard/data/quarterly/2026-Q2.jsonl,2026-06-30,,Cement sector roadmap incorporates carbon capture and utilisation,Morocco,single event geography; entity not mapped,neutral,,government target,,no — evidence only; canonical capacity register controls totals,,https://www.globalccsinstitute.com/resources/publications-reports-research/,report-level provenance
2026-Q2#123,,unmatched,,periodic_report,dashboard/data/quarterly/2026-Q2.jsonl,2026-06-30,2026-06-03,Mozambique revises petroleum legislation to include CCS,Mozambique,single event geography; entity not mapped,neutral,,not-dated,,no — evidence only; canonical capacity register controls totals,,https://www.globalccsinstitute.com/resources/publications-reports-research/,report-level provenance
2026-Q2#124,,unmatched,,periodic_report,dashboard/data/quarterly/2026-Q2.jsonl,2026-06-30,,India outlines roadmap for green urea production,India,single event geography; entity not mapped,neutral,,not-dated,,no — evidence only; canonical capacity register controls totals,,https://www.globalccsinstitute.com/resources/publications-reports-research/,report-level provenance
2026-Q2#125,,unmatched,,periodic_report,dashboard/data/quarterly/2026-Q2.jsonl,2026-06-30,,"Indian Expenditure Finance Committee approves ₹19,700 Crore Carbon Capture Scheme",India,single event geography; entity not mapped,positive,,not-dated,,no — evidence only; canonical capacity register controls totals,,https://www.globalccsinstitute.com/resources/publications-reports-research/,report-level provenance
2026-Q2#126,,unmatched,,periodic_report,dashboard/data/quarterly/2026-Q2.jsonl,2026-06-30,,Northern Territory passes legislation allowing CO2 to pass through pipelines,Australia,single event geography; entity not mapped,neutral,,not-dated,,no — evidence only; canonical capacity register controls totals,,https://www.globalccsinstitute.com/resources/publications-reports-research/,report-level provenance
2026-Q2#127,,unmatched,,periodic_report,dashboard/data/quarterly/2026-Q2.jsonl,2026-06-30,2026-05-28,Western Australia introduces new regulatory framework for GHG storage,Australia,single event geography; entity not mapped,positive,,not-dated,,no — evidence only; canonical capacity register controls totals,,https://www.globalccsinstitute.com/resources/publications-reports-research/,report-level provenance
2026-Q2#128,,unmatched,,periodic_report,dashboard/data/quarterly/2026-Q2.jsonl,2026-06-30,2026-04-17,China releases guidance on green design of industrial products,China,single event geography; entity not mapped,neutral,,not-dated,,no — evidence only; canonical capacity register controls totals,,https://www.globalccsinstitute.com/resources/publications-reports-research/,report-level provenance
2026-Q2#129,,unmatched,,periodic_report,dashboard/data/quarterly/2026-Q2.jsonl,2026-06-30,2026-05-07,"China, Brazil and the EU launch Open Coalition on Compliance Carbon Market (OCCCM)",,multi-country or global event; non-additive until adjudicated,neutral,,not-dated,,no — evidence only; canonical capacity register controls totals,,https://www.globalccsinstitute.com/resources/publications-reports-research/,report-level provenance
2026-Q2#13,,unmatched,,periodic_report,dashboard/data/quarterly/2026-Q2.jsonl,2026-06-30,,The Canadian government invests nearly $29 million toward cleantech projects,Canada,single event geography; entity not mapped,neutral,,not-dated,,no — evidence only; canonical capacity register controls totals,,https://www.globalccsinstitute.com/resources/publications-reports-research/,report-level provenance
2026-Q2#130,,unmatched,,periodic_report,dashboard/data/quarterly/2026-Q2.jsonl,2026-06-30,2026-06-25,15th Five-Year Plan on Energy released,China,single event geography; entity not mapped,neutral,,government target,,no — evidence only; canonical capacity register controls totals,,https://www.globalccsinstitute.com/resources/publications-reports-research/,report-level provenance
2026-Q2#132,,unmatched,,periodic_report,dashboard/data/quarterly/2026-Q2.jsonl,2026-06-30,,New CfD (Cost for Difference) type support scheme for CCS projects with CO2 pipeline transportation,Japan,single event geography; entity not mapped,positive,,not-dated,,no — evidence only; canonical capacity register controls totals,,https://www.globalccsinstitute.com/resources/publications-reports-research/,report-level provenance
2026-Q2#133,,unmatched,,periodic_report,dashboard/data/quarterly/2026-Q2.jsonl,2026-06-30,2026-04-01,Japan transitions its GX-ETS to the mandatory phase,Japan,single event geography; entity not mapped,neutral,,legislated/regulatory mandate,,no — evidence only; canonical capacity register controls totals,,https://www.globalccsinstitute.com/resources/publications-reports-research/,report-level provenance
2026-Q2#134,,unmatched,,periodic_report,dashboard/data/quarterly/2026-Q2.jsonl,2026-06-30,,Vietnam opens international carbon trading,Vietnam,single event geography; entity not mapped,positive,,not-dated,,no — evidence only; canonical capacity register controls totals,,https://www.globalccsinstitute.com/resources/publications-reports-research/,report-level provenance
2026-Q2#135,,unmatched,,periodic_report,dashboard/data/quarterly/2026-Q2.jsonl,2026-06-30,,"Compact, low-impact seismic source advances monitoring of offshore CO2 storage",Japan,single event geography; entity not mapped,neutral,,not-dated,,no — evidence only; canonical capacity register controls totals,,https://www.globalccsinstitute.com/resources/publications-reports-research/,report-level provenance
2026-Q2#136,,unmatched,,periodic_report,dashboard/data/quarterly/2026-Q2.jsonl,2026-06-30,,"Kobelco, Atomis, and Nagase & Co. complete the demonstration of CO2 capture with MOFs at scale of 30 kg per day",Japan,single event geography; entity not mapped,neutral,,not-dated,,no — evidence only; canonical capacity register controls totals,,https://www.globalccsinstitute.com/resources/publications-reports-research/,report-level provenance
2026-Q2#137,,unmatched,,periodic_report,dashboard/data/quarterly/2026-Q2.jsonl,2026-06-30,2026-04-14,"Approval in Principle (AiP) obtained for a 40,000 m3 design liquefied CO2 carrier equipped with wind challenger (hard sail wind-assisted propulsion systems)",Japan,single event geography; entity not mapped,positive,,not-dated,,no — evidence only; canonical capacity register controls totals,,https://www.globalccsinstitute.com/resources/publications-reports-research/,report-level provenance
2026-Q2#14,ca-meadowbrook,matched,curated alias,periodic_report,dashboard/data/quarterly/2026-Q2.jsonl,2026-06-30,,Bison Low Carbon Ventures Meadowbrook Storage Hub opens,Canada,canonical physical project location,positive,,not-dated,0.5,no — evidence only; canonical capacity register controls totals,,https://www.globalccsinstitute.com/resources/publications-reports-research/,report-level provenance
2026-Q2#15,,unmatched,,periodic_report,dashboard/data/quarterly/2026-Q2.jsonl,2026-06-30,,Auris Energia and Carbonaide start Finland's first biogenic CO2 capture plant,Finland,single event geography; entity not mapped,neutral,,corporate/project milestone,,no — evidence only; canonical capacity register controls totals,,https://www.globalccsinstitute.com/resources/publications-reports-research/,report-level provenance
2026-Q2#16,,unmatched,,periodic_report,dashboard/data/quarterly/2026-Q2.jsonl,2026-06-30,,Surveys begin along the Delta Rhine Corridor West CO2 pipeline route,Netherlands,single event geography; entity not mapped,neutral,,not-dated,,no — evidence only; canonical capacity register controls totals,,https://www.globalccsinstitute.com/resources/publications-reports-research/,report-level provenance
2026-Q2#17,,unmatched,,periodic_report,dashboard/data/quarterly/2026-Q2.jsonl,2026-06-30,,Skytree launches first commercial Skytree Stratus System at Lingezegen Energy,Netherlands,single event geography; entity not mapped,neutral,,not-dated,,no — evidence only; canonical capacity register controls totals,,https://www.globalccsinstitute.com/resources/publications-reports-research/,report-level provenance
2026-Q2#19,,unmatched,,periodic_report,dashboard/data/quarterly/2026-Q2.jsonl,2026-06-30,,Abeona CCS project: the public consultation phase has officially started,Netherlands,single event geography; entity not mapped,neutral,,not-dated,,no — evidence only; canonical capacity register controls totals,,https://www.globalccsinstitute.com/resources/publications-reports-research/,report-level provenance
2026-Q2#20,,unmatched,,periodic_report,dashboard/data/quarterly/2026-Q2.jsonl,2026-06-30,,France identifies 16.7 Mtpa CO2 that could be transported by NaTran to storage,France,single event geography; entity not mapped,neutral,,not-dated,16.7,no — evidence only; canonical capacity register controls totals,,https://www.globalccsinstitute.com/resources/publications-reports-research/,report-level provenance
2026-Q2#21,,unmatched,,periodic_report,dashboard/data/quarterly/2026-Q2.jsonl,2026-06-30,,NET4GAS launches a research project for the development of CO2 transport in the Czech Republic,Czechia,single event geography; entity not mapped,neutral,,not-dated,,no — evidence only; canonical capacity register controls totals,,https://www.globalccsinstitute.com/resources/publications-reports-research/,report-level provenance
2026-Q2#22,,unmatched,,periodic_report,dashboard/data/quarterly/2026-Q2.jsonl,2026-06-30,,NG Nordic and SLB Capturi successfully demonstrate capture at hazardous waste facility in Denmark,Denmark,single event geography; entity not mapped,neutral,,not-dated,,no — evidence only; canonical capacity register controls totals,,https://www.globalccsinstitute.com/resources/publications-reports-research/,report-level provenance
2026-Q2#23,,unmatched,,periodic_report,dashboard/data/quarterly/2026-Q2.jsonl,2026-06-30,,Bigadan marks the opening of CO2 facility in Kalundborg,Denmark,single event geography; entity not mapped,neutral,,not-dated,,no — evidence only; canonical capacity register controls totals,,https://www.globalccsinstitute.com/resources/publications-reports-research/,report-level provenance
2026-Q2#25,,unmatched,,periodic_report,dashboard/data/quarterly/2026-Q2.jsonl,2026-06-30,,Inter Terminals Sweden completes FEED study for the CO-STAR project,Sweden,single event geography; entity not mapped,neutral,,not-dated,,no — evidence only; canonical capacity register controls totals,,https://www.globalccsinstitute.com/resources/publications-reports-research/,report-level provenance
2026-Q2#27,,unmatched,,periodic_report,dashboard/data/quarterly/2026-Q2.jsonl,2026-06-30,,Bergen welcomes and blesses Northern Phoenix,Norway,single event geography; entity not mapped,neutral,,not-dated,,no — evidence only; canonical capacity register controls totals,,https://www.globalccsinstitute.com/resources/publications-reports-research/,report-level provenance
2026-Q2#28,,unmatched,,periodic_report,dashboard/data/quarterly/2026-Q2.jsonl,2026-06-30,,Bernhard Schulte christens first LCO2 carrier for Northern Lights in China,,multi-country or global event; non-additive until adjudicated,neutral,,not-dated,,no — evidence only; canonical capacity register controls totals,,https://www.globalccsinstitute.com/resources/publications-reports-research/,report-level provenance
2026-Q2#30,uk-northern-endurance,matched,curated alias,periodic_report,dashboard/data/quarterly/2026-Q2.jsonl,2026-06-30,,DNV to certify UK NEP CO2 transport network,United Kingdom,canonical physical project location,positive,,not-dated,,no — evidence only; canonical capacity register controls totals,,https://www.globalccsinstitute.com/resources/publications-reports-research/,report-level provenance
2026-Q2#31,,unmatched,,periodic_report,dashboard/data/quarterly/2026-Q2.jsonl,2026-06-30,,bp looks to sell off stake in Teesside carbon capture project,United Kingdom,single event geography; entity not mapped,neutral,,not-dated,,no — evidence only; canonical capacity register controls totals,,https://www.globalccsinstitute.com/resources/publications-reports-research/,report-level provenance
2026-Q2#32,uk-northern-endurance,matched,curated alias,periodic_report,dashboard/data/quarterly/2026-Q2.jsonl,2026-06-30,,Aquaterra's RAF system for UK CCS project enters fabrication phase,United Kingdom,canonical physical project location,neutral,,not-dated,,no — evidence only; canonical capacity register controls totals,,https://www.globalccsinstitute.com/resources/publications-reports-research/,report-level provenance
2026-Q2#33,,unmatched,,periodic_report,dashboard/data/quarterly/2026-Q2.jsonl,2026-06-30,,Evero submits planning application for flagship InBECCS project,United Kingdom,single event geography; entity not mapped,neutral,,not-dated,,no — evidence only; canonical capacity register controls totals,,https://www.globalccsinstitute.com/resources/publications-reports-research/,report-level provenance
2026-Q2#35,uk-northern-endurance,matched,curated alias,periodic_report,dashboard/data/quarterly/2026-Q2.jsonl,2026-06-30,,Northern Endurance Partnership's first appraisal well indicates strong potential for their expansion store,United Kingdom,canonical physical project location,neutral,,not-dated,,no — evidence only; canonical capacity register controls totals,,https://www.globalccsinstitute.com/resources/publications-reports-research/,report-level provenance
2026-Q2#37,,unmatched,,periodic_report,dashboard/data/quarterly/2026-Q2.jsonl,2026-06-30,,Sohar Port advances cluster-based carbon capture strategy,Oman,single event geography; entity not mapped,neutral,,corporate/project milestone,,no — evidence only; canonical capacity register controls totals,,https://www.globalccsinstitute.com/resources/publications-reports-research/,report-level provenance
2026-Q2#38,,unmatched,,periodic_report,dashboard/data/quarterly/2026-Q2.jsonl,2026-06-30,,Jindal Steel Oman launches carbon recycling feasibility study,Oman,single event geography; entity not mapped,neutral,,not-dated,,no — evidence only; canonical capacity register controls totals,,https://www.globalccsinstitute.com/resources/publications-reports-research/,report-level provenance
2026-Q2#39,,unmatched,,periodic_report,dashboard/data/quarterly/2026-Q2.jsonl,2026-06-30,,PDO advances CO2-EOR pilot at Dhulaima field,Oman,single event geography; entity not mapped,neutral,,not-dated,,no — evidence only; canonical capacity register controls totals,,https://www.globalccsinstitute.com/resources/publications-reports-research/,report-level provenance
2026-Q2#40,,unmatched,,periodic_report,dashboard/data/quarterly/2026-Q2.jsonl,2026-06-30,,Yinson Production deploys first offshore carbon captures system on Agogo FPSO,Angola,single event geography; entity not mapped,positive,,not-dated,,no — evidence only; canonical capacity register controls totals,,https://www.globalccsinstitute.com/resources/publications-reports-research/,report-level provenance
2026-Q2#41,,unmatched,,periodic_report,dashboard/data/quarterly/2026-Q2.jsonl,2026-06-30,,EWEC awards Taweelah C power project with future CCS capability,United Arab Emirates,single event geography; entity not mapped,positive,,not-dated,,no — evidence only; canonical capacity register controls totals,,https://www.globalccsinstitute.com/resources/publications-reports-research/,report-level provenance
2026-Q2#42,,unmatched,,periodic_report,dashboard/data/quarterly/2026-Q2.jsonl,2026-06-30,,Saudi Arabia advances deployment of carbon-cured concrete technology,Saudi Arabia,single event geography; entity not mapped,neutral,,not-dated,,no — evidence only; canonical capacity register controls totals,,https://www.globalccsinstitute.com/resources/publications-reports-research/,report-level provenance
2026-Q2#43,,unmatched,,periodic_report,dashboard/data/quarterly/2026-Q2.jsonl,2026-06-30,,KAUST and Aramco advance CO2-to-SAF technology,Saudi Arabia,single event geography; entity not mapped,neutral,,not-dated,,no — evidence only; canonical capacity register controls totals,,https://www.globalccsinstitute.com/resources/publications-reports-research/,report-level provenance
2026-Q2#44,,unmatched,,periodic_report,dashboard/data/quarterly/2026-Q2.jsonl,2026-06-30,,Woodside's Browse gas project including CCS to be assessed under environmental law,Australia,single event geography; entity not mapped,negative,,not-dated,,no — evidence only; canonical capacity register controls totals,,https://www.globalccsinstitute.com/resources/publications-reports-research/,report-level provenance
2026-Q2#46,,unmatched,,periodic_report,dashboard/data/quarterly/2026-Q2.jsonl,2026-06-30,2026-04-11,China's first offshore EGR project starts construction,China,single event geography; entity not mapped,positive,,not-dated,1,no — evidence only; canonical capacity register controls totals,,https://www.globalccsinstitute.com/resources/publications-reports-research/,report-level provenance
2026-Q2#47,,unmatched,,periodic_report,dashboard/data/quarterly/2026-Q2.jsonl,2026-06-30,2026-04-13,China Resource Power's CCUS-to-methanol project obtains license,China,single event geography; entity not mapped,neutral,,not-dated,,no — evidence only; canonical capacity register controls totals,,https://www.globalccsinstitute.com/resources/publications-reports-research/,report-level provenance
2026-Q2#48,cn-tianchi-xinjiang,matched,curated alias,periodic_report,dashboard/data/quarterly/2026-Q2.jsonl,2026-06-30,2026-04-27,900 Ktpa CCUS project in Xinjiang submits environmental impact assessment documents,China,canonical physical project location,neutral,,not-dated,0.9,no — evidence only; canonical capacity register controls totals,,https://www.globalccsinstitute.com/resources/publications-reports-research/,report-level provenance
2026-Q2#49,,unmatched,,periodic_report,dashboard/data/quarterly/2026-Q2.jsonl,2026-06-30,2026-05-11,Shaanxi 150 Ktpa CCUS integrated project completes commissioning test,China,single event geography; entity not mapped,positive,,not-dated,0.15,no — evidence only; canonical capacity register controls totals,,https://www.globalccsinstitute.com/resources/publications-reports-research/,report-level provenance
2026-Q2#50,cn-xingzichuan,matched,curated alias,periodic_report,dashboard/data/quarterly/2026-Q2.jsonl,2026-06-30,2026-05-11,Yanchang Xingzichuan 260 Ktpa CO2-EOR Project completes construction,China,canonical physical project location,positive,,not-dated,0.26,no — evidence only; canonical capacity register controls totals,,https://www.globalccsinstitute.com/resources/publications-reports-research/,report-level provenance
2026-Q2#51,,unmatched,,periodic_report,dashboard/data/quarterly/2026-Q2.jsonl,2026-06-30,2026-05-12,Guangdong Red Bay Generation 3 Ktpa Carbon Capture Project commences construction,China,single event geography; entity not mapped,positive,,not-dated,0.003,no — evidence only; canonical capacity register controls totals,,https://www.globalccsinstitute.com/resources/publications-reports-research/,report-level provenance
2026-Q2#52,cn-baotou-chemical,matched,curated alias,periodic_report,dashboard/data/quarterly/2026-Q2.jsonl,2026-06-30,2026-05-29,China Energy Baotou Chemical CO2 Capture Project becomes operational,China,canonical physical project location,neutral,,not-dated,0.3,no — evidence only; canonical capacity register controls totals,,https://www.globalccsinstitute.com/resources/publications-reports-research/,report-level provenance
2026-Q2#53,,unmatched,,periodic_report,dashboard/data/quarterly/2026-Q2.jsonl,2026-06-30,2026-06-12,Yanchang Petroleum 1 Mtpa project begins construction on pipeline,China,single event geography; entity not mapped,positive,,not-dated,2.8,no — evidence only; canonical capacity register controls totals,,https://www.globalccsinstitute.com/resources/publications-reports-research/,report-level provenance
2026-Q2#54,,unmatched,,periodic_report,dashboard/data/quarterly/2026-Q2.jsonl,2026-06-30,2026-06-16,Ningxia 1 Ktpa DAC-to-SAF Project begins construction,China,single event geography; entity not mapped,positive,,corporate/project milestone,0.001,no — evidence only; canonical capacity register controls totals,,https://www.globalccsinstitute.com/resources/publications-reports-research/,report-level provenance
2026-Q2#55,,unmatched,,periodic_report,dashboard/data/quarterly/2026-Q2.jsonl,2026-06-30,2026-06-18,Shougang Lanza Tech Hebei Phase II Project commences operation,China,single event geography; entity not mapped,neutral,,not-dated,0.01,no — evidence only; canonical capacity register controls totals,,https://www.globalccsinstitute.com/resources/publications-reports-research/,report-level provenance
2026-Q2#56,cn-shengli-power,matched,curated alias,periodic_report,dashboard/data/quarterly/2026-Q2.jsonl,2026-06-30,2026-06-22,Shengli Power Plant 1 Mtpa CCUS Project releases finalists for its capture bidding,China,canonical physical project location,positive,,not-dated,1,no — evidence only; canonical capacity register controls totals,,https://www.globalccsinstitute.com/resources/publications-reports-research/,report-level provenance
2026-Q2#57,,unmatched,,periodic_report,dashboard/data/quarterly/2026-Q2.jsonl,2026-06-30,,"Metropolitan CCS joint venture granted approval for CCS exploration drilling off Pacific coast of Chiba Prefecture, Japan",Japan,single event geography; entity not mapped,positive,,corporate/project milestone,,no — evidence only; canonical capacity register controls totals,,https://www.globalccsinstitute.com/resources/publications-reports-research/,report-level provenance
2026-Q2#58,,unmatched,,periodic_report,dashboard/data/quarterly/2026-Q2.jsonl,2026-06-30,,Operations started for the Nagaoka Methanation Demonstration utilizing the CO2NNEX® digital platform for transfer and management of e-methane Clean Gas Certificates,Japan,single event geography; entity not mapped,neutral,,not-dated,,no — evidence only; canonical capacity register controls totals,,https://www.globalccsinstitute.com/resources/publications-reports-research/,report-level provenance
2026-Q2#59,,unmatched,,periodic_report,dashboard/data/quarterly/2026-Q2.jsonl,2026-06-30,,Emitter clusters selected for advanced CCS projects with maritime transport,Japan,single event geography; entity not mapped,neutral,,not-dated,,no — evidence only; canonical capacity register controls totals,,https://www.globalccsinstitute.com/resources/publications-reports-research/,report-level provenance
2026-Q2#60,,unmatched,,periodic_report,dashboard/data/quarterly/2026-Q2.jsonl,2026-06-30,,Osaka Gas and Kobe Steel completes pre-feasibility study on large-scale CCS value chain targeting steel production and thermal power generation in the Kansai Region,Japan,single event geography; entity not mapped,neutral,,not-dated,,no — evidence only; canonical capacity register controls totals,,https://www.globalccsinstitute.com/resources/publications-reports-research/,report-level provenance
2026-Q2#61,,unmatched,,periodic_report,dashboard/data/quarterly/2026-Q2.jsonl,2026-06-30,,LETA commits A$3.48M to accelerate carbon capture at POSCO's Pohang Steelworks,,multi-country or global event; non-additive until adjudicated,negative,,corporate/project milestone,,no — evidence only; canonical capacity register controls totals,,https://www.globalccsinstitute.com/resources/publications-reports-research/,report-level provenance
2026-Q2#62,,unmatched,,periodic_report,dashboard/data/quarterly/2026-Q2.jsonl,2026-06-30,,SeAH Steel to supply steel pipes for UK carbon capture project,,multi-country or global event; non-additive until adjudicated,neutral,,not-dated,,no — evidence only; canonical capacity register controls totals,,https://www.globalccsinstitute.com/resources/publications-reports-research/,report-level provenance
2026-Q2#63,,unmatched,,periodic_report,dashboard/data/quarterly/2026-Q2.jsonl,2026-06-30,,SLB to acquire geoscience and petroleum engineering software business portfolio of S&P Global Energy,United States,single event geography; entity not mapped,neutral,,not-dated,,no — evidence only; canonical capacity register controls totals,,https://www.globalccsinstitute.com/resources/publications-reports-research/,report-level provenance
2026-Q2#64,,unmatched,,periodic_report,dashboard/data/quarterly/2026-Q2.jsonl,2026-06-30,,INEOS and Sandpiper Chemicals collaborate to develop a Texas-based methanol facility,United States,single event geography; entity not mapped,positive,,corporate/project milestone,,no — evidence only; canonical capacity register controls totals,,https://www.globalccsinstitute.com/resources/publications-reports-research/,report-level provenance
2026-Q2#65,,unmatched,,periodic_report,dashboard/data/quarterly/2026-Q2.jsonl,2026-06-30,2026-06-10,Oil India Limited & the Petroleum Technology Research Centre of Saskatchewan sign collaboration agreement,,multi-country or global event; non-additive until adjudicated,neutral,,not-dated,,no — evidence only; canonical capacity register controls totals,,https://www.globalccsinstitute.com/resources/publications-reports-research/,report-level provenance
2026-Q2#66,,unmatched,,periodic_report,dashboard/data/quarterly/2026-Q2.jsonl,2026-06-30,,Indonesia and South Korea collaborate on re-purposing oil/gas infrastructure for CO2 storage,,multi-country or global event; non-additive until adjudicated,neutral,,not-dated,,no — evidence only; canonical capacity register controls totals,,https://www.globalccsinstitute.com/resources/publications-reports-research/,report-level provenance
2026-Q2#67,,unmatched,,periodic_report,dashboard/data/quarterly/2026-Q2.jsonl,2026-06-30,,University of Regina brings carbon capture technology to Thailand's cement industry,,multi-country or global event; non-additive until adjudicated,positive,,not-dated,,no — evidence only; canonical capacity register controls totals,,https://www.globalccsinstitute.com/resources/publications-reports-research/,report-level provenance
2026-Q2#68,,unmatched,,periodic_report,dashboard/data/quarterly/2026-Q2.jsonl,2026-06-30,2026-05-25,"Chulalongkorn University, TCMA, and Canadian Partners collaborate on carbon capture technologies",,multi-country or global event; non-additive until adjudicated,neutral,,not-dated,,no — evidence only; canonical capacity register controls totals,,https://www.globalccsinstitute.com/resources/publications-reports-research/,report-level provenance
2026-Q2#69,,unmatched,,periodic_report,dashboard/data/quarterly/2026-Q2.jsonl,2026-06-30,,Ambuja Cement partners with Leilac to advance carbon capture in India,,multi-country or global event; non-additive until adjudicated,neutral,,not-dated,,no — evidence only; canonical capacity register controls totals,,https://www.globalccsinstitute.com/resources/publications-reports-research/,report-level provenance
2026-Q2#70,,unmatched,,periodic_report,dashboard/data/quarterly/2026-Q2.jsonl,2026-06-30,,TOYO signs MOU with SLB OneSubsea on subsea CCS collaboration,Japan,single event geography; entity not mapped,neutral,,not-dated,,no — evidence only; canonical capacity register controls totals,,https://www.globalccsinstitute.com/resources/publications-reports-research/,report-level provenance
2026-Q2#71,,unmatched,,periodic_report,dashboard/data/quarterly/2026-Q2.jsonl,2026-06-30,,NYK signs MOU with Hokkaido Electric Power for onboard CCS demonstration project,Japan,single event geography; entity not mapped,neutral,,corporate/project milestone,,no — evidence only; canonical capacity register controls totals,,https://www.globalccsinstitute.com/resources/publications-reports-research/,report-level provenance
2026-Q2#72,,unmatched,,periodic_report,dashboard/data/quarterly/2026-Q2.jsonl,2026-06-30,,JBIC and PETRONAS hosts Malaysia-Japan CCS Dialogue to advance cross-border CCS collaboration,,multi-country or global event; non-additive until adjudicated,negative,,not-dated,,no — evidence only; canonical capacity register controls totals,,https://www.globalccsinstitute.com/resources/publications-reports-research/,report-level provenance
2026-Q2#73,,unmatched,,periodic_report,dashboard/data/quarterly/2026-Q2.jsonl,2026-06-30,,"""K"" LINE participates in a consortium of CCUS hub study in Asia",,multi-country or global event; non-additive until adjudicated,neutral,,not-dated,,no — evidence only; canonical capacity register controls totals,,https://www.globalccsinstitute.com/resources/publications-reports-research/,report-level provenance
2026-Q2#76,,unmatched,,periodic_report,dashboard/data/quarterly/2026-Q2.jsonl,2026-06-30,,Carbon Circle and Energnist sign a LoI to develop CO2 capture at a waste-to-energy facility in Esbjerg,Denmark,single event geography; entity not mapped,neutral,,not-dated,,no — evidence only; canonical capacity register controls totals,,https://www.globalccsinstitute.com/resources/publications-reports-research/,report-level provenance
2026-Q2#77,uk-hynet,matched,curated alias,periodic_report,dashboard/data/quarterly/2026-Q2.jsonl,2026-06-30,,Bureau Veritas awarded contract as independent certifier for Liverpool Bay CO2 transportation and storage project (LBCCS),United Kingdom,canonical physical project location,positive,,not-dated,,no — evidence only; canonical capacity register controls totals,,https://www.globalccsinstitute.com/resources/publications-reports-research/,report-level provenance
2026-Q2#78,,unmatched,,periodic_report,dashboard/data/quarterly/2026-Q2.jsonl,2026-06-30,,New deal to advance CO2 storage for industry across England and South Wales,United Kingdom,single event geography; entity not mapped,neutral,,not-dated,,no — evidence only; canonical capacity register controls totals,,https://www.globalccsinstitute.com/resources/publications-reports-research/,report-level provenance
2026-Q2#79,,unmatched,,periodic_report,dashboard/data/quarterly/2026-Q2.jsonl,2026-06-30,,Microsoft signs seven-year CO2 storage deal with BioCirc,United States,single event geography; entity not mapped,neutral,,not-dated,,no — evidence only; canonical capacity register controls totals,,https://www.globalccsinstitute.com/resources/publications-reports-research/,report-level provenance
2026-Q2#80,,unmatched,,periodic_report,dashboard/data/quarterly/2026-Q2.jsonl,2026-06-30,,"Aker Solutions, Vår Energi and KNCC sign MoU to advance the Trudvang CCS project in the North Sea",Norway,single event geography; entity not mapped,neutral,,not-dated,,no — evidence only; canonical capacity register controls totals,,https://www.globalccsinstitute.com/resources/publications-reports-research/,report-level provenance
2026-Q2#81,,unmatched,,periodic_report,dashboard/data/quarterly/2026-Q2.jsonl,2026-06-30,,Worley signs Owner's Engineering services agreement with Holcim for CCUS projects across Europe and the UK,,multi-country or global event; non-additive until adjudicated,neutral,,not-dated,,no — evidence only; canonical capacity register controls totals,,https://www.globalccsinstitute.com/resources/publications-reports-research/,report-level provenance
2026-Q2#85,,unmatched,,periodic_report,dashboard/data/quarterly/2026-Q2.jsonl,2026-06-30,,"RWE, Uniper, and ONYX Power sign Dutch Carbon Removal Pact along with CO2next, Gasunie, Deltalinqs, HES International B.V. and EBN",Netherlands,single event geography; entity not mapped,neutral,,not-dated,,no — evidence only; canonical capacity register controls totals,,https://www.globalccsinstitute.com/resources/publications-reports-research/,report-level provenance
2026-Q2#86,,unmatched,,periodic_report,dashboard/data/quarterly/2026-Q2.jsonl,2026-06-30,,EMSTEEL and Gulf Cryo partner on integrated carbon value chain,United Arab Emirates,single event geography; entity not mapped,neutral,,not-dated,,no — evidence only; canonical capacity register controls totals,,https://www.globalccsinstitute.com/resources/publications-reports-research/,report-level provenance
2026-Q2#87,,unmatched,,periodic_report,dashboard/data/quarterly/2026-Q2.jsonl,2026-06-30,,NESREA launches CCUS Technology and Innovation Platform,Nigeria,single event geography; entity not mapped,neutral,,not-dated,,no — evidence only; canonical capacity register controls totals,,https://www.globalccsinstitute.com/resources/publications-reports-research/,report-level provenance
2026-Q2#88,,unmatched,,periodic_report,dashboard/data/quarterly/2026-Q2.jsonl,2026-06-30,,EBRD to support development of Egypt and Türkiye's CCUS enabling frameworks,,multi-country or global event; non-additive until adjudicated,neutral,,not-dated,,no — evidence only; canonical capacity register controls totals,,https://www.globalccsinstitute.com/resources/publications-reports-research/,report-level provenance
2026-Q2#90,,unmatched,,periodic_report,dashboard/data/quarterly/2026-Q2.jsonl,2026-06-30,,"Votorantim Cimentos receives €119 million in funding to construct a CO2 capture plant in Bierzo, Spain",Spain,single event geography; entity not mapped,positive,,not-dated,,no — evidence only; canonical capacity register controls totals,,https://www.globalccsinstitute.com/resources/publications-reports-research/,report-level provenance
2026-Q2#91,,unmatched,,periodic_report,dashboard/data/quarterly/2026-Q2.jsonl,2026-06-30,,Switzerland awards €41.7 million in federal funding to a Regionalwerke Baden AG's CCS initiative,Switzerland,single event geography; entity not mapped,positive,,not-dated,,no — evidence only; canonical capacity register controls totals,,https://www.globalccsinstitute.com/resources/publications-reports-research/,report-level provenance
2026-Q2#92,,unmatched,,periodic_report,dashboard/data/quarterly/2026-Q2.jsonl,2026-06-30,,Croatian Hydrocarbon Agency receives €2.67 million from Croatian government to create a geological storage atlas and a pre-FEED study at the Bockovac site,Croatia,single event geography; entity not mapped,neutral,,not-dated,,no — evidence only; canonical capacity register controls totals,,https://www.globalccsinstitute.com/resources/publications-reports-research/,report-level provenance
2026-Q2#94,,unmatched,,periodic_report,dashboard/data/quarterly/2026-Q2.jsonl,2026-06-30,,Eni CCUS Holding expands the financing sources for its platform of CCS projects,Italy,single event geography; entity not mapped,neutral,,not-dated,,no — evidence only; canonical capacity register controls totals,,https://www.globalccsinstitute.com/resources/publications-reports-research/,report-level provenance
2026-Q2#95,,unmatched,,periodic_report,dashboard/data/quarterly/2026-Q2.jsonl,2026-06-30,,DOE selects four coal modernization projects evaluating CCUS,United States,single event geography; entity not mapped,positive,,not-dated,,no — evidence only; canonical capacity register controls totals,,https://www.globalccsinstitute.com/resources/publications-reports-research/,report-level provenance
2026-Q2#97,,unmatched,,periodic_report,dashboard/data/quarterly/2026-Q2.jsonl,2026-06-30,2026-05-01,California Energy Commission releases grant funding opportunity for pre-commercial DAC demonstration projects,United States,single event geography; entity not mapped,positive,,not-dated,,no — evidence only; canonical capacity register controls totals,,https://www.globalccsinstitute.com/resources/publications-reports-research/,report-level provenance
2026-Q2#98,,unmatched,,periodic_report,dashboard/data/quarterly/2026-Q2.jsonl,2026-06-30,,DOE retains 59 CCS projects for continued review,United States,single event geography; entity not mapped,neutral,,not-dated,,no — evidence only; canonical capacity register controls totals,,https://www.globalccsinstitute.com/resources/publications-reports-research/,report-level provenance
2026-Q2#99,,unmatched,,periodic_report,dashboard/data/quarterly/2026-Q2.jsonl,2026-06-30,,Public comments submitted for proposed CCS Energy Attribute Certificate (EAC),United States,single event geography; entity not mapped,neutral,,not-dated,,no — evidence only; canonical capacity register controls totals,,https://www.globalccsinstitute.com/resources/publications-reports-research/,report-level provenance
2026-07-01#01,,unmatched,,daily_news,dashboard/data/facts-backfill.jsonl,2026-07-01,2026-06-30,Air Products cancels Ascension Parish CCS facility,United States,single event geography; entity not mapped,negative,,not-dated,,no — evidence only; canonical capacity register controls totals,https://www.fox8live.com/2026/06/30/air-products-will-not-move-forward-with-ascension-parish-carbon-capture-facility/,,item-link
2026-07-01#02,eu-nzia-2030,matched,curated alias,daily_news,dashboard/data/facts-backfill.jsonl,2026-07-01,2026-06-30,EU NZIA Article 23 deadline takes effect,European Union,canonical physical project location,neutral,,legislated/regulatory mandate,50,no — evidence only; canonical capacity register controls totals,https://carbon-pulse.com/526948/,,item-link
2026-07-01#03,id-tangguh-ucc,matched,curated alias,daily_news,dashboard/data/facts-backfill.jsonl,2026-07-01,2026-06-30,Singapore and Indonesia close to Article 6 implementation agreement,Indonesia,canonical physical project location,neutral,,not-dated,,no — evidence only; canonical capacity register controls totals,https://carbon-pulse.com/526975/,,item-link
2026-07-01#04,,unmatched,,daily_news,dashboard/data/facts-backfill.jsonl,2026-07-01,2026-06-29,Spain awards €319m for cement decarbonisation under PERTE,Spain,single event geography; entity not mapped,positive,,not-dated,,no — evidence only; canonical capacity register controls totals,https://www.gasworld.com/story/spain-awards-e119m-for-co2-capture-project-at-el-bierzo-cement-plant/2253286.article/,,item-link
2026-07-01#05,,unmatched,,daily_news,dashboard/data/facts-backfill.jsonl,2026-07-01,2026-06-29,Deep Sky delivers North America's first certified DAC credits,Canada,single event geography; entity not mapped,neutral,,not-dated,,no — evidence only; canonical capacity register controls totals,https://www.prnewswire.com/news-releases/deep-sky-delivers-north-americas-first-certified-direct-air-capture-carbon-removal-credits-302812360.html,,item-link
2026-07-01#06,,unmatched,,daily_news,dashboard/data/facts-backfill.jsonl,2026-07-01,2026-06-30,Nine national associations form European CCUS forum,,multi-country or global event; non-additive until adjudicated,neutral,,not-dated,,no — evidence only; canonical capacity register controls totals,https://carbonherald.com/nine-countries-join-ccsa-to-coordinate-ccus-policies-in-europe/,,item-link
2026-07-01#07,ca-varme-heartland,matched,curated alias,daily_news,dashboard/data/facts-backfill.jsonl,2026-07-01,2026-06-29,Alberta TIER changes threaten Varme's $400m Heartland CCS facility,Canada,canonical physical project location,negative,,not-dated,0.185,no — evidence only; canonical capacity register controls totals,https://www.cbc.ca/news/canada/calgary/bakx-varme-edmonton-smith-carney-carbon-tax-tier-9.7247705,,item-link
2026-07-02#01,us-strategic-biofuels,matched,curated alias,daily_news,dashboard/data/facts-backfill.jsonl,2026-07-02,2026-07-01,Strategic Biofuels secures final Class VI Permit to Construct in Louisiana,United States,canonical physical project location,positive,,not-dated,1,no — evidence only; canonical capacity register controls totals,https://www.businesswire.com/news/home/20260630121450/en/Strategic-Biofuels-Secures-Pivotal-Class-VI-Permit-Advancing-Louisianas-Next-Major-Clean-Energy-Project,,item-link
2026-07-02#02,us-bkv-east-texas,matched,curated alias,daily_news,dashboard/data/facts-backfill.jsonl,2026-07-02,2026-06-30,BKV commissions two additional Texas carbon capture and sequestration facilities,United States,canonical physical project location,positive,,not-dated,0.12,no — evidence only; canonical capacity register controls totals,https://www.businesswire.com/news/home/20260630926298/en/BKV-Announces-Two-New-Carbon-Capture-and-Sequestration-Facilities-Now-Operational,,item-link
2026-07-02#03,,unmatched,,daily_news,dashboard/data/facts-backfill.jsonl,2026-07-02,2026-07-01,California SB 614 State Fire Marshal deadline for CO₂ pipeline safety regulations falls today,United States,single event geography; entity not mapped,positive,,legislated/regulatory mandate,,no — evidence only; canonical capacity register controls totals,https://www.hunton.com/the-nickel-report/california-enacts-framework-for-lifting-moratorium-on-intrastate-carbon-dioxide-pipelines,,item-link
2026-07-02#04,ca-pathways,matched,curated alias,daily_news,dashboard/data/facts-backfill.jsonl,2026-07-02,2026-06-30,Alberta submits West Coast pipeline proposal on 1 July deadline — Pathways CCS hub still mutually dependent,Canada,canonical physical project location,positive,,commercial deadline,6,no — evidence only; canonical capacity register controls totals,https://www.cbc.ca/news/canada/calgary/pipeline-proposal-major-projects-deadline-9.7251077,,item-link
2026-07-02#05,,unmatched,,daily_news,dashboard/data/facts-backfill.jsonl,2026-07-02,2026-06-30,Dutch direct ocean capture developer files for bankruptcy,Netherlands,single event geography; entity not mapped,negative,,not-dated,,no — evidence only; canonical capacity register controls totals,https://www.sendeco2.com/es/noticias/2026/06/30/european-developer-files-for-bankruptcy-after-funding-efforts-fall-short-seeks-buyer-for-ocean-carbon-removal-technology,,item-link
2026-07-03#01,my-kasawari,matched,curated alias,daily_news,dashboard/data/facts-backfill.jsonl,2026-07-03,2026-06-30,HELMS Geomarine awarded multi-year offshore soil-investigation contract for PETRONAS CCS developments,Malaysia,canonical physical project location,positive,,not-dated,,no — evidence only; canonical capacity register controls totals,https://www.geplus.co.uk/news/contract-news/helms-awarded-offshore-soil-investigation-contract-for-petronas-ccs-business-30-06-2026/,,item-link
2026-07-03#02,,unmatched,,daily_news,dashboard/data/facts-backfill.jsonl,2026-07-03,2026-07-01,AFRY lands key engineering role on UK's first full-scale waste-to-energy CCS plant,United Kingdom,single event geography; entity not mapped,positive,,not-dated,,no — evidence only; canonical capacity register controls totals,https://www.indianchemicalnews.com/ccus/afry-lands-key-engineering-role-in-uk-first-full-scale-waste-to-energy-carbon-capture-plant-30943,,item-link
2026-07-03#03,au-carbonnet,matched,curated alias,daily_news,dashboard/data/facts-backfill.jsonl,2026-07-03,2026-07-01,Woodside completes operatorship transition of Gippsland Basin JV — adjacent to CarbonNet's Pelican and Kookaburra storage sites,Australia,canonical physical project location,positive,,corporate/project milestone,,no — evidence only; canonical capacity register controls totals,https://www.energynewsbulletin.net/operations/news-analysis/4533553/woodside-takes-reins-gippsland-basin,,item-link
2026-07-03#04,,unmatched,,daily_news,dashboard/data/facts-backfill.jsonl,2026-07-03,2026-07-02,Louisiana Illuminator: scrapped Air Products project 'could signal stiffer headwinds for CO₂ storage',United States,single event geography; entity not mapped,negative,,not-dated,,no — evidence only; canonical capacity register controls totals,https://lailluminator.com/2026/07/02/scrapped-air-products-project/,,item-link
2026-07-06#01,,unmatched,,daily_news,dashboard/data/facts-backfill.jsonl,2026-07-06,2026-07-03,"ExxonMobil surrenders 850,000 acres of Gulf of Mexico federal CO₂-storage leases",United States,single event geography; entity not mapped,negative,,not-dated,,no — evidence only; canonical capacity register controls totals,https://carbonherald.com/exxonmobil-surrenders-850000-acres-of-gulf-carbon-storage-leases/,,item-link
2026-07-06#02,,unmatched,,daily_news,dashboard/data/facts-backfill.jsonl,2026-07-06,2026-07-02,Ucaneo inaugurates Germany's largest direct air capture plant in Berlin,Germany,single event geography; entity not mapped,neutral,,not-dated,0.00015,no — evidence only; canonical capacity register controls totals,https://carbonherald.com/ucaneo-opens-germanys-largest-dac-plant/,,item-link
2026-07-06#03,,unmatched,,daily_news,dashboard/data/facts-backfill.jsonl,2026-07-06,2026-07-02,Iowa regulators strip Dakotas conditions from Summit Carbon pipeline permit,United States,single event geography; entity not mapped,positive,,not-dated,,no — evidence only; canonical capacity register controls totals,https://carbonherald.com/iowa-regulators-strip-dakotas-from-summit-pipeline-order/,,item-link
2026-07-06#04,,unmatched,,daily_news,dashboard/data/facts-backfill.jsonl,2026-07-06,2026-06-29,ClassNK and Japan's NMRI launch liquefied-CO₂ cargo-tank corrosion study,Japan,single event geography; entity not mapped,neutral,,not-dated,,no — evidence only; canonical capacity register controls totals,https://us.list-manage.com/Jabu9shYukQ,,item-link
2026-07-08#01,,unmatched,,daily_news,dashboard/data/facts-backfill.jsonl,2026-07-08,2026-07-06,CCSA EU Conference 2026: Europe's carbon capture debate moves from ambition to execution,European Union,single event geography; entity not mapped,neutral,neutral,not-dated,,no — evidence only; canonical capacity register controls totals,https://us.list-manage.com/YLq1IKEfVrE,,item-link
2026-07-08#02,,unmatched,,daily_news,dashboard/data/facts-backfill.jsonl,2026-07-08,2026-07-06,Rainbow updates BioCCS methodology to align with EU carbon-removal framework,European Union,single event geography; entity not mapped,neutral,,not-dated,,no — evidence only; canonical capacity register controls totals,https://us.list-manage.com/f3PtrcPXuxe,,item-link
2026-07-09#01,,unmatched,,daily_news,audit/2026-07-09-facts.json,2026-07-09,2026-07-08,Mantel and Aalborg CSP sign strategic supply agreement for modular molten-salt tank systems,,multi-country or global event; non-additive until adjudicated,neutral,,not-dated,,no — evidence only; canonical capacity register controls totals,https://www.manilatimes.net/2026/07/08/tmt-newswire/globenewswire/mantel-and-aalborg-csp-enter-strategic-supply-agreement-to-advance-modular-salt-tank-systems-for-carbon-capture-deployment/2380856,,item-link
2026-07-09#02,,unmatched,,daily_news,audit/2026-07-09-facts.json,2026-07-09,2026-07-08,Tencent signs first carbon-removal credit deal outside China,,multi-country or global event; non-additive until adjudicated,neutral,,legislated/regulatory mandate,,no — evidence only; canonical capacity register controls totals,https://www.bloomberg.com/news/articles/2026-07-08/tencent-inks-first-deal-for-carbon-removal-credits-outside-china,,item-link
2026-07-09#03,,unmatched,,daily_news,audit/2026-07-09-facts.json,2026-07-09,2026-07-08,Investment into GHG-capture technologies fell 49% year-on-year in H1 2026,,multi-country or global event; non-additive until adjudicated,neutral,,not-dated,,no — evidence only; canonical capacity register controls totals,https://carbon-pulse.com/,,item-link
2026-07-09#04,,unmatched,,daily_news,audit/2026-07-09-facts.json,2026-07-09,2026-07-08,Wood Mackenzie: CCUS capacity keeps growing despite project delays and policy challenges,,multi-country or global event; non-additive until adjudicated,negative,,corporate/project milestone,,no — evidence only; canonical capacity register controls totals,https://www.woodmac.com/blogs/energy-pulse/carbon-capture-continues-to-grow-despite-challenges/,,item-link
2026-07-09#05,,unmatched,,daily_news,audit/2026-07-09-facts.json,2026-07-09,2026-07-08,Australian opinion: CCS is helping fossil-fuel companies dump risk onto the public,Australia,single event geography; entity not mapped,negative,negative,not-dated,,no — evidence only; canonical capacity register controls totals,https://thepoint.com.au/opinions/260708-carbon-capture-and-storage-is-helping-fossil-fuel-companies-dump-risk-onto-the-public,,item-link
2026-07-09#06,,unmatched,,daily_news,audit/2026-07-09-facts.json,2026-07-09,2026-07-08,Fraser Institute study questions reliance on CCUS as a core climate policy,Canada,single event geography; entity not mapped,neutral,negative,not-dated,,no — evidence only; canonical capacity register controls totals,https://www.fraserinstitute.org/studies/challenges-scaling-up-carbon-capture-utilization-and-storage-technologies,,item-link
2026-07-10#01,,unmatched,,daily_news,audit/2026-07-10-facts.json,2026-07-10,2026-07-10,UK offshore CO2 transport & storage decommissioning-funding regime takes effect,United Kingdom,single event geography; entity not mapped,positive,,not-dated,,no — evidence only; canonical capacity register controls totals,https://www.energyvoice.com/all-news/600090/ccus-decommissioning-regulations-uk/,,item-link
2026-07-10#02,,unmatched,,daily_news,audit/2026-07-10-facts.json,2026-07-10,2026-07-08,Qatar-based voluntary standard integrates an industry-led CCS crediting framework,Qatar,single event geography; entity not mapped,neutral,,not-dated,,no — evidence only; canonical capacity register controls totals,https://carbon-pulse.com/529552/,,item-link
2026-07-10#03,,unmatched,,daily_news,audit/2026-07-10-facts.json,2026-07-10,2026-07-08,US opinion: CCS lacks a regulatory framework and lets corporations profit,United States,single event geography; entity not mapped,negative,negative,not-dated,,no — evidence only; canonical capacity register controls totals,https://prismreports.org/2026/07/08/ccs-carbon-dioxide-ocean/,,item-link
2026-07-13#01,,unmatched,,daily_news,audit/2026-07-13-facts.json,2026-07-13,2026-07-10,INPEX spuds Japan's first offshore CO₂-storage appraisal well off Chiba,Japan,single event geography; entity not mapped,positive,,corporate/project milestone,1.3,no — evidence only; canonical capacity register controls totals,https://www.upstreamonline.com/carbon-capture/inpex-starts-drilling-first-carbon-capture-appraisal-well-offshore-japan/2-1-2014545,,item-link
2026-07-13#02,,unmatched,,daily_news,audit/2026-07-13-facts.json,2026-07-13,2026-07-10,Fugro wins Saipem survey contract for UK's first offshore CO₂ pipeline (Northern Endurance),United Kingdom,single event geography; entity not mapped,neutral,,legislated/regulatory mandate,,no — evidence only; canonical capacity register controls totals,https://www.offshore-energy.biz/fugro-to-assist-saipem-with-pipeline-work-at-uks-first-offshore-ccs-project/,,item-link
2026-07-13#03,,unmatched,,daily_news,audit/2026-07-13-facts.json,2026-07-13,2026-07-10,Shanghai body to launch China's first CO₂-removal standard,China,single event geography; entity not mapped,neutral,,not-dated,,no — evidence only; canonical capacity register controls totals,https://www.qcintel.com/carbon/article/shanghai-outfit-to-launch-china-s-first-co2-removal-standard-68613.html,,item-link
2026-07-13#04,,unmatched,,daily_news,audit/2026-07-13-facts.json,2026-07-13,2026-07-10,Gasunie-commissioned PwC study finds CCS the cheapest route to decarbonise Dutch industry,Netherlands,single event geography; entity not mapped,negative,,not-dated,,no — evidence only; canonical capacity register controls totals,https://www.gasunie.nl/en/news/pwc-study-cost-effective-decarbonisation-of-industry-mainly-through-ccs-hydrogen-and-hybrid-solutions,,item-link
2026-07-13#05,,unmatched,,daily_news,audit/2026-07-13-facts.json,2026-07-13,2026-07-10,IEEFA warns offshore CCS ambitions vastly outpace capability,,multi-country or global event; non-additive until adjudicated,neutral,negative,not-dated,,no — evidence only; canonical capacity register controls totals,https://greentechlead.com/climate/offshore-carbon-capture-faces-massive-scale-up-challenge-as-global-ccs-ambitions-outpace-reality-ieefa-54155,,item-link
2026-07-13#06,,unmatched,,daily_news,audit/2026-07-13-facts.json,2026-07-13,2026-07-10,"Australian trade press asks ""Is CCS just smoke and mirrors?""",Australia,single event geography; entity not mapped,neutral,negative,not-dated,,no — evidence only; canonical capacity register controls totals,https://www.energynewsbulletin.net/energy-transition/news-analysis/4533947/ccs-smoke-mirrors,,item-link
2026-07-14#01,ca-pathways,matched,curated alias,daily_news,audit/2026-07-14-facts.json,2026-07-14,2026-07-13,"Alberta, Ottawa and oil-sands producers sign MOU to advance the Pathways CCS project — capture target cut to ~16 Mtpa",Canada,canonical physical project location,neutral,,corporate/project milestone,16,no — evidence only; canonical capacity register controls totals,https://www.reuters.com/business/energy/canadas-oil-sands-alliance-reaches-agreement-advance-pathways-carbon-capture-2026-07-13/,,item-link
2026-07-14#02,,unmatched,,daily_news,audit/2026-07-14-facts.json,2026-07-14,2026-07-13,JAPEX establishes Tomakomai CCS Co. to run Japan's first specified-area offshore storage project,Japan,single event geography; entity not mapped,positive,,not-dated,,no — evidence only; canonical capacity register controls totals,https://www.japex.co.jp/en/news/detail/20260713_01/,,item-link
2026-07-14#03,,unmatched,,daily_news,audit/2026-07-14-facts.json,2026-07-14,2026-07-12,PETRONAS details a downhole CO2-logging assessment supporting its CCS agenda (TC19),Malaysia,single event geography; entity not mapped,neutral,,not-dated,,no — evidence only; canonical capacity register controls totals,https://www.petronas.com/innovation-petronas/media/media-releases/downhole-co2-logging-assessment-supporting-petronas-ccs-agenda-tc19,,item-link
2026-07-14#04,,unmatched,,daily_news,audit/2026-07-14-facts.json,2026-07-14,2026-07-13,Global Carbon Council and CCS+ Initiative sign MoU on high-integrity CCS/CDR methodologies,Qatar,single event geography; entity not mapped,neutral,,not-dated,,no — evidence only; canonical capacity register controls totals,https://carbonherald.com/gcc-and-ccs-initiative-to-advance-high-integrity-carbon-capture-removal/,,item-link
2026-07-14#05,,unmatched,,daily_news,audit/2026-07-14-facts.json,2026-07-14,2026-07-10,Verra opens consultation on a major revision to its CO2-in-concrete methodology (VM0043 v2.0),,multi-country or global event; non-additive until adjudicated,positive,,not-dated,,no — evidence only; canonical capacity register controls totals,https://verra.org/consultation-revision-to-concrete-production-methodology-vm0043/,,item-link
2026-07-15#01,,unmatched,,daily_news,audit/2026-07-15-facts.json,2026-07-15,2026-07-14,Pertamina Geothermal Energy and ITB study CCS deployment at a geothermal field,Indonesia,single event geography; entity not mapped,neutral,,not-dated,,no — evidence only; canonical capacity register controls totals,https://www.petromindo.com/news/article/pgeo-itb-study-ccs-deployment-at-geothermal-field,,item-link
2026-07-15#02,,unmatched,,daily_news,audit/2026-07-15-facts.json,2026-07-15,2026-07-14,UK's Airhive acquires Dutch rival Carbyon to build a larger European DAC company,,multi-country or global event; non-additive until adjudicated,neutral,,not-dated,,no — evidence only; canonical capacity register controls totals,https://www.bloomberg.com/news/articles/2026-07-14/london-startup-acquires-dutch-competitor-in-carbon-capture-deal,,item-link
2026-07-15#03,,unmatched,,daily_news,audit/2026-07-15-facts.json,2026-07-15,2026-07-14,Microsoft's emissions jump 25% on AI buildout as it reaffirms carbon-removal commitment,United States,single event geography; entity not mapped,neutral,,commercial deadline,,no — evidence only; canonical capacity register controls totals,https://carbon-pulse.com/530401/,,item-link
2026-07-16#01,,unmatched,,daily_news,audit/2026-07-16-facts.json,2026-07-16,2026-07-15,UK commits £65.5m development-fund subsidy to Viking CCS transport & storage cluster,United Kingdom,single event geography; entity not mapped,negative,,corporate/project milestone,,no — evidence only; canonical capacity register controls totals,https://www.gasworld.com/story/viking-ccs-project-receives-development-funding/2254425.article,,item-link
2026-07-16#02,,unmatched,,daily_news,audit/2026-07-16-facts.json,2026-07-16,2026-07-15,PwC study for Gasunie finds CCS and low-carbon hydrogen the most cost-effective route to decarbonise Dutch industry,Netherlands,single event geography; entity not mapped,positive,,not-dated,,no — evidence only; canonical capacity register controls totals,https://www.gasunie.nl/en/news/pwc-study-cost-effective-decarbonisation-of-industry-mainly-through-ccs-hydrogen-and-hybrid-solutions,,item-link
2026-07-16#03,,unmatched,,daily_news,audit/2026-07-16-facts.json,2026-07-16,2026-07-14,Hyundai and KNOC team up on cross-border CCS to store Korean CO2 in Southeast Asia,South Korea,single event geography; entity not mapped,neutral,,not-dated,,no — evidence only; canonical capacity register controls totals,https://carbonherald.com/hyundai-and-knoc-team-up-on-cross-border-carbon-capture-storage/,,item-link
2026-07-17#01,,unmatched,,daily_news,audit/2026-07-17-facts.json,2026-07-17,2026-07-16,Orcadian advances Earlham & Orwell gas-to-wire concept with integrated carbon capture and reinjection,United Kingdom,single event geography; entity not mapped,neutral,,not-dated,,no — evidence only; canonical capacity register controls totals,https://www.investegate.co.uk/announcement/rns/orcadian-energy--orca/earlham-orwell-gas-development-concept-/9671317,,item-link
2026-07-17#02,,unmatched,,daily_news,audit/2026-07-17-facts.json,2026-07-17,2026-07-16,Industry groups urge Baltic states to clear the Helsinki Convention barrier to offshore CO2 storage,European Union,single event geography; entity not mapped,neutral,,not-dated,,no — evidence only; canonical capacity register controls totals,https://www.qcintel.com/carbon/article/industry-groups-urge-action-to-enable-baltic-offshore-co2-storage-68906.html,,item-link
2026-07-17#03,,unmatched,,daily_news,audit/2026-07-17-facts.json,2026-07-17,2026-07-16,Building materials made from sewage sludge shown to lock away CO2 for centuries,,multi-country or global event; non-additive until adjudicated,neutral,,not-dated,,no — evidence only; canonical capacity register controls totals,https://carbonherald.com/innovative-building-materials-from-sewage-sludge-lock-away-co2-for-centuries/,,item-link
2026-07-17#04,,unmatched,,daily_news,audit/2026-07-17-facts.json,2026-07-17,2026-07-15,Entergy and MHI Group sign MOU targeting a 50% cost cut for integrated gas-turbine CCS in the US,,multi-country or global event; non-additive until adjudicated,neutral,,not-dated,,no — evidence only; canonical capacity register controls totals,https://www.entergy.com/news/entergy-and-mhi-group-outline-collaborative-partnership-designed-to-accelerate-commercialization-and-affordability-around-carbon-capture-solutions,,item-link
2026-07-17#05,,unmatched,,daily_news,audit/2026-07-17-facts.json,2026-07-17,2026-07-16,"IOGP Europe: 'targets don't build projects' — Europe needs enabling measures, not just CO2 storage targets",European Union,single event geography; entity not mapped,negative,neutral,not-dated,,no — evidence only; canonical capacity register controls totals,https://carbonherald.com/iogps-caterina-de-matteis-europe-needs-enabling-measures-not-just-co2-storage-targets/,,item-link
2026-07-20#01,uk-hynet-padeswood,matched,curated alias,daily_news,audit/2026-07-20-facts.json,2026-07-20,2026-07-17,MHI awards the Padeswood cement-CCS regenerator column to Welsh fabricator LTi Vessco,United Kingdom,canonical physical project location,positive,,not-dated,0.8,no — evidence only; canonical capacity register controls totals,https://www.businesscheshire.co.uk/2026/07/17/lti-vessco-secures-major-carbon-capture-vessel-contract-for-uk-decarbonisation-project/,,item-link
2026-07-20#02,,unmatched,,daily_news,audit/2026-07-20-facts.json,2026-07-20,2026-07-17,European Commission tables EU ETS Phase 5 reform: 90% cut by 2040 and a ~€50bn carbon-removal purchasing mechanism,European Union,single event geography; entity not mapped,positive,,government target,48,no — evidence only; canonical capacity register controls totals,https://icapcarbonaction.com/en/news/eu-commission-publishes-eu-ets-review-proposal,,item-link
2026-07-20#03,,unmatched,,daily_news,audit/2026-07-20-facts.json,2026-07-20,2026-07-17,"UK government responds to the independent GGR review: revenue-certainty business model, non-pipeline transport pathfinder, and a UK GGR Standard",United Kingdom,single event geography; entity not mapped,neutral,,not-dated,,no — evidence only; canonical capacity register controls totals,https://www.gov.uk/government/publications/independent-review-on-greenhouse-gas-removals-government-response/independent-review-on-greenhouse-gas-removals-government-response,,item-link
2026-07-20#04,,unmatched,,daily_news,audit/2026-07-20-facts.json,2026-07-20,2026-07-17,NSTA publishes operational guidance for UK carbon-storage permit holders,United Kingdom,single event geography; entity not mapped,positive,,not-dated,,no — evidence only; canonical capacity register controls totals,https://carbonherald.com/nsta-publishes-critical-operational-guidance-for-uk-carbon-storage/,,item-link
2026-07-20#05,,unmatched,,daily_news,audit/2026-07-20-facts.json,2026-07-20,2026-07-17,US lawmakers accuse DOE of illegally diverting $350m of CCS demonstration funds into coal recommissioning,United States,single event geography; entity not mapped,positive,,not-dated,,no — evidence only; canonical capacity register controls totals,https://carbonherald.com/lawmakers-accuse-doe-of-illegally-using-carbon-capture-funds-to-subsidize-coal/,,item-link
2026-07-20#06,,unmatched,,daily_news,audit/2026-07-20-facts.json,2026-07-20,2026-07-17,Petrovietnam courts Canada on LNG and CCS as it builds Vietnam's storage framework,,multi-country or global event; non-additive until adjudicated,neutral,,not-dated,,no — evidence only; canonical capacity register controls totals,https://www.upstreamonline.com/energy-security/petrovietnam-seeks-deeper-lng-and-ccs-cooperation-with-canada/2-1-2017966,,item-link
2026-07-20#07,,unmatched,,daily_news,audit/2026-07-20-facts.json,2026-07-20,2026-07-17,China's national carbon market passes 917 Mt traded (¥61.7bn) and now covers 65% of national CO₂ emissions,China,single event geography; entity not mapped,neutral,,not-dated,,no — evidence only; canonical capacity register controls totals,https://www.chinadaily.com.cn/a/202607/17/WS6a599d15a310986e2b465d21.html,,item-link
2026-07-20#08,,unmatched,,daily_news,audit/2026-07-20-facts.json,2026-07-20,2026-07-17,Guardian letters: carbon capture is a fig leaf for fossil fuel expansion,United Kingdom,single event geography; entity not mapped,neutral,negative,not-dated,,no — evidence only; canonical capacity register controls totals,https://www.theguardian.com/environment/2026/jul/17/carbon-capture-fossil-fuel-firms-cost-renewables-emissions,,item-link
2026-07-22#01,,unmatched,,daily_news,audit/2026-07-22-facts.json,2026-07-22,2026-07-21,"Australia's CCUS ambitions undercut by policy gaps, comparative report finds",Australia,single event geography; entity not mapped,positive,,not-dated,,no — evidence only; canonical capacity register controls totals,https://carbon-pulse.com/533484/,,item-link
2026-07-22#02,,unmatched,,daily_news,audit/2026-07-22-facts.json,2026-07-22,2026-07-21,"Puro.earth certifies the world's first BECCS-from-biogas project, in Norway",Norway,single event geography; entity not mapped,neutral,,not-dated,,no — evidence only; canonical capacity register controls totals,https://carbonherald.com/puro-earth-certifies-worlds-first-beccs-project-in-norway/,,item-link
2026-07-22#03,,unmatched,,daily_news,audit/2026-07-22-facts.json,2026-07-22,2026-07-21,CO2CRC signs CCS R&D MoU with IIT Bombay as experts weigh lessons for scale-up,,multi-country or global event; non-additive until adjudicated,neutral,,not-dated,,no — evidence only; canonical capacity register controls totals,https://latrobevalleyexpress.com.au/news/2026/07/21/carbon-capture-ccs-lessons-to-learn/,,item-link
2026-07-22#04,,unmatched,,daily_news,audit/2026-07-22-facts.json,2026-07-22,2026-07-21,Euroports and Normod Carbon sign MoU for a Northern European CO2 hub,,multi-country or global event; non-additive until adjudicated,neutral,,corporate/project milestone,,no — evidence only; canonical capacity register controls totals,https://carbonherald.com/euroports-and-normod-carbon-to-develop-northern-european-co2-hub/,,item-link
2026-07-22#05,,unmatched,,daily_news,audit/2026-07-22-facts.json,2026-07-22,2026-07-17,"Cemex wins EUR200m PERTE grant for SOMZERO carbon-capture project, Alcanar (Spain)",Spain,single event geography; entity not mapped,positive,,not-dated,0.5,no — evidence only; canonical capacity register controls totals,https://www.worldcement.com/europe-cis/17072026/cemex-receive-200-million-to-promote-carbon-capture-capture-project-in-alcanar/,,item-link
2026-07-22#06,,unmatched,,daily_news,audit/2026-07-22-facts.json,2026-07-22,2026-07-20,"Pertamina completes first water-injectivity test at Jatibarang (JTB-156), West Java",Indonesia,single event geography; entity not mapped,neutral,,not-dated,,no — evidence only; canonical capacity register controls totals,https://www.petromindo.com/news/article/pertamina-completes-first-injectivity-test-to-support-ccs-development,,item-link
2026-07-22#07,,unmatched,,daily_news,audit/2026-07-22-facts.json,2026-07-22,2026-07-21,IEAGHG/CSIRO CO2-storage leakage review made openly accessible,,multi-country or global event; non-additive until adjudicated,neutral,,not-dated,,no — evidence only; canonical capacity register controls totals,https://carbonherald.com/the-risks-and-rewards-of-co2-storage-new-report-finds-leakage-threats-are-manageable/,,item-link
2026-07-27#01,uk-northern-endurance,matched,curated alias,daily_news,audit/2026-07-27-facts.json,2026-07-27,2026-07-24,Northern Endurance Partnership launches offshore construction at the Port of Hartlepool,United Kingdom,canonical physical project location,positive,,not-dated,23,no — evidence only; canonical capacity register controls totals,https://www.energyvoice.com/renewables-energy-transition/ccs/601241/northern-endurance-partnership-offshore-construction/,,item-link
2026-07-27#02,id-tangguh-ucc,matched,curated alias,daily_news,audit/2026-07-27-facts.json,2026-07-27,2026-07-24,BP's Tangguh Ubadari CCUS moves into offshore installation as first jacket reaches Papua,Indonesia,canonical physical project location,neutral,,not-dated,15,no — evidence only; canonical capacity register controls totals,https://www.oedigital.com/news/541499-bp-moves-indonesia-ccus-project-into-offshore-installation-phase,,item-link
2026-07-27#03,,unmatched,,daily_news,audit/2026-07-27-facts.json,2026-07-27,2026-07-23,Uniper names Worley preferred EPC contractor for the Connah's Quay low-carbon (CCGT+CCS) power project,United Kingdom,single event geography; entity not mapped,neutral,,commercial deadline,,no — evidence only; canonical capacity register controls totals,https://carbonherald.com/uniper-selects-worley-for-2030-carbon-capture-power-station/,,item-link
2026-07-27#04,,unmatched,,daily_news,audit/2026-07-27-facts.json,2026-07-27,2026-07-24,"Evero moves to retrofit its Ince Bio Power plant with carbon capture, joining HyNet (UK BECCS)",,multi-country or global event; non-additive until adjudicated,neutral,,not-dated,0.217,no — evidence only; canonical capacity register controls totals,https://www.gasworld.com/story/evero-bioenergy-plant-moves-to-join-hynet-carbon-capture-network/2255213.article/,,item-link
2026-07-27#05,,unmatched,,daily_news,audit/2026-07-27-facts.json,2026-07-27,2026-07-23,"Petrogas picks Worley for pre-FEED of the Abeona CO2 storage project, Dutch North Sea",Netherlands,single event geography; entity not mapped,neutral,,not-dated,,no — evidence only; canonical capacity register controls totals,https://www.offshore-energy.biz/worley-takes-pre-feed-role-on-roman-goddess-named-dutch-north-sea-ccs-project/,,item-link
2026-07-27#06,,unmatched,,daily_news,audit/2026-07-27-facts.json,2026-07-27,2026-07-25,CDR developers pivot into adjacent markets as the carbon-removal sector consolidates,,multi-country or global event; non-additive until adjudicated,neutral,,not-dated,,no — evidence only; canonical capacity register controls totals,https://www.qcintel.com/carbon/article/analysis-co2-removal-firms-pivot-into-adjacent-markets-69644.html,,item-link
2026-07-27#07,,unmatched,,daily_news,audit/2026-07-27-facts.json,2026-07-27,2026-07-25,OilPrice: 'The Carbon Capture Boom Is Starting to Crack',,multi-country or global event; non-additive until adjudicated,neutral,negative,not-dated,,no — evidence only; canonical capacity register controls totals,https://oilprice.com/Energy/Energy-General/The-Carbon-Capture-Boom-Is-Starting-to-Crack.html,,item-link
2026-07-28#01,,unmatched,,daily_news,audit/2026-07-28-facts.json,2026-07-28,2026-07-23,Global CCS Institute maps 190+ carbon-capture technology solutions in its State of the Art: CCS Technologies 2026 compendium,,multi-country or global event; non-additive until adjudicated,neutral,,not-dated,,no — evidence only; canonical capacity register controls totals,https://carbonherald.com/global-ccs-institute-maps-latest-carbon-capture-technologies-as-ccs-sector-expands/,,item-link
2026-07-30#01,,unmatched,,daily_news,audit/2026-07-30-facts.json,2026-07-30,2026-07-29,Shearwater wins CO2-storage seismic survey contract offshore Australia (Bonaparte Basin),Australia,single event geography; entity not mapped,positive,,legislated/regulatory mandate,,no — evidence only; canonical capacity register controls totals,https://www.upstreamonline.com/carbon-capture/shearwater-wins-carbon-storage-survey-contract-down-under,,item-link
2026-07-30#02,,unmatched,,daily_news,audit/2026-07-30-facts.json,2026-07-30,2026-07-29,Northern Lights completes phase-1 LCO2 carrier fleet as 'Northern Purpose' arrives in Norway,Norway,single event geography; entity not mapped,neutral,,not-dated,1.5,no — evidence only; canonical capacity register controls totals,https://www.oedigital.com/news/541597-northern-lights-ccs-fleet-set-for-next-stage-with-latest-lco2-carrier-arrival,,item-link
2026-07-30#03,,unmatched,,daily_news,audit/2026-07-30-facts.json,2026-07-30,2026-07-29,Williams selects ExxonMobil for CO2 transport and storage from Louisiana Energy Gateway,United States,single event geography; entity not mapped,positive,,not-dated,1.0,no — evidence only; canonical capacity register controls totals,https://carbonherald.com/exxonmobil-williams-expanding-carbon-capture-portfolio/,,item-link
2026-07-31#01,,unmatched,,daily_news,audit/2026-07-31-facts.json,2026-07-31,2026-07-30,NSTA commissions two studies to boost UK carbon storage market,United Kingdom,single event geography; entity not mapped,positive,,not-dated,,no — evidence only; canonical capacity register controls totals,https://www.upstreamonline.com/carbon-capture/new-studies-to-boost-uk-carbon-capture-development/2-1-2022655,,item-link
2026-07-31#02,,unmatched,,daily_news,audit/2026-07-31-facts.json,2026-07-31,2026-07-30,Singapore and Australia aim to conclude cross-border CCS instrument negotiations by year-end,,multi-country or global event; non-additive until adjudicated,neutral,,government target,,no — evidence only; canonical capacity register controls totals,https://carbon-pulse.com/536055/,,item-link
2026-07-31#03,,unmatched,,daily_news,audit/2026-07-31-facts.json,2026-07-31,2026-07-27,Woodside's Browse declared a Western Australian state significant project,Australia,single event geography; entity not mapped,positive,,not-dated,,no — evidence only; canonical capacity register controls totals,https://www.energynewsbulletin.net/operations/news-articles/4534692/woodsides-browse-declared-significant-project,,item-link
2026-07-31#04,,unmatched,,daily_news,audit/2026-07-31-facts.json,2026-07-31,2026-07-29,"PureField Ingredients launches 150,000 tpa Class VI CCS facility in Russell, Kansas",United States,single event geography; entity not mapped,positive,,not-dated,0.15,no — evidence only; canonical capacity register controls totals,https://www.prnewswire.com/news-releases/purefield-ingredients-celebrates-landmark-carbon-capture-facility-and-announces-expansion-plans-302839448.html,,item-link
2026-08-04#01,,unmatched,,daily_news,audit/2026-08-04-facts.json,2026-08-04,2026-08-03,Thailand and Canada pilot mobile carbon capture in the cement industry,,multi-country or global event; non-additive until adjudicated,neutral,,corporate/project milestone,,no — evidence only; canonical capacity register controls totals,https://www.manilatimes.net/2026/08/03/tmt-newswire/media-outreach-newswire/thailand-canada-pilot-carbon-capture-in-cement-industry-to-advance-net-zero-2050/2397242,,item-link
2026-08-04#02,,unmatched,,daily_news,audit/2026-08-04-facts.json,2026-08-04,2026-08-03,PayPal backs emerging carbon removal technologies in its latest climate investment strategy,United States,single event geography; entity not mapped,neutral,,not-dated,,no — evidence only; canonical capacity register controls totals,https://carbonherald.com/paypal-backs-emerging-carbon-removal-technologies-in-latest-climate-investment-strategy/,,item-link
2026-08-04#03,,unmatched,,daily_news,audit/2026-08-04-facts.json,2026-08-04,2026-07-30,"Entropy commissions Glacier co-generation + CCS project, Alberta",Canada,single event geography; entity not mapped,positive,,not-dated,0.192,no — evidence only; canonical capacity register controls totals,https://boereport.com/2026/07/30/entropy-inc-commissions-the-glacier-co-generation-carbon-capture-and-storage-project-delivering-first-of-kind-low-carbon-natural-gas-and-low-carbon-power/,,item-link
2026-08-05#01,,unmatched,,daily_news,audit/2026-08-05-facts.json,2026-08-05,2026-08-04,"MOL, Hitachi and JAL to trial Japan's first Direct Ocean Capture project off Kumejima",Japan,single event geography; entity not mapped,neutral,,not-dated,,no — evidence only; canonical capacity register controls totals,https://carbonherald.com/mol-hitachi-and-jal-to-test-direct-ocean-capture-technology/,,item-link
2026-08-05#02,,unmatched,,daily_news,audit/2026-08-05-facts.json,2026-08-05,2026-08-04,Hungary's parliament abolishes its CO2 quota tax to ease EU ETS burden and unlock EU funds,,multi-country or global event; non-additive until adjudicated,negative,,legislated/regulatory mandate,,no — evidence only; canonical capacity register controls totals,https://carbonherald.com/hungary-scraps-controversial-co2-quota-tax-in-bid-to-ease-eu-ets-burden/,,item-link
2026-08-05#03,,unmatched,,daily_news,audit/2026-08-05-facts.json,2026-08-05,2026-08-03,Veolia trials the UK's first non-amine carbon capture at Sheffield energy-from-waste plant,United Kingdom,single event geography; entity not mapped,neutral,,not-dated,0.000365,no — evidence only; canonical capacity register controls totals,https://www.energylivenews.com/2026/08/03/uks-first-carbon-capture-trial-without-using-amines/,,item-link
2026-08-05#04,,unmatched,,daily_news,audit/2026-08-05-facts.json,2026-08-05,2026-07-30,JERA and Taiwan Power Company sign a low-carbon energy MoU covering CCUS,,multi-country or global event; non-additive until adjudicated,neutral,,not-dated,,no — evidence only; canonical capacity register controls totals,https://www.jera.co.jp/en/news/notice/20260730_2481,,item-link
2026-08-05#05,,unmatched,,daily_news,audit/2026-08-05-facts.json,2026-08-05,2026-07-29,Sinopec's Qilu-Shengli CCUS project passes 2.4 Mt cumulative CO2,China,single event geography; entity not mapped,neutral,,not-dated,1.0,no — evidence only; canonical capacity register controls totals,https://chinahydrogen.substack.com/p/chinas-qilushengli-ccus-project-captures,,item-link
2026-08-10#01,,unmatched,,daily_news,audit/2026-08-10-facts.json,2026-08-10,2026-08-08,Kansai Electric and Kawasaki Heavy to trial Japan's first off-site transport of captured CO2,Japan,single event geography; entity not mapped,neutral,,not-dated,,no — evidence only; canonical capacity register controls totals,https://asia.nikkei.com/spotlight/environment/kansai-electric-kawasaki-heavy-seek-1st-off-site-transport-of-captured-co2,,item-link
2026-08-10#02,,unmatched,,daily_news,audit/2026-08-10-facts.json,2026-08-10,2026-08-07,"EU's first offshore CCS project, Denmark's Greensand, nears launch",,multi-country or global event; non-additive until adjudicated,neutral,,not-dated,0.4,no — evidence only; canonical capacity register controls totals,https://www.upstreamonline.com/exclusive/launch-of-eus-first-offshore-ccs-project-imminent/2-1-2025219,,item-link
2026-08-10#03,,unmatched,,daily_news,audit/2026-08-10-facts.json,2026-08-10,2026-08-07,The world is cooling on carbon capture — why is Canada barreling ahead?,Canada,single event geography; entity not mapped,neutral,negative,not-dated,,no — evidence only; canonical capacity register controls totals,https://www.theglobeandmail.com/business/commentary/article-the-world-is-cooling-on-carbon-capture-why-is-canada-still-barreling/,,item-link
2026-08-10#04,,unmatched,,daily_news,audit/2026-08-10-facts.json,2026-08-10,2026-08-06,US carbon capture 45Q tax-credit claims face long delays and rejections,United States,single event geography; entity not mapped,negative,,not-dated,,no — evidence only; canonical capacity register controls totals,https://www.accountingtoday.com/news/carbon-capture-tax-credit-claims-face-long-delays-and-rejections,,item-link
2026-08-10#05,,unmatched,,daily_news,audit/2026-08-10-facts.json,2026-08-10,2026-08-06,Southeast Asia's race to become the region's CO2 storage hub,,multi-country or global event; non-additive until adjudicated,neutral,,not-dated,,no — evidence only; canonical capacity register controls totals,https://www.pipeline-journal.net/news/analysis-southeast-asias-new-pipeline-frontier-race-become-regions-co2-storage-hub,,item-link
2026-08-11#01,,unmatched,,daily_news,audit/2026-08-11-facts.json,2026-08-11,2026-08-10,"Carbon capture pitched as a ""game changer"" for Brunei",Brunei,single event geography; entity not mapped,neutral,,not-dated,,no — evidence only; canonical capacity register controls totals,https://www.tradewindsnews.com/sustainability/carbon-capture-could-be-a-game-changer-for-brunei/2-1-2026577,,item-link
2026-08-11#02,uk-hynet,matched,curated alias,daily_news,audit/2026-08-11-facts.json,2026-08-11,2026-08-10,Rotork manufactures first IQ3 Pro actuators for the Liverpool Bay carbon capture project,United Kingdom,canonical physical project location,neutral,,not-dated,,no — evidence only; canonical capacity register controls totals,https://www.themanufacturer.com/articles/rotork-manufactures-first-iq3-pro-actuators-for-liverpool-bay-carbon-capture-project/,,item-link
2026-08-11#03,us-carbon-terravault-i,matched,curated alias,daily_news,audit/2026-08-11-facts.json,2026-08-11,2026-08-10,An oil field became California's first carbon vault - who's responsible if something goes wrong?,United States,canonical physical project location,neutral,negative,not-dated,,no — evidence only; canonical capacity register controls totals,https://calmatters.org/environment/2026/08/california-resources-corporation-carbon-terra-vault/,,item-link
2026-08-11#04,,unmatched,,daily_news,audit/2026-08-11-facts.json,2026-08-11,2026-08-04,"KAIST and MIT turn seawater CO2 into ""stone"" for permanent storage",,multi-country or global event; non-additive until adjudicated,neutral,,not-dated,,no — evidence only; canonical capacity register controls totals,https://phys.org/news/2026-08-marine-carbon-technology-dioxide-seawater.html,,item-link
2026-08-11#05,,unmatched,,daily_news,audit/2026-08-11-facts.json,2026-08-11,2026-08-07,Drax secures Environment Agency permit variation for Selby BECCS,United Kingdom,single event geography; entity not mapped,positive,,not-dated,,no — evidence only; canonical capacity register controls totals,https://carbonherald.com/drax-secures-environment-agency-permit-variation-for-selby-carbon-capture-project/,,item-link
2026-08-12#01,,unmatched,,daily_news,audit/2026-08-12-facts.json,2026-08-12,2026-08-11,"Cardinal Glass to install 'world's first' float-glass carbon capture at Winlock, Washington",United States,single event geography; entity not mapped,neutral,,corporate/project milestone,0.13,no — evidence only; canonical capacity register controls totals,https://www.gasworld.com/story/cardinal-announces-worlds-first-float-glass-carbon-capture-system-in-washington/2256985.article,,item-link
2026-08-12#02,,unmatched,,daily_news,audit/2026-08-12-facts.json,2026-08-12,2026-08-11,Consumer Watchdog report brands CCS a 'multi-billion-dollar boondoggle' and a public risk,United States,single event geography; entity not mapped,negative,negative,not-dated,,no — evidence only; canonical capacity register controls totals,https://consumerwatchdog.org/energy/as-carbon-capture-storage-gathers-steam-new-consumer-watchdog-report-questions-its-threat-to-the-public-and-lifeline-for-fossil-fuels/,,item-link
2026-08-12#03,,unmatched,,daily_news,audit/2026-08-12-facts.json,2026-08-12,2026-08-11,IEEFA: carbon capture is failing the capital-discipline test,,multi-country or global event; non-additive until adjudicated,neutral,negative,not-dated,,no — evidence only; canonical capacity register controls totals,https://ieefa.org/resources/how-carbon-capture-failing-capital-discipline-test,,item-link
2026-08-12#04,us-carbon-terravault-i,matched,curated alias,daily_news,audit/2026-08-12-facts.json,2026-08-12,2026-08-10,California Resources reports first CO2 injection and revenue at Carbon TerraVault I,United States,canonical physical project location,neutral,,not-dated,,no — evidence only; canonical capacity register controls totals,https://www.globenewswire.com/news-release/2026/08/10/3341802/0/en/california-resources-corporation-reports-second-quarter-2026-financial-and-operating-results.html,,item-link
2026-08-13#01,,unmatched,,daily_news,audit/2026-08-13-facts.json,2026-08-13,2026-08-12,OGCI publishes report on scaling CCS across the Asia-Pacific region,Australia,single event geography; entity not mapped,neutral,,not-dated,,no — evidence only; canonical capacity register controls totals,https://www.ogci.com/news/ogci-publishes-new-report-on-scaling-ccs-across-the-asia-pacific-region/,,item-link
2026-08-13#02,,unmatched,,daily_news,audit/2026-08-13-facts.json,2026-08-13,2026-08-10,Isometric signs its first China-based carbon-removal projects,China,single event geography; entity not mapped,neutral,,not-dated,,no — evidence only; canonical capacity register controls totals,https://isometric.com/writing-articles/isometric-signs-its-first-carbon-removal-projects-in-china,,item-link
2026-08-13#03,,unmatched,,daily_news,audit/2026-08-13-facts.json,2026-08-13,2026-08-12,"Cement plants could become net carbon-removal machines, ETH Zurich study finds",Switzerland,single event geography; entity not mapped,neutral,,legislated/regulatory mandate,,no — evidence only; canonical capacity register controls totals,https://techxplore.com/news/2026-08-cement-atmosphere.html,,item-link
2026-08-14#01,,unmatched,,daily_news,audit/2026-08-14-facts.json,2026-08-14,2026-08-13,CCS-specific frameworks in Asia-Pacific 'largely absent',,multi-country or global event; non-additive until adjudicated,neutral,,not-dated,,no — evidence only; canonical capacity register controls totals,https://www.gasworld.com/story/ccs-specific-frameworks-in-asia-pacific-largely-absent/2257082.article,,item-link
2026-08-14#02,,unmatched,,daily_news,audit/2026-08-14-facts.json,2026-08-14,2026-08-13,Startup turns captured CO₂ into a consumer soft drink,United States,single event geography; entity not mapped,neutral,,not-dated,,no — evidence only; canonical capacity register controls totals,https://heatmap.news/carbon-removal/direct-air-capture-soda,,item-link
2026-08-17#01,,unmatched,,daily_news,audit/2026-08-17-facts.json,2026-08-17,2026-08-14,Ucaneo CEO outlines next steps after opening Germany's largest DAC facility,Germany,single event geography; entity not mapped,positive,,corporate/project milestone,0.00015,no — evidence only; canonical capacity register controls totals,https://www.gasworld.com/story/exclusive-ucaneo-ceo-outlines-next-steps-after-opening-germanys-largest-dac-facility/2257119.article,,item-link
2026-08-17#02,,unmatched,,daily_news,audit/2026-08-17-facts.json,2026-08-17,2026-08-14,Tröegs Independent Brewing secures Pennsylvania carbon-capture grant,United States,single event geography; entity not mapped,neutral,,not-dated,,no — evidence only; canonical capacity register controls totals,https://carbonherald.com/troegs-independent-brewing-secures-pennsylvania-carbon-capture-grant/,,item-link
2026-08-18#01,,unmatched,,daily_news,audit/2026-08-18-facts.json,2026-08-18,2026-08-17,JAPEX starts second exploratory well as it nears FID on flagship Tomakomai CCS project,Japan,single event geography; entity not mapped,positive,,corporate/project milestone,,no — evidence only; canonical capacity register controls totals,https://www.upstreamonline.com/carbon-capture/japex-nearing-fid-for-flagship-carbon-capture-project/2-1-2029797,,item-link
2026-08-18#02,,unmatched,,daily_news,audit/2026-08-18-facts.json,2026-08-18,2026-08-17,Halliburton wins drilling contract for landmark Petrobras CCS project,Brazil,single event geography; entity not mapped,positive,,not-dated,,no — evidence only; canonical capacity register controls totals,https://www.upstreamonline.com/carbon-capture/halliburton-wins-drilling-contract-for-landmark-petrobras-ccs-project/2-1-2030251,,item-link
2026-08-18#03,,unmatched,,daily_news,audit/2026-08-18-facts.json,2026-08-18,2026-08-14,US Treasury and IRS extend and expand the Section 45Q safe harbour (Notice 2026-50),United States,single event geography; entity not mapped,negative,,not-dated,,no — evidence only; canonical capacity register controls totals,https://carbonherald.com/treasury-and-irs-extend-section-45q-safe-harbor/,,item-link
2026-08-19#01,se-stockholm-exergi,matched,curated alias,daily_news,audit/2026-08-19-facts.json,2026-08-19,2026-08-18,Three Swedish firms bid in second BECCS reverse auction,Sweden,canonical physical project location,neutral,,not-dated,,no — evidence only; canonical capacity register controls totals,https://carbon-pulse.com/542426/,,item-link
2026-08-19#02,,unmatched,,daily_news,audit/2026-08-19-facts.json,2026-08-19,2026-08-17,"North Dakota's Project Tundra signs new lead developer, to explore enhanced oil recovery",United States,single event geography; entity not mapped,neutral,,not-dated,5,no — evidence only; canonical capacity register controls totals,https://www.grandforksherald.com/news/north-dakota/new-partner-takes-lead-on-project-tundra-carbon-capture-facility,,item-link
2026-08-19#03,,unmatched,,daily_news,audit/2026-08-19-facts.json,2026-08-19,2026-08-17,Vietnam advances dedicated CCS/CCUS chapter in amended Petroleum Law,Vietnam,single event geography; entity not mapped,neutral,,not-dated,,no — evidence only; canonical capacity register controls totals,https://en.vietnamplus.vn/na-standing-committee-asks-for-clear-mechanisms-for-upstream-oil-gas-management-post350212.vnp,,item-link
2026-08-19#04,,unmatched,,daily_news,audit/2026-08-19-facts.json,2026-08-19,2026-08-15,China to add petrochemicals and chemicals to national carbon market,China,single event geography; entity not mapped,neutral,,not-dated,,no — evidence only; canonical capacity register controls totals,https://www.caixinglobal.com/2026-08-15/china-to-add-petrochemicals-chemicals-to-national-carbon-market-102474336.html,,item-link
2026-08-20#01,ca-pathways,matched,curated alias,daily_news,audit/2026-08-20-facts.json,2026-08-20,2026-08-19,"Canada's oil sands producers target late-2027 Pathways CCS decision, aim to settle fiscal terms by mid-November",Canada,canonical physical project location,positive,,corporate/project milestone,6,no — evidence only; canonical capacity register controls totals,https://www.miningweekly.com/article/canadas-oil-producers-target-late-2027-for-pathways-carbon-capture-decision-2026-08-19,,item-link
2026-08-20#02,,unmatched,,daily_news,audit/2026-08-20-facts.json,2026-08-20,2026-08-19,Austria's cement industry warns missing CO2 transport and storage infrastructure is now the main barrier to CCS,Austria,single event geography; entity not mapped,neutral,,not-dated,,no — evidence only; canonical capacity register controls totals,https://table.media/en/climate/feature/austria-cement-industry-complains-about-lack-of-ccs-infrastructure,,item-link
2026-08-20#03,,unmatched,,daily_news,audit/2026-08-20-facts.json,2026-08-20,2026-08-18,"Chevron withdraws from federal Western Regional DAC hub in Kern County, California",United States,single event geography; entity not mapped,negative,,not-dated,,no — evidence only; canonical capacity register controls totals,https://carbonherald.com/chevron-withdraws-from-federal-dac-project-in-kern-county/,,item-link
2026-08-20#04,,unmatched,,daily_news,audit/2026-08-20-facts.json,2026-08-20,2026-08-18,Eni and SONATRACH expand Algeria decarbonisation partnership with nature-based CDR and methane management,,multi-country or global event; non-additive until adjudicated,neutral,,not-dated,,no — evidence only; canonical capacity register controls totals,https://carbonherald.com/eni-and-sonatrach-partner-on-nature-based-cdr-and-methane-management-in-algeria/,,item-link
2026-08-20#05,,unmatched,,daily_news,audit/2026-08-20-facts.json,2026-08-20,2026-08-18,"Senken and Carbonsate sign Europe's largest biomass-burial carbon-removal offtake (50,000 t, Namibia)",,multi-country or global event; non-additive until adjudicated,neutral,,commercial deadline,0.05,no — evidence only; canonical capacity register controls totals,https://carbonherald.com/senken-and-carbonsate-ink-europes-largest-biomass-storage-deal-to-date/,,item-link
2026-08-21#01,,unmatched,,daily_news,audit/2026-08-21-facts.json,2026-08-21,2026-08-20,Honeywell commercialises University of Texas advanced amine solvent for CCS,United States,single event geography; entity not mapped,neutral,,not-dated,,no — evidence only; canonical capacity register controls totals,https://gastopowerjournal.com/news/technologyinnovation/honeywell-commercialises-ut-austins-advent-solvent-for-ccs/,,item-link
2026-08-21#02,,unmatched,,daily_news,audit/2026-08-21-facts.json,2026-08-21,2026-08-20,Mafix raises US$5.4m pre-seed to commercialise CO2-removing silicate fertiliser,United States,single event geography; entity not mapped,neutral,,not-dated,,no — evidence only; canonical capacity register controls totals,https://carbonherald.com/mafix-to-commercialize-co2-removing-silicon-fertilizers-with-new-5-4m-funding/,,item-link
2026-08-21#03,,unmatched,,daily_news,audit/2026-08-21-facts.json,2026-08-21,2026-08-20,Chester Zoo says proposed CO2 pipeline's impact would be 'unacceptable',United Kingdom,single event geography; entity not mapped,positive,negative,not-dated,,no — evidence only; canonical capacity register controls totals,https://www.deeside.com/chester-zoo-says-impact-of-proposed-co2-pipeline-would-be-unacceptable/,,item-link
2026-08-21#04,,unmatched,,daily_news,audit/2026-08-21-facts.json,2026-08-21,2026-08-20,Alberta's stored CO2 tops 18 million tonnes,Canada,single event geography; entity not mapped,neutral,,not-dated,,no — evidence only; canonical capacity register controls totals,https://energynow.ca/2026/08/albertas-carbon-capture-leadership-grows-as-stored-co2-tops-18-million-tonnes/,,item-link
2026-08-24#01,,unmatched,,daily_news,audit/2026-08-24-facts.json,2026-08-24,2026-08-21,INPEX's Bonaparte CCS project takes another step on its environmental assessment pathway,Australia,single event geography; entity not mapped,negative,,legislated/regulatory mandate,10,no — evidence only; canonical capacity register controls totals,https://www.energynewsbulletin.net/energy-transition/news-analysis/4535838/step-assessment-pathway-inpexs-bonaparte-ccs-plan,,item-link
2026-08-24#02,,unmatched,,daily_news,audit/2026-08-24-facts.json,2026-08-24,2026-08-21,Australia flagged as a potential cross-border CCS hub for Asia,,multi-country or global event; non-additive until adjudicated,neutral,,not-dated,,no — evidence only; canonical capacity register controls totals,https://www.energynewsbulletin.net/energy-transition/news-analysis/4535819/australia-potential-cross-border-ccs-hub,,item-link
2026-08-24#03,uk-hynet,matched,curated alias,daily_news,audit/2026-08-24-facts.json,2026-08-24,2026-08-21,HyNet anchor Protos energy-from-waste plant burns first waste as it enters commissioning,United Kingdom,canonical physical project location,positive,,corporate/project milestone,0.37,no — evidence only; canonical capacity register controls totals,https://www.energyvoice.com/renewables-energy-transition/ccs/602780/hynet-encyclis-erf/,,item-link
2026-08-24#04,,unmatched,,daily_news,audit/2026-08-24-facts.json,2026-08-24,2026-08-21,Study identifies freight rail as a key enabler of CCS roll-out,,multi-country or global event; non-additive until adjudicated,neutral,,not-dated,,no — evidence only; canonical capacity register controls totals,https://www.energate-messenger.com/news/265561/study-identifies-freight-trains-as-a-key-enabler-of-the-ccs-roll-out,,item-link
2026-08-24#05,,unmatched,,daily_news,audit/2026-08-24-facts.json,2026-08-24,2026-08-23,Reader letter argues carbon-capture storage 'does not work to a significant degree',United States,single event geography; entity not mapped,neutral,negative,not-dated,,no — evidence only; canonical capacity register controls totals,https://www.grandforksherald.com/opinion/letters/letter-carbon-capture-storage-does-not-work-to-a-significant-degree,,item-link
2026-08-24#06,cn-shengli-power,matched,curated alias,daily_news,audit/2026-08-24-facts.json,2026-08-24,2026-08-18,Heidelberg Materials pauses full-scale CCS at its Edmonton cement plant over weak carbon pricing,China,canonical physical project location,negative,,corporate/project milestone,1,no — evidence only; canonical capacity register controls totals,https://edmonton.taproot.news/news/2026/08/18/carbon-capture-project-on-hold-at-edmonton-cement-plant,,item-link
2026-08-25#01,,unmatched,,daily_news,audit/2026-08-25-facts.json,2026-08-25,2026-08-24,JOGMEC signs six-company consortium to design ship-based Mizushima CCS cluster,Japan,single event geography; entity not mapped,neutral,,not-dated,3.43,no — evidence only; canonical capacity register controls totals,https://www.sumitomocorp.com/en/easia/news/topics/2026/group/20260824,,item-link
2026-08-26#01,,unmatched,,daily_news,audit/2026-08-26-facts.json,2026-08-26,2026-08-25,SLB selected as strategic reservoir and subsea partner for the Havstjerne CO2 storage project,Norway,single event geography; entity not mapped,positive,,not-dated,,no — evidence only; canonical capacity register controls totals,https://www.worldoil.com/news/2026/8/25/slb-selected-for-feed-work-on-havstjerne-carbon-storage-project/,,item-link
2026-08-26#02,uk-hynet,matched,curated alias,daily_news,audit/2026-08-26-facts.json,2026-08-26,2026-08-25,Corinth Pipeworks wins 41 km pipe-supply contract for Eni's HyNet Liverpool Bay CO2 pipeline,United Kingdom,canonical physical project location,positive,,legislated/regulatory mandate,,no — evidence only; canonical capacity register controls totals,https://www.pipeline-journal.net/news/corinth-pipeworks-secures-contract-uk-hynet-carbon-capture-pipeline-project,,item-link
2026-08-26#03,,unmatched,,daily_news,audit/2026-08-26-facts.json,2026-08-26,2026-08-25,China approves 2025-26 allowance allocation plan for its national emissions trading scheme,China,single event geography; entity not mapped,positive,,government target,,no — evidence only; canonical capacity register controls totals,https://carbon-pulse.com/544236/,,item-link
2026-08-26#04,,unmatched,,daily_news,audit/2026-08-26-facts.json,2026-08-26,2026-08-25,Aker Solutions and Microsoft partner to accelerate global CCS and carbon-removal projects,,multi-country or global event; non-additive until adjudicated,neutral,,not-dated,,no — evidence only; canonical capacity register controls totals,https://www.offshore-energy.biz/aker-solutions-microsoft-partner-to-fast-track-global-ccs-carbon-removal-pipeline/,,item-link
2026-08-26#05,uk-northern-endurance,matched,curated alias,daily_news,audit/2026-08-26-facts.json,2026-08-26,2026-08-25,Jan De Nul enters CCS with first project - rock protection for the Northern Endurance Partnership North Sea CO2 pipeline,United Kingdom,canonical physical project location,neutral,,not-dated,,no — evidence only; canonical capacity register controls totals,https://oceannews.com/news/subsea-and-survey/jan-de-nul-installs-rock-protection-for-north-sea-co2-storage-pipeline,,item-link
2026-08-27#01,au-moomba-ccs,matched,curated alias,daily_news,audit/2026-08-27-facts.json,2026-08-27,2026-08-24,Santos' Moomba CCS passes 2 million tonnes of CO2e stored,Australia,canonical physical project location,neutral,,not-dated,,no — evidence only; canonical capacity register controls totals,https://www.santos.com/news/moomba-ccs-project-achieves-historic-emissions-reduction-milestone/,,item-link
2026-08-27#02,,unmatched,,daily_news,audit/2026-08-27-facts.json,2026-08-27,2026-08-24,Mantel raises US$18m to scale molten-borate carbon capture for heavy industry,,multi-country or global event; non-additive until adjudicated,neutral,,not-dated,,no — evidence only; canonical capacity register controls totals,https://carbonherald.com/mantel-secures-18m-investment-to-scale-molten-borate-carbon-capture/,,item-link
2026-08-28#01,,unmatched,,daily_news,audit/2026-08-28-facts.json,2026-08-28,2026-08-27,"CF Industries, JERA and Mitsui break ground on Blue Point One low-carbon ammonia plant",,multi-country or global event; non-additive until adjudicated,positive,,corporate/project milestone,2.3,no — evidence only; canonical capacity register controls totals,https://www.hydrocarbonengineering.com/clean-fuels/27082026/cf-industries-breaks-ground-on-blue-ammonia-plant/,,item-link
2026-08-28#02,my-kasawari,matched,curated alias,daily_news,audit/2026-08-28-facts.json,2026-08-28,2026-08-27,"Sarawak reaffirms Kasawari as its first CCUS project, targeting start-up by 2028",Malaysia,canonical physical project location,positive,,corporate/project milestone,3.3,no — evidence only; canonical capacity register controls totals,https://dayakdaily.com/sarawaks-first-ccus-project-expected-to-begin-at-kasawari-in-2028/,,item-link
