source_project_id,project_name,country,storage_class,year,actual_stored_mt,value_status,source_vintage,source_url
london-2025-001,Sleipner,Norway,dedicated,1996,0.1,measured-actual-standardised,2025-11-12,https://zenodo.org/records/18016847
london-2025-001,Sleipner,Norway,dedicated,1997,0.6,measured-actual-standardised,2025-11-12,https://zenodo.org/records/18016847
london-2025-001,Sleipner,Norway,dedicated,1998,0.9,measured-actual-standardised,2025-11-12,https://zenodo.org/records/18016847
london-2025-001,Sleipner,Norway,dedicated,1999,0.9,measured-actual-standardised,2025-11-12,https://zenodo.org/records/18016847
london-2025-001,Sleipner,Norway,dedicated,2000,0.9,measured-actual-standardised,2025-11-12,https://zenodo.org/records/18016847
london-2025-001,Sleipner,Norway,dedicated,2001,1.009,measured-actual-standardised,2025-11-12,https://zenodo.org/records/18016847
london-2025-001,Sleipner,Norway,dedicated,2002,0.955,measured-actual-standardised,2025-11-12,https://zenodo.org/records/18016847
london-2025-001,Sleipner,Norway,dedicated,2003,0.914,measured-actual-standardised,2025-11-12,https://zenodo.org/records/18016847
london-2025-001,Sleipner,Norway,dedicated,2004,0.75,measured-actual-standardised,2025-11-12,https://zenodo.org/records/18016847
london-2025-001,Sleipner,Norway,dedicated,2005,0.8,measured-actual-standardised,2025-11-12,https://zenodo.org/records/18016847
london-2025-001,Sleipner,Norway,dedicated,2006,0.82,measured-actual-standardised,2025-11-12,https://zenodo.org/records/18016847
london-2025-001,Sleipner,Norway,dedicated,2007,1.0,measured-actual-standardised,2025-11-12,https://zenodo.org/records/18016847
london-2025-001,Sleipner,Norway,dedicated,2008,0.8,measured-actual-standardised,2025-11-12,https://zenodo.org/records/18016847
london-2025-001,Sleipner,Norway,dedicated,2009,0.6,measured-actual-standardised,2025-11-12,https://zenodo.org/records/18016847
london-2025-001,Sleipner,Norway,dedicated,2010,0.8,measured-actual-standardised,2025-11-12,https://zenodo.org/records/18016847
london-2025-001,Sleipner,Norway,dedicated,2011,0.9,measured-actual-standardised,2025-11-12,https://zenodo.org/records/18016847
london-2025-001,Sleipner,Norway,dedicated,2012,0.9,measured-actual-standardised,2025-11-12,https://zenodo.org/records/18016847
london-2025-001,Sleipner,Norway,dedicated,2013,0.7,measured-actual-standardised,2025-11-12,https://zenodo.org/records/18016847
london-2025-001,Sleipner,Norway,dedicated,2014,0.6,measured-actual-standardised,2025-11-12,https://zenodo.org/records/18016847
london-2025-001,Sleipner,Norway,dedicated,2015,0.707,measured-actual-standardised,2025-11-12,https://zenodo.org/records/18016847
london-2025-001,Sleipner,Norway,dedicated,2016,0.7,measured-actual-standardised,2025-11-12,https://zenodo.org/records/18016847
london-2025-001,Sleipner,Norway,dedicated,2017,0.5,measured-actual-standardised,2025-11-12,https://zenodo.org/records/18016847
london-2025-001,Sleipner,Norway,dedicated,2018,0.509,measured-actual-standardised,2025-11-12,https://zenodo.org/records/18016847
london-2025-001,Sleipner,Norway,dedicated,2019,0.5,measured-actual-standardised,2025-11-12,https://zenodo.org/records/18016847
london-2025-001,Sleipner,Norway,dedicated,2020,0.5,measured-actual-standardised,2025-11-12,https://zenodo.org/records/18016847
london-2025-001,Sleipner,Norway,dedicated,2021,0.322,measured-actual-standardised,2025-11-12,https://zenodo.org/records/18016847
london-2025-001,Sleipner,Norway,dedicated,2022,0.115,measured-actual-standardised,2025-11-12,https://zenodo.org/records/18016847
london-2025-001,Sleipner,Norway,dedicated,2023,0.106,measured-actual-standardised,2025-11-12,https://zenodo.org/records/18016847
london-2025-001,Sleipner,Norway,dedicated,2024,0.05,measured-actual-standardised,2025-11-12,https://zenodo.org/records/18016847
london-2025-002,Snohvit,Norway,dedicated,1996,,measured-actual-standardised,2025-11-12,https://zenodo.org/records/18016847
london-2025-002,Snohvit,Norway,dedicated,1997,,measured-actual-standardised,2025-11-12,https://zenodo.org/records/18016847
london-2025-002,Snohvit,Norway,dedicated,1998,,measured-actual-standardised,2025-11-12,https://zenodo.org/records/18016847
london-2025-002,Snohvit,Norway,dedicated,1999,,measured-actual-standardised,2025-11-12,https://zenodo.org/records/18016847
london-2025-002,Snohvit,Norway,dedicated,2000,,measured-actual-standardised,2025-11-12,https://zenodo.org/records/18016847
london-2025-002,Snohvit,Norway,dedicated,2001,,measured-actual-standardised,2025-11-12,https://zenodo.org/records/18016847
london-2025-002,Snohvit,Norway,dedicated,2002,,measured-actual-standardised,2025-11-12,https://zenodo.org/records/18016847
london-2025-002,Snohvit,Norway,dedicated,2003,,measured-actual-standardised,2025-11-12,https://zenodo.org/records/18016847
london-2025-002,Snohvit,Norway,dedicated,2004,,measured-actual-standardised,2025-11-12,https://zenodo.org/records/18016847
london-2025-002,Snohvit,Norway,dedicated,2005,,measured-actual-standardised,2025-11-12,https://zenodo.org/records/18016847
london-2025-002,Snohvit,Norway,dedicated,2006,,measured-actual-standardised,2025-11-12,https://zenodo.org/records/18016847
london-2025-002,Snohvit,Norway,dedicated,2007,,measured-actual-standardised,2025-11-12,https://zenodo.org/records/18016847
london-2025-002,Snohvit,Norway,dedicated,2008,0.197,measured-actual-standardised,2025-11-12,https://zenodo.org/records/18016847
london-2025-002,Snohvit,Norway,dedicated,2009,0.308,measured-actual-standardised,2025-11-12,https://zenodo.org/records/18016847
london-2025-002,Snohvit,Norway,dedicated,2010,0.46,measured-actual-standardised,2025-11-12,https://zenodo.org/records/18016847
london-2025-002,Snohvit,Norway,dedicated,2011,0.403,measured-actual-standardised,2025-11-12,https://zenodo.org/records/18016847
london-2025-002,Snohvit,Norway,dedicated,2012,0.49,measured-actual-standardised,2025-11-12,https://zenodo.org/records/18016847
london-2025-002,Snohvit,Norway,dedicated,2013,0.4,measured-actual-standardised,2025-11-12,https://zenodo.org/records/18016847
london-2025-002,Snohvit,Norway,dedicated,2014,0.587,measured-actual-standardised,2025-11-12,https://zenodo.org/records/18016847
london-2025-002,Snohvit,Norway,dedicated,2015,0.679,measured-actual-standardised,2025-11-12,https://zenodo.org/records/18016847
london-2025-002,Snohvit,Norway,dedicated,2016,0.7,measured-actual-standardised,2025-11-12,https://zenodo.org/records/18016847
london-2025-002,Snohvit,Norway,dedicated,2017,0.7,measured-actual-standardised,2025-11-12,https://zenodo.org/records/18016847
london-2025-002,Snohvit,Norway,dedicated,2018,0.758,measured-actual-standardised,2025-11-12,https://zenodo.org/records/18016847
london-2025-002,Snohvit,Norway,dedicated,2019,0.721,measured-actual-standardised,2025-11-12,https://zenodo.org/records/18016847
london-2025-002,Snohvit,Norway,dedicated,2020,0.422,measured-actual-standardised,2025-11-12,https://zenodo.org/records/18016847
london-2025-002,Snohvit,Norway,dedicated,2021,0.0,measured-actual-standardised,2025-11-12,https://zenodo.org/records/18016847
london-2025-002,Snohvit,Norway,dedicated,2022,0.402,measured-actual-standardised,2025-11-12,https://zenodo.org/records/18016847
london-2025-002,Snohvit,Norway,dedicated,2023,0.657,measured-actual-standardised,2025-11-12,https://zenodo.org/records/18016847
london-2025-002,Snohvit,Norway,dedicated,2024,0.74,measured-actual-standardised,2025-11-12,https://zenodo.org/records/18016847
london-2025-003,Carbfix Storage,Iceland,dedicated,1996,,measured-actual-standardised,2025-11-12,https://zenodo.org/records/18016847
london-2025-003,Carbfix Storage,Iceland,dedicated,1997,,measured-actual-standardised,2025-11-12,https://zenodo.org/records/18016847
london-2025-003,Carbfix Storage,Iceland,dedicated,1998,,measured-actual-standardised,2025-11-12,https://zenodo.org/records/18016847
london-2025-003,Carbfix Storage,Iceland,dedicated,1999,,measured-actual-standardised,2025-11-12,https://zenodo.org/records/18016847
london-2025-003,Carbfix Storage,Iceland,dedicated,2000,,measured-actual-standardised,2025-11-12,https://zenodo.org/records/18016847
london-2025-003,Carbfix Storage,Iceland,dedicated,2001,,measured-actual-standardised,2025-11-12,https://zenodo.org/records/18016847
london-2025-003,Carbfix Storage,Iceland,dedicated,2002,,measured-actual-standardised,2025-11-12,https://zenodo.org/records/18016847
london-2025-003,Carbfix Storage,Iceland,dedicated,2003,,measured-actual-standardised,2025-11-12,https://zenodo.org/records/18016847
london-2025-003,Carbfix Storage,Iceland,dedicated,2004,,measured-actual-standardised,2025-11-12,https://zenodo.org/records/18016847
london-2025-003,Carbfix Storage,Iceland,dedicated,2005,,measured-actual-standardised,2025-11-12,https://zenodo.org/records/18016847
london-2025-003,Carbfix Storage,Iceland,dedicated,2006,,measured-actual-standardised,2025-11-12,https://zenodo.org/records/18016847
london-2025-003,Carbfix Storage,Iceland,dedicated,2007,,measured-actual-standardised,2025-11-12,https://zenodo.org/records/18016847
london-2025-003,Carbfix Storage,Iceland,dedicated,2008,,measured-actual-standardised,2025-11-12,https://zenodo.org/records/18016847
london-2025-003,Carbfix Storage,Iceland,dedicated,2009,,measured-actual-standardised,2025-11-12,https://zenodo.org/records/18016847
london-2025-003,Carbfix Storage,Iceland,dedicated,2010,,measured-actual-standardised,2025-11-12,https://zenodo.org/records/18016847
london-2025-003,Carbfix Storage,Iceland,dedicated,2011,,measured-actual-standardised,2025-11-12,https://zenodo.org/records/18016847
london-2025-003,Carbfix Storage,Iceland,dedicated,2012,0.0,measured-actual-standardised,2025-11-12,https://zenodo.org/records/18016847
london-2025-003,Carbfix Storage,Iceland,dedicated,2013,,measured-actual-standardised,2025-11-12,https://zenodo.org/records/18016847
london-2025-003,Carbfix Storage,Iceland,dedicated,2014,0.002,measured-actual-standardised,2025-11-12,https://zenodo.org/records/18016847
london-2025-003,Carbfix Storage,Iceland,dedicated,2015,0.004,measured-actual-standardised,2025-11-12,https://zenodo.org/records/18016847
london-2025-003,Carbfix Storage,Iceland,dedicated,2016,0.007,measured-actual-standardised,2025-11-12,https://zenodo.org/records/18016847
london-2025-003,Carbfix Storage,Iceland,dedicated,2017,0.01,measured-actual-standardised,2025-11-12,https://zenodo.org/records/18016847
london-2025-003,Carbfix Storage,Iceland,dedicated,2018,0.012,measured-actual-standardised,2025-11-12,https://zenodo.org/records/18016847
london-2025-003,Carbfix Storage,Iceland,dedicated,2019,0.01,measured-actual-standardised,2025-11-12,https://zenodo.org/records/18016847
london-2025-003,Carbfix Storage,Iceland,dedicated,2020,0.012,measured-actual-standardised,2025-11-12,https://zenodo.org/records/18016847
london-2025-003,Carbfix Storage,Iceland,dedicated,2021,,measured-actual-standardised,2025-11-12,https://zenodo.org/records/18016847
london-2025-003,Carbfix Storage,Iceland,dedicated,2022,0.012,measured-actual-standardised,2025-11-12,https://zenodo.org/records/18016847
london-2025-003,Carbfix Storage,Iceland,dedicated,2023,0.012,measured-actual-standardised,2025-11-12,https://zenodo.org/records/18016847
london-2025-003,Carbfix Storage,Iceland,dedicated,2024,,measured-actual-standardised,2025-11-12,https://zenodo.org/records/18016847
london-2025-004,CO2 EOR Project Crotia,Croatia,eor,1996,,measured-actual-standardised,2025-11-12,https://zenodo.org/records/18016847
london-2025-004,CO2 EOR Project Crotia,Croatia,eor,1997,,measured-actual-standardised,2025-11-12,https://zenodo.org/records/18016847
london-2025-004,CO2 EOR Project Crotia,Croatia,eor,1998,,measured-actual-standardised,2025-11-12,https://zenodo.org/records/18016847
london-2025-004,CO2 EOR Project Crotia,Croatia,eor,1999,,measured-actual-standardised,2025-11-12,https://zenodo.org/records/18016847
london-2025-004,CO2 EOR Project Crotia,Croatia,eor,2000,,measured-actual-standardised,2025-11-12,https://zenodo.org/records/18016847
london-2025-004,CO2 EOR Project Crotia,Croatia,eor,2001,,measured-actual-standardised,2025-11-12,https://zenodo.org/records/18016847
london-2025-004,CO2 EOR Project Crotia,Croatia,eor,2002,,measured-actual-standardised,2025-11-12,https://zenodo.org/records/18016847
london-2025-004,CO2 EOR Project Crotia,Croatia,eor,2003,,measured-actual-standardised,2025-11-12,https://zenodo.org/records/18016847
london-2025-004,CO2 EOR Project Crotia,Croatia,eor,2004,,measured-actual-standardised,2025-11-12,https://zenodo.org/records/18016847
london-2025-004,CO2 EOR Project Crotia,Croatia,eor,2005,,measured-actual-standardised,2025-11-12,https://zenodo.org/records/18016847
london-2025-004,CO2 EOR Project Crotia,Croatia,eor,2006,,measured-actual-standardised,2025-11-12,https://zenodo.org/records/18016847
london-2025-004,CO2 EOR Project Crotia,Croatia,eor,2007,,measured-actual-standardised,2025-11-12,https://zenodo.org/records/18016847
london-2025-004,CO2 EOR Project Crotia,Croatia,eor,2008,,measured-actual-standardised,2025-11-12,https://zenodo.org/records/18016847
london-2025-004,CO2 EOR Project Crotia,Croatia,eor,2009,,measured-actual-standardised,2025-11-12,https://zenodo.org/records/18016847
london-2025-004,CO2 EOR Project Crotia,Croatia,eor,2010,,measured-actual-standardised,2025-11-12,https://zenodo.org/records/18016847
london-2025-004,CO2 EOR Project Crotia,Croatia,eor,2011,,measured-actual-standardised,2025-11-12,https://zenodo.org/records/18016847
london-2025-004,CO2 EOR Project Crotia,Croatia,eor,2012,,measured-actual-standardised,2025-11-12,https://zenodo.org/records/18016847
london-2025-004,CO2 EOR Project Crotia,Croatia,eor,2013,,measured-actual-standardised,2025-11-12,https://zenodo.org/records/18016847
london-2025-004,CO2 EOR Project Crotia,Croatia,eor,2014,0.051,measured-actual-standardised,2025-11-12,https://zenodo.org/records/18016847
london-2025-004,CO2 EOR Project Crotia,Croatia,eor,2015,0.226,measured-actual-standardised,2025-11-12,https://zenodo.org/records/18016847
london-2025-004,CO2 EOR Project Crotia,Croatia,eor,2016,,measured-actual-standardised,2025-11-12,https://zenodo.org/records/18016847
london-2025-004,CO2 EOR Project Crotia,Croatia,eor,2017,,measured-actual-standardised,2025-11-12,https://zenodo.org/records/18016847
london-2025-004,CO2 EOR Project Crotia,Croatia,eor,2018,,measured-actual-standardised,2025-11-12,https://zenodo.org/records/18016847
london-2025-004,CO2 EOR Project Crotia,Croatia,eor,2019,,measured-actual-standardised,2025-11-12,https://zenodo.org/records/18016847
london-2025-004,CO2 EOR Project Crotia,Croatia,eor,2020,,measured-actual-standardised,2025-11-12,https://zenodo.org/records/18016847
london-2025-004,CO2 EOR Project Crotia,Croatia,eor,2021,,measured-actual-standardised,2025-11-12,https://zenodo.org/records/18016847
london-2025-004,CO2 EOR Project Crotia,Croatia,eor,2022,,measured-actual-standardised,2025-11-12,https://zenodo.org/records/18016847
london-2025-004,CO2 EOR Project Crotia,Croatia,eor,2023,,measured-actual-standardised,2025-11-12,https://zenodo.org/records/18016847
london-2025-004,CO2 EOR Project Crotia,Croatia,eor,2024,,measured-actual-standardised,2025-11-12,https://zenodo.org/records/18016847
london-2025-005,Tomakomai CCS Demonstration Project,Japan,dedicated,1996,,measured-actual-standardised,2025-11-12,https://zenodo.org/records/18016847
london-2025-005,Tomakomai CCS Demonstration Project,Japan,dedicated,1997,,measured-actual-standardised,2025-11-12,https://zenodo.org/records/18016847
london-2025-005,Tomakomai CCS Demonstration Project,Japan,dedicated,1998,,measured-actual-standardised,2025-11-12,https://zenodo.org/records/18016847
london-2025-005,Tomakomai CCS Demonstration Project,Japan,dedicated,1999,,measured-actual-standardised,2025-11-12,https://zenodo.org/records/18016847
london-2025-005,Tomakomai CCS Demonstration Project,Japan,dedicated,2000,,measured-actual-standardised,2025-11-12,https://zenodo.org/records/18016847
london-2025-005,Tomakomai CCS Demonstration Project,Japan,dedicated,2001,,measured-actual-standardised,2025-11-12,https://zenodo.org/records/18016847
london-2025-005,Tomakomai CCS Demonstration Project,Japan,dedicated,2002,,measured-actual-standardised,2025-11-12,https://zenodo.org/records/18016847
london-2025-005,Tomakomai CCS Demonstration Project,Japan,dedicated,2003,,measured-actual-standardised,2025-11-12,https://zenodo.org/records/18016847
london-2025-005,Tomakomai CCS Demonstration Project,Japan,dedicated,2004,,measured-actual-standardised,2025-11-12,https://zenodo.org/records/18016847
london-2025-005,Tomakomai CCS Demonstration Project,Japan,dedicated,2005,,measured-actual-standardised,2025-11-12,https://zenodo.org/records/18016847
london-2025-005,Tomakomai CCS Demonstration Project,Japan,dedicated,2006,,measured-actual-standardised,2025-11-12,https://zenodo.org/records/18016847
london-2025-005,Tomakomai CCS Demonstration Project,Japan,dedicated,2007,,measured-actual-standardised,2025-11-12,https://zenodo.org/records/18016847
london-2025-005,Tomakomai CCS Demonstration Project,Japan,dedicated,2008,,measured-actual-standardised,2025-11-12,https://zenodo.org/records/18016847
london-2025-005,Tomakomai CCS Demonstration Project,Japan,dedicated,2009,,measured-actual-standardised,2025-11-12,https://zenodo.org/records/18016847
london-2025-005,Tomakomai CCS Demonstration Project,Japan,dedicated,2010,,measured-actual-standardised,2025-11-12,https://zenodo.org/records/18016847
london-2025-005,Tomakomai CCS Demonstration Project,Japan,dedicated,2011,,measured-actual-standardised,2025-11-12,https://zenodo.org/records/18016847
london-2025-005,Tomakomai CCS Demonstration Project,Japan,dedicated,2012,,measured-actual-standardised,2025-11-12,https://zenodo.org/records/18016847
london-2025-005,Tomakomai CCS Demonstration Project,Japan,dedicated,2013,,measured-actual-standardised,2025-11-12,https://zenodo.org/records/18016847
london-2025-005,Tomakomai CCS Demonstration Project,Japan,dedicated,2014,,measured-actual-standardised,2025-11-12,https://zenodo.org/records/18016847
london-2025-005,Tomakomai CCS Demonstration Project,Japan,dedicated,2015,,measured-actual-standardised,2025-11-12,https://zenodo.org/records/18016847
london-2025-005,Tomakomai CCS Demonstration Project,Japan,dedicated,2016,0.029,measured-actual-standardised,2025-11-12,https://zenodo.org/records/18016847
london-2025-005,Tomakomai CCS Demonstration Project,Japan,dedicated,2017,0.127,measured-actual-standardised,2025-11-12,https://zenodo.org/records/18016847
london-2025-005,Tomakomai CCS Demonstration Project,Japan,dedicated,2018,0.08,measured-actual-standardised,2025-11-12,https://zenodo.org/records/18016847
london-2025-005,Tomakomai CCS Demonstration Project,Japan,dedicated,2019,0.065,measured-actual-standardised,2025-11-12,https://zenodo.org/records/18016847
london-2025-005,Tomakomai CCS Demonstration Project,Japan,dedicated,2020,,measured-actual-standardised,2025-11-12,https://zenodo.org/records/18016847
london-2025-005,Tomakomai CCS Demonstration Project,Japan,dedicated,2021,,measured-actual-standardised,2025-11-12,https://zenodo.org/records/18016847
london-2025-005,Tomakomai CCS Demonstration Project,Japan,dedicated,2022,,measured-actual-standardised,2025-11-12,https://zenodo.org/records/18016847
london-2025-005,Tomakomai CCS Demonstration Project,Japan,dedicated,2023,,measured-actual-standardised,2025-11-12,https://zenodo.org/records/18016847
london-2025-005,Tomakomai CCS Demonstration Project,Japan,dedicated,2024,,measured-actual-standardised,2025-11-12,https://zenodo.org/records/18016847
london-2025-006,ADNOC Al Reyadah,United Arab Emirates,eor,1996,,measured-actual-standardised,2025-11-12,https://zenodo.org/records/18016847
london-2025-006,ADNOC Al Reyadah,United Arab Emirates,eor,1997,,measured-actual-standardised,2025-11-12,https://zenodo.org/records/18016847
london-2025-006,ADNOC Al Reyadah,United Arab Emirates,eor,1998,,measured-actual-standardised,2025-11-12,https://zenodo.org/records/18016847
london-2025-006,ADNOC Al Reyadah,United Arab Emirates,eor,1999,,measured-actual-standardised,2025-11-12,https://zenodo.org/records/18016847
london-2025-006,ADNOC Al Reyadah,United Arab Emirates,eor,2000,,measured-actual-standardised,2025-11-12,https://zenodo.org/records/18016847
london-2025-006,ADNOC Al Reyadah,United Arab Emirates,eor,2001,,measured-actual-standardised,2025-11-12,https://zenodo.org/records/18016847
london-2025-006,ADNOC Al Reyadah,United Arab Emirates,eor,2002,,measured-actual-standardised,2025-11-12,https://zenodo.org/records/18016847
london-2025-006,ADNOC Al Reyadah,United Arab Emirates,eor,2003,,measured-actual-standardised,2025-11-12,https://zenodo.org/records/18016847
london-2025-006,ADNOC Al Reyadah,United Arab Emirates,eor,2004,,measured-actual-standardised,2025-11-12,https://zenodo.org/records/18016847
london-2025-006,ADNOC Al Reyadah,United Arab Emirates,eor,2005,,measured-actual-standardised,2025-11-12,https://zenodo.org/records/18016847
london-2025-006,ADNOC Al Reyadah,United Arab Emirates,eor,2006,,measured-actual-standardised,2025-11-12,https://zenodo.org/records/18016847
london-2025-006,ADNOC Al Reyadah,United Arab Emirates,eor,2007,,measured-actual-standardised,2025-11-12,https://zenodo.org/records/18016847
london-2025-006,ADNOC Al Reyadah,United Arab Emirates,eor,2008,,measured-actual-standardised,2025-11-12,https://zenodo.org/records/18016847
london-2025-006,ADNOC Al Reyadah,United Arab Emirates,eor,2009,,measured-actual-standardised,2025-11-12,https://zenodo.org/records/18016847
london-2025-006,ADNOC Al Reyadah,United Arab Emirates,eor,2010,,measured-actual-standardised,2025-11-12,https://zenodo.org/records/18016847
london-2025-006,ADNOC Al Reyadah,United Arab Emirates,eor,2011,,measured-actual-standardised,2025-11-12,https://zenodo.org/records/18016847
london-2025-006,ADNOC Al Reyadah,United Arab Emirates,eor,2012,,measured-actual-standardised,2025-11-12,https://zenodo.org/records/18016847
london-2025-006,ADNOC Al Reyadah,United Arab Emirates,eor,2013,,measured-actual-standardised,2025-11-12,https://zenodo.org/records/18016847
london-2025-006,ADNOC Al Reyadah,United Arab Emirates,eor,2014,,measured-actual-standardised,2025-11-12,https://zenodo.org/records/18016847
london-2025-006,ADNOC Al Reyadah,United Arab Emirates,eor,2015,,measured-actual-standardised,2025-11-12,https://zenodo.org/records/18016847
london-2025-006,ADNOC Al Reyadah,United Arab Emirates,eor,2016,0.8,measured-actual-standardised,2025-11-12,https://zenodo.org/records/18016847
london-2025-006,ADNOC Al Reyadah,United Arab Emirates,eor,2017,0.8,measured-actual-standardised,2025-11-12,https://zenodo.org/records/18016847
london-2025-006,ADNOC Al Reyadah,United Arab Emirates,eor,2018,0.8,measured-actual-standardised,2025-11-12,https://zenodo.org/records/18016847
london-2025-006,ADNOC Al Reyadah,United Arab Emirates,eor,2019,0.8,measured-actual-standardised,2025-11-12,https://zenodo.org/records/18016847
london-2025-006,ADNOC Al Reyadah,United Arab Emirates,eor,2020,0.8,measured-actual-standardised,2025-11-12,https://zenodo.org/records/18016847
london-2025-006,ADNOC Al Reyadah,United Arab Emirates,eor,2021,0.8,measured-actual-standardised,2025-11-12,https://zenodo.org/records/18016847
london-2025-006,ADNOC Al Reyadah,United Arab Emirates,eor,2022,0.8,measured-actual-standardised,2025-11-12,https://zenodo.org/records/18016847
london-2025-006,ADNOC Al Reyadah,United Arab Emirates,eor,2023,0.8,measured-actual-standardised,2025-11-12,https://zenodo.org/records/18016847
london-2025-006,ADNOC Al Reyadah,United Arab Emirates,eor,2024,0.8,measured-actual-standardised,2025-11-12,https://zenodo.org/records/18016847
london-2025-007,Chevron Gorgon,Australia,dedicated,1996,,measured-actual-standardised,2025-11-12,https://zenodo.org/records/18016847
london-2025-007,Chevron Gorgon,Australia,dedicated,1997,,measured-actual-standardised,2025-11-12,https://zenodo.org/records/18016847
london-2025-007,Chevron Gorgon,Australia,dedicated,1998,,measured-actual-standardised,2025-11-12,https://zenodo.org/records/18016847
london-2025-007,Chevron Gorgon,Australia,dedicated,1999,,measured-actual-standardised,2025-11-12,https://zenodo.org/records/18016847
london-2025-007,Chevron Gorgon,Australia,dedicated,2000,,measured-actual-standardised,2025-11-12,https://zenodo.org/records/18016847
london-2025-007,Chevron Gorgon,Australia,dedicated,2001,,measured-actual-standardised,2025-11-12,https://zenodo.org/records/18016847
london-2025-007,Chevron Gorgon,Australia,dedicated,2002,,measured-actual-standardised,2025-11-12,https://zenodo.org/records/18016847
london-2025-007,Chevron Gorgon,Australia,dedicated,2003,,measured-actual-standardised,2025-11-12,https://zenodo.org/records/18016847
london-2025-007,Chevron Gorgon,Australia,dedicated,2004,,measured-actual-standardised,2025-11-12,https://zenodo.org/records/18016847
london-2025-007,Chevron Gorgon,Australia,dedicated,2005,,measured-actual-standardised,2025-11-12,https://zenodo.org/records/18016847
london-2025-007,Chevron Gorgon,Australia,dedicated,2006,,measured-actual-standardised,2025-11-12,https://zenodo.org/records/18016847
london-2025-007,Chevron Gorgon,Australia,dedicated,2007,,measured-actual-standardised,2025-11-12,https://zenodo.org/records/18016847
london-2025-007,Chevron Gorgon,Australia,dedicated,2008,,measured-actual-standardised,2025-11-12,https://zenodo.org/records/18016847
london-2025-007,Chevron Gorgon,Australia,dedicated,2009,,measured-actual-standardised,2025-11-12,https://zenodo.org/records/18016847
london-2025-007,Chevron Gorgon,Australia,dedicated,2010,,measured-actual-standardised,2025-11-12,https://zenodo.org/records/18016847
london-2025-007,Chevron Gorgon,Australia,dedicated,2011,,measured-actual-standardised,2025-11-12,https://zenodo.org/records/18016847
london-2025-007,Chevron Gorgon,Australia,dedicated,2012,,measured-actual-standardised,2025-11-12,https://zenodo.org/records/18016847
london-2025-007,Chevron Gorgon,Australia,dedicated,2013,,measured-actual-standardised,2025-11-12,https://zenodo.org/records/18016847
london-2025-007,Chevron Gorgon,Australia,dedicated,2014,,measured-actual-standardised,2025-11-12,https://zenodo.org/records/18016847
london-2025-007,Chevron Gorgon,Australia,dedicated,2015,,measured-actual-standardised,2025-11-12,https://zenodo.org/records/18016847
london-2025-007,Chevron Gorgon,Australia,dedicated,2016,,measured-actual-standardised,2025-11-12,https://zenodo.org/records/18016847
london-2025-007,Chevron Gorgon,Australia,dedicated,2017,,measured-actual-standardised,2025-11-12,https://zenodo.org/records/18016847
london-2025-007,Chevron Gorgon,Australia,dedicated,2018,,measured-actual-standardised,2025-11-12,https://zenodo.org/records/18016847
london-2025-007,Chevron Gorgon,Australia,dedicated,2019,2.707092,measured-actual-standardised,2025-11-12,https://zenodo.org/records/18016847
london-2025-007,Chevron Gorgon,Australia,dedicated,2020,2.170594,measured-actual-standardised,2025-11-12,https://zenodo.org/records/18016847
london-2025-007,Chevron Gorgon,Australia,dedicated,2021,1.64615,measured-actual-standardised,2025-11-12,https://zenodo.org/records/18016847
london-2025-007,Chevron Gorgon,Australia,dedicated,2022,1.717841,measured-actual-standardised,2025-11-12,https://zenodo.org/records/18016847
london-2025-007,Chevron Gorgon,Australia,dedicated,2023,1.59434,measured-actual-standardised,2025-11-12,https://zenodo.org/records/18016847
london-2025-007,Chevron Gorgon,Australia,dedicated,2024,,measured-actual-standardised,2025-11-12,https://zenodo.org/records/18016847
london-2025-008,CO2CRC,Australia,dedicated,1996,,measured-actual-standardised,2025-11-12,https://zenodo.org/records/18016847
london-2025-008,CO2CRC,Australia,dedicated,1997,,measured-actual-standardised,2025-11-12,https://zenodo.org/records/18016847
london-2025-008,CO2CRC,Australia,dedicated,1998,,measured-actual-standardised,2025-11-12,https://zenodo.org/records/18016847
london-2025-008,CO2CRC,Australia,dedicated,1999,,measured-actual-standardised,2025-11-12,https://zenodo.org/records/18016847
london-2025-008,CO2CRC,Australia,dedicated,2000,,measured-actual-standardised,2025-11-12,https://zenodo.org/records/18016847
london-2025-008,CO2CRC,Australia,dedicated,2001,,measured-actual-standardised,2025-11-12,https://zenodo.org/records/18016847
london-2025-008,CO2CRC,Australia,dedicated,2002,,measured-actual-standardised,2025-11-12,https://zenodo.org/records/18016847
london-2025-008,CO2CRC,Australia,dedicated,2003,,measured-actual-standardised,2025-11-12,https://zenodo.org/records/18016847
london-2025-008,CO2CRC,Australia,dedicated,2004,,measured-actual-standardised,2025-11-12,https://zenodo.org/records/18016847
london-2025-008,CO2CRC,Australia,dedicated,2005,,measured-actual-standardised,2025-11-12,https://zenodo.org/records/18016847
london-2025-008,CO2CRC,Australia,dedicated,2006,,measured-actual-standardised,2025-11-12,https://zenodo.org/records/18016847
london-2025-008,CO2CRC,Australia,dedicated,2007,,measured-actual-standardised,2025-11-12,https://zenodo.org/records/18016847
london-2025-008,CO2CRC,Australia,dedicated,2008,0.037625,measured-actual-standardised,2025-11-12,https://zenodo.org/records/18016847
london-2025-008,CO2CRC,Australia,dedicated,2009,0.02843,measured-actual-standardised,2025-11-12,https://zenodo.org/records/18016847
london-2025-008,CO2CRC,Australia,dedicated,2010,,measured-actual-standardised,2025-11-12,https://zenodo.org/records/18016847
london-2025-008,CO2CRC,Australia,dedicated,2011,,measured-actual-standardised,2025-11-12,https://zenodo.org/records/18016847
london-2025-008,CO2CRC,Australia,dedicated,2012,,measured-actual-standardised,2025-11-12,https://zenodo.org/records/18016847
london-2025-008,CO2CRC,Australia,dedicated,2013,,measured-actual-standardised,2025-11-12,https://zenodo.org/records/18016847
london-2025-008,CO2CRC,Australia,dedicated,2014,,measured-actual-standardised,2025-11-12,https://zenodo.org/records/18016847
london-2025-008,CO2CRC,Australia,dedicated,2015,,measured-actual-standardised,2025-11-12,https://zenodo.org/records/18016847
london-2025-008,CO2CRC,Australia,dedicated,2016,0.015,measured-actual-standardised,2025-11-12,https://zenodo.org/records/18016847
london-2025-008,CO2CRC,Australia,dedicated,2017,,measured-actual-standardised,2025-11-12,https://zenodo.org/records/18016847
london-2025-008,CO2CRC,Australia,dedicated,2018,,measured-actual-standardised,2025-11-12,https://zenodo.org/records/18016847
london-2025-008,CO2CRC,Australia,dedicated,2019,,measured-actual-standardised,2025-11-12,https://zenodo.org/records/18016847
london-2025-008,CO2CRC,Australia,dedicated,2020,,measured-actual-standardised,2025-11-12,https://zenodo.org/records/18016847
london-2025-008,CO2CRC,Australia,dedicated,2021,0.01505,measured-actual-standardised,2025-11-12,https://zenodo.org/records/18016847
london-2025-008,CO2CRC,Australia,dedicated,2022,,measured-actual-standardised,2025-11-12,https://zenodo.org/records/18016847
london-2025-008,CO2CRC,Australia,dedicated,2023,,measured-actual-standardised,2025-11-12,https://zenodo.org/records/18016847
london-2025-008,CO2CRC,Australia,dedicated,2024,0.007375,measured-actual-standardised,2025-11-12,https://zenodo.org/records/18016847
london-2025-009,Petrobras Santos Basin Pre-Salt Oil Field,Brazil,eor,1996,,measured-actual-standardised,2025-11-12,https://zenodo.org/records/18016847
london-2025-009,Petrobras Santos Basin Pre-Salt Oil Field,Brazil,eor,1997,,measured-actual-standardised,2025-11-12,https://zenodo.org/records/18016847
london-2025-009,Petrobras Santos Basin Pre-Salt Oil Field,Brazil,eor,1998,,measured-actual-standardised,2025-11-12,https://zenodo.org/records/18016847
london-2025-009,Petrobras Santos Basin Pre-Salt Oil Field,Brazil,eor,1999,,measured-actual-standardised,2025-11-12,https://zenodo.org/records/18016847
london-2025-009,Petrobras Santos Basin Pre-Salt Oil Field,Brazil,eor,2000,,measured-actual-standardised,2025-11-12,https://zenodo.org/records/18016847
london-2025-009,Petrobras Santos Basin Pre-Salt Oil Field,Brazil,eor,2001,,measured-actual-standardised,2025-11-12,https://zenodo.org/records/18016847
london-2025-009,Petrobras Santos Basin Pre-Salt Oil Field,Brazil,eor,2002,,measured-actual-standardised,2025-11-12,https://zenodo.org/records/18016847
london-2025-009,Petrobras Santos Basin Pre-Salt Oil Field,Brazil,eor,2003,,measured-actual-standardised,2025-11-12,https://zenodo.org/records/18016847
london-2025-009,Petrobras Santos Basin Pre-Salt Oil Field,Brazil,eor,2004,,measured-actual-standardised,2025-11-12,https://zenodo.org/records/18016847
london-2025-009,Petrobras Santos Basin Pre-Salt Oil Field,Brazil,eor,2005,,measured-actual-standardised,2025-11-12,https://zenodo.org/records/18016847
london-2025-009,Petrobras Santos Basin Pre-Salt Oil Field,Brazil,eor,2006,,measured-actual-standardised,2025-11-12,https://zenodo.org/records/18016847
london-2025-009,Petrobras Santos Basin Pre-Salt Oil Field,Brazil,eor,2007,,measured-actual-standardised,2025-11-12,https://zenodo.org/records/18016847
london-2025-009,Petrobras Santos Basin Pre-Salt Oil Field,Brazil,eor,2008,0.32,measured-actual-standardised,2025-11-12,https://zenodo.org/records/18016847
london-2025-009,Petrobras Santos Basin Pre-Salt Oil Field,Brazil,eor,2009,0.32,measured-actual-standardised,2025-11-12,https://zenodo.org/records/18016847
london-2025-009,Petrobras Santos Basin Pre-Salt Oil Field,Brazil,eor,2010,0.32,measured-actual-standardised,2025-11-12,https://zenodo.org/records/18016847
london-2025-009,Petrobras Santos Basin Pre-Salt Oil Field,Brazil,eor,2011,0.32,measured-actual-standardised,2025-11-12,https://zenodo.org/records/18016847
london-2025-009,Petrobras Santos Basin Pre-Salt Oil Field,Brazil,eor,2012,0.32,measured-actual-standardised,2025-11-12,https://zenodo.org/records/18016847
london-2025-009,Petrobras Santos Basin Pre-Salt Oil Field,Brazil,eor,2013,0.32,measured-actual-standardised,2025-11-12,https://zenodo.org/records/18016847
london-2025-009,Petrobras Santos Basin Pre-Salt Oil Field,Brazil,eor,2014,0.32,measured-actual-standardised,2025-11-12,https://zenodo.org/records/18016847
london-2025-009,Petrobras Santos Basin Pre-Salt Oil Field,Brazil,eor,2015,0.67,measured-actual-standardised,2025-11-12,https://zenodo.org/records/18016847
london-2025-009,Petrobras Santos Basin Pre-Salt Oil Field,Brazil,eor,2016,1.62,measured-actual-standardised,2025-11-12,https://zenodo.org/records/18016847
london-2025-009,Petrobras Santos Basin Pre-Salt Oil Field,Brazil,eor,2017,2.5,measured-actual-standardised,2025-11-12,https://zenodo.org/records/18016847
london-2025-009,Petrobras Santos Basin Pre-Salt Oil Field,Brazil,eor,2018,2.8,measured-actual-standardised,2025-11-12,https://zenodo.org/records/18016847
london-2025-009,Petrobras Santos Basin Pre-Salt Oil Field,Brazil,eor,2019,4.6,measured-actual-standardised,2025-11-12,https://zenodo.org/records/18016847
london-2025-009,Petrobras Santos Basin Pre-Salt Oil Field,Brazil,eor,2020,7.0,measured-actual-standardised,2025-11-12,https://zenodo.org/records/18016847
london-2025-009,Petrobras Santos Basin Pre-Salt Oil Field,Brazil,eor,2021,8.7,measured-actual-standardised,2025-11-12,https://zenodo.org/records/18016847
london-2025-009,Petrobras Santos Basin Pre-Salt Oil Field,Brazil,eor,2022,10.6,measured-actual-standardised,2025-11-12,https://zenodo.org/records/18016847
london-2025-009,Petrobras Santos Basin Pre-Salt Oil Field,Brazil,eor,2023,13.0,measured-actual-standardised,2025-11-12,https://zenodo.org/records/18016847
london-2025-009,Petrobras Santos Basin Pre-Salt Oil Field,Brazil,eor,2024,14.18,measured-actual-standardised,2025-11-12,https://zenodo.org/records/18016847
london-2025-010,Alberta Carbon Trunk Line (ACTL),Canada,eor,1996,,measured-actual-standardised,2025-11-12,https://zenodo.org/records/18016847
london-2025-010,Alberta Carbon Trunk Line (ACTL),Canada,eor,1997,,measured-actual-standardised,2025-11-12,https://zenodo.org/records/18016847
london-2025-010,Alberta Carbon Trunk Line (ACTL),Canada,eor,1998,,measured-actual-standardised,2025-11-12,https://zenodo.org/records/18016847
london-2025-010,Alberta Carbon Trunk Line (ACTL),Canada,eor,1999,,measured-actual-standardised,2025-11-12,https://zenodo.org/records/18016847
london-2025-010,Alberta Carbon Trunk Line (ACTL),Canada,eor,2000,,measured-actual-standardised,2025-11-12,https://zenodo.org/records/18016847
london-2025-010,Alberta Carbon Trunk Line (ACTL),Canada,eor,2001,,measured-actual-standardised,2025-11-12,https://zenodo.org/records/18016847
london-2025-010,Alberta Carbon Trunk Line (ACTL),Canada,eor,2002,,measured-actual-standardised,2025-11-12,https://zenodo.org/records/18016847
london-2025-010,Alberta Carbon Trunk Line (ACTL),Canada,eor,2003,,measured-actual-standardised,2025-11-12,https://zenodo.org/records/18016847
london-2025-010,Alberta Carbon Trunk Line (ACTL),Canada,eor,2004,,measured-actual-standardised,2025-11-12,https://zenodo.org/records/18016847
london-2025-010,Alberta Carbon Trunk Line (ACTL),Canada,eor,2005,,measured-actual-standardised,2025-11-12,https://zenodo.org/records/18016847
london-2025-010,Alberta Carbon Trunk Line (ACTL),Canada,eor,2006,,measured-actual-standardised,2025-11-12,https://zenodo.org/records/18016847
london-2025-010,Alberta Carbon Trunk Line (ACTL),Canada,eor,2007,,measured-actual-standardised,2025-11-12,https://zenodo.org/records/18016847
london-2025-010,Alberta Carbon Trunk Line (ACTL),Canada,eor,2008,,measured-actual-standardised,2025-11-12,https://zenodo.org/records/18016847
london-2025-010,Alberta Carbon Trunk Line (ACTL),Canada,eor,2009,,measured-actual-standardised,2025-11-12,https://zenodo.org/records/18016847
london-2025-010,Alberta Carbon Trunk Line (ACTL),Canada,eor,2010,,measured-actual-standardised,2025-11-12,https://zenodo.org/records/18016847
london-2025-010,Alberta Carbon Trunk Line (ACTL),Canada,eor,2011,,measured-actual-standardised,2025-11-12,https://zenodo.org/records/18016847
london-2025-010,Alberta Carbon Trunk Line (ACTL),Canada,eor,2012,,measured-actual-standardised,2025-11-12,https://zenodo.org/records/18016847
london-2025-010,Alberta Carbon Trunk Line (ACTL),Canada,eor,2013,,measured-actual-standardised,2025-11-12,https://zenodo.org/records/18016847
london-2025-010,Alberta Carbon Trunk Line (ACTL),Canada,eor,2014,,measured-actual-standardised,2025-11-12,https://zenodo.org/records/18016847
london-2025-010,Alberta Carbon Trunk Line (ACTL),Canada,eor,2015,,measured-actual-standardised,2025-11-12,https://zenodo.org/records/18016847
london-2025-010,Alberta Carbon Trunk Line (ACTL),Canada,eor,2016,,measured-actual-standardised,2025-11-12,https://zenodo.org/records/18016847
london-2025-010,Alberta Carbon Trunk Line (ACTL),Canada,eor,2017,,measured-actual-standardised,2025-11-12,https://zenodo.org/records/18016847
london-2025-010,Alberta Carbon Trunk Line (ACTL),Canada,eor,2018,,measured-actual-standardised,2025-11-12,https://zenodo.org/records/18016847
london-2025-010,Alberta Carbon Trunk Line (ACTL),Canada,eor,2019,,measured-actual-standardised,2025-11-12,https://zenodo.org/records/18016847
london-2025-010,Alberta Carbon Trunk Line (ACTL),Canada,eor,2020,0.93,measured-actual-standardised,2025-11-12,https://zenodo.org/records/18016847
london-2025-010,Alberta Carbon Trunk Line (ACTL),Canada,eor,2021,1.24,measured-actual-standardised,2025-11-12,https://zenodo.org/records/18016847
london-2025-010,Alberta Carbon Trunk Line (ACTL),Canada,eor,2022,1.03,measured-actual-standardised,2025-11-12,https://zenodo.org/records/18016847
london-2025-010,Alberta Carbon Trunk Line (ACTL),Canada,eor,2023,1.59,measured-actual-standardised,2025-11-12,https://zenodo.org/records/18016847
london-2025-010,Alberta Carbon Trunk Line (ACTL),Canada,eor,2024,1.41,measured-actual-standardised,2025-11-12,https://zenodo.org/records/18016847
london-2025-011,Quest,Canada,dedicated,1996,,measured-actual-standardised,2025-11-12,https://zenodo.org/records/18016847
london-2025-011,Quest,Canada,dedicated,1997,,measured-actual-standardised,2025-11-12,https://zenodo.org/records/18016847
london-2025-011,Quest,Canada,dedicated,1998,,measured-actual-standardised,2025-11-12,https://zenodo.org/records/18016847
london-2025-011,Quest,Canada,dedicated,1999,,measured-actual-standardised,2025-11-12,https://zenodo.org/records/18016847
london-2025-011,Quest,Canada,dedicated,2000,,measured-actual-standardised,2025-11-12,https://zenodo.org/records/18016847
london-2025-011,Quest,Canada,dedicated,2001,,measured-actual-standardised,2025-11-12,https://zenodo.org/records/18016847
london-2025-011,Quest,Canada,dedicated,2002,,measured-actual-standardised,2025-11-12,https://zenodo.org/records/18016847
london-2025-011,Quest,Canada,dedicated,2003,,measured-actual-standardised,2025-11-12,https://zenodo.org/records/18016847
london-2025-011,Quest,Canada,dedicated,2004,,measured-actual-standardised,2025-11-12,https://zenodo.org/records/18016847
london-2025-011,Quest,Canada,dedicated,2005,,measured-actual-standardised,2025-11-12,https://zenodo.org/records/18016847
london-2025-011,Quest,Canada,dedicated,2006,,measured-actual-standardised,2025-11-12,https://zenodo.org/records/18016847
london-2025-011,Quest,Canada,dedicated,2007,,measured-actual-standardised,2025-11-12,https://zenodo.org/records/18016847
london-2025-011,Quest,Canada,dedicated,2008,,measured-actual-standardised,2025-11-12,https://zenodo.org/records/18016847
london-2025-011,Quest,Canada,dedicated,2009,,measured-actual-standardised,2025-11-12,https://zenodo.org/records/18016847
london-2025-011,Quest,Canada,dedicated,2010,,measured-actual-standardised,2025-11-12,https://zenodo.org/records/18016847
london-2025-011,Quest,Canada,dedicated,2011,,measured-actual-standardised,2025-11-12,https://zenodo.org/records/18016847
london-2025-011,Quest,Canada,dedicated,2012,,measured-actual-standardised,2025-11-12,https://zenodo.org/records/18016847
london-2025-011,Quest,Canada,dedicated,2013,,measured-actual-standardised,2025-11-12,https://zenodo.org/records/18016847
london-2025-011,Quest,Canada,dedicated,2014,,measured-actual-standardised,2025-11-12,https://zenodo.org/records/18016847
london-2025-011,Quest,Canada,dedicated,2015,0.371,measured-actual-standardised,2025-11-12,https://zenodo.org/records/18016847
london-2025-011,Quest,Canada,dedicated,2016,1.11,measured-actual-standardised,2025-11-12,https://zenodo.org/records/18016847
london-2025-011,Quest,Canada,dedicated,2017,1.138,measured-actual-standardised,2025-11-12,https://zenodo.org/records/18016847
london-2025-011,Quest,Canada,dedicated,2018,1.066,measured-actual-standardised,2025-11-12,https://zenodo.org/records/18016847
london-2025-011,Quest,Canada,dedicated,2019,1.128,measured-actual-standardised,2025-11-12,https://zenodo.org/records/18016847
london-2025-011,Quest,Canada,dedicated,2020,0.941,measured-actual-standardised,2025-11-12,https://zenodo.org/records/18016847
london-2025-011,Quest,Canada,dedicated,2021,1.055,measured-actual-standardised,2025-11-12,https://zenodo.org/records/18016847
london-2025-011,Quest,Canada,dedicated,2022,0.971,measured-actual-standardised,2025-11-12,https://zenodo.org/records/18016847
london-2025-011,Quest,Canada,dedicated,2023,1.003,measured-actual-standardised,2025-11-12,https://zenodo.org/records/18016847
london-2025-011,Quest,Canada,dedicated,2024,1.04,measured-actual-standardised,2025-11-12,https://zenodo.org/records/18016847
london-2025-012,Aquistore,Canada,eor,1996,,measured-actual-standardised,2025-11-12,https://zenodo.org/records/18016847
london-2025-012,Aquistore,Canada,eor,1997,,measured-actual-standardised,2025-11-12,https://zenodo.org/records/18016847
london-2025-012,Aquistore,Canada,eor,1998,,measured-actual-standardised,2025-11-12,https://zenodo.org/records/18016847
london-2025-012,Aquistore,Canada,eor,1999,,measured-actual-standardised,2025-11-12,https://zenodo.org/records/18016847
london-2025-012,Aquistore,Canada,eor,2000,,measured-actual-standardised,2025-11-12,https://zenodo.org/records/18016847
london-2025-012,Aquistore,Canada,eor,2001,,measured-actual-standardised,2025-11-12,https://zenodo.org/records/18016847
london-2025-012,Aquistore,Canada,eor,2002,,measured-actual-standardised,2025-11-12,https://zenodo.org/records/18016847
london-2025-012,Aquistore,Canada,eor,2003,,measured-actual-standardised,2025-11-12,https://zenodo.org/records/18016847
london-2025-012,Aquistore,Canada,eor,2004,,measured-actual-standardised,2025-11-12,https://zenodo.org/records/18016847
london-2025-012,Aquistore,Canada,eor,2005,,measured-actual-standardised,2025-11-12,https://zenodo.org/records/18016847
london-2025-012,Aquistore,Canada,eor,2006,,measured-actual-standardised,2025-11-12,https://zenodo.org/records/18016847
london-2025-012,Aquistore,Canada,eor,2007,,measured-actual-standardised,2025-11-12,https://zenodo.org/records/18016847
london-2025-012,Aquistore,Canada,eor,2008,,measured-actual-standardised,2025-11-12,https://zenodo.org/records/18016847
london-2025-012,Aquistore,Canada,eor,2009,,measured-actual-standardised,2025-11-12,https://zenodo.org/records/18016847
london-2025-012,Aquistore,Canada,eor,2010,,measured-actual-standardised,2025-11-12,https://zenodo.org/records/18016847
london-2025-012,Aquistore,Canada,eor,2011,,measured-actual-standardised,2025-11-12,https://zenodo.org/records/18016847
london-2025-012,Aquistore,Canada,eor,2012,,measured-actual-standardised,2025-11-12,https://zenodo.org/records/18016847
london-2025-012,Aquistore,Canada,eor,2013,,measured-actual-standardised,2025-11-12,https://zenodo.org/records/18016847
london-2025-012,Aquistore,Canada,eor,2014,,measured-actual-standardised,2025-11-12,https://zenodo.org/records/18016847
london-2025-012,Aquistore,Canada,eor,2015,0.036,measured-actual-standardised,2025-11-12,https://zenodo.org/records/18016847
london-2025-012,Aquistore,Canada,eor,2016,0.1,measured-actual-standardised,2025-11-12,https://zenodo.org/records/18016847
london-2025-012,Aquistore,Canada,eor,2017,0.142,measured-actual-standardised,2025-11-12,https://zenodo.org/records/18016847
london-2025-012,Aquistore,Canada,eor,2018,0.18,measured-actual-standardised,2025-11-12,https://zenodo.org/records/18016847
london-2025-012,Aquistore,Canada,eor,2019,0.27,measured-actual-standardised,2025-11-12,https://zenodo.org/records/18016847
london-2025-012,Aquistore,Canada,eor,2020,0.37,measured-actual-standardised,2025-11-12,https://zenodo.org/records/18016847
london-2025-012,Aquistore,Canada,eor,2021,0.415,measured-actual-standardised,2025-11-12,https://zenodo.org/records/18016847
london-2025-012,Aquistore,Canada,eor,2022,0.5,measured-actual-standardised,2025-11-12,https://zenodo.org/records/18016847
london-2025-012,Aquistore,Canada,eor,2023,0.588,measured-actual-standardised,2025-11-12,https://zenodo.org/records/18016847
london-2025-012,Aquistore,Canada,eor,2024,0.612,measured-actual-standardised,2025-11-12,https://zenodo.org/records/18016847
london-2025-013,Weyburn-Midale,Canada,eor,1996,,measured-actual-standardised,2025-11-12,https://zenodo.org/records/18016847
london-2025-013,Weyburn-Midale,Canada,eor,1997,,measured-actual-standardised,2025-11-12,https://zenodo.org/records/18016847
london-2025-013,Weyburn-Midale,Canada,eor,1998,,measured-actual-standardised,2025-11-12,https://zenodo.org/records/18016847
london-2025-013,Weyburn-Midale,Canada,eor,1999,,measured-actual-standardised,2025-11-12,https://zenodo.org/records/18016847
london-2025-013,Weyburn-Midale,Canada,eor,2000,1.55,measured-actual-standardised,2025-11-12,https://zenodo.org/records/18016847
london-2025-013,Weyburn-Midale,Canada,eor,2001,1.55,measured-actual-standardised,2025-11-12,https://zenodo.org/records/18016847
london-2025-013,Weyburn-Midale,Canada,eor,2002,1.55,measured-actual-standardised,2025-11-12,https://zenodo.org/records/18016847
london-2025-013,Weyburn-Midale,Canada,eor,2003,1.55,measured-actual-standardised,2025-11-12,https://zenodo.org/records/18016847
london-2025-013,Weyburn-Midale,Canada,eor,2004,1.55,measured-actual-standardised,2025-11-12,https://zenodo.org/records/18016847
london-2025-013,Weyburn-Midale,Canada,eor,2005,1.55,measured-actual-standardised,2025-11-12,https://zenodo.org/records/18016847
london-2025-013,Weyburn-Midale,Canada,eor,2006,1.55,measured-actual-standardised,2025-11-12,https://zenodo.org/records/18016847
london-2025-013,Weyburn-Midale,Canada,eor,2007,1.55,measured-actual-standardised,2025-11-12,https://zenodo.org/records/18016847
london-2025-013,Weyburn-Midale,Canada,eor,2008,1.55,measured-actual-standardised,2025-11-12,https://zenodo.org/records/18016847
london-2025-013,Weyburn-Midale,Canada,eor,2009,2.67,measured-actual-standardised,2025-11-12,https://zenodo.org/records/18016847
london-2025-013,Weyburn-Midale,Canada,eor,2010,2.67,measured-actual-standardised,2025-11-12,https://zenodo.org/records/18016847
london-2025-013,Weyburn-Midale,Canada,eor,2011,2.67,measured-actual-standardised,2025-11-12,https://zenodo.org/records/18016847
london-2025-013,Weyburn-Midale,Canada,eor,2012,,measured-actual-standardised,2025-11-12,https://zenodo.org/records/18016847
london-2025-013,Weyburn-Midale,Canada,eor,2013,,measured-actual-standardised,2025-11-12,https://zenodo.org/records/18016847
london-2025-013,Weyburn-Midale,Canada,eor,2014,,measured-actual-standardised,2025-11-12,https://zenodo.org/records/18016847
london-2025-013,Weyburn-Midale,Canada,eor,2015,2.116983,measured-actual-standardised,2025-11-12,https://zenodo.org/records/18016847
london-2025-013,Weyburn-Midale,Canada,eor,2016,2.07794,measured-actual-standardised,2025-11-12,https://zenodo.org/records/18016847
london-2025-013,Weyburn-Midale,Canada,eor,2017,1.972025,measured-actual-standardised,2025-11-12,https://zenodo.org/records/18016847
london-2025-013,Weyburn-Midale,Canada,eor,2018,1.79364,measured-actual-standardised,2025-11-12,https://zenodo.org/records/18016847
london-2025-013,Weyburn-Midale,Canada,eor,2019,1.973197,measured-actual-standardised,2025-11-12,https://zenodo.org/records/18016847
london-2025-013,Weyburn-Midale,Canada,eor,2020,1.992936,measured-actual-standardised,2025-11-12,https://zenodo.org/records/18016847
london-2025-013,Weyburn-Midale,Canada,eor,2021,1.772421,measured-actual-standardised,2025-11-12,https://zenodo.org/records/18016847
london-2025-013,Weyburn-Midale,Canada,eor,2022,1.922314,measured-actual-standardised,2025-11-12,https://zenodo.org/records/18016847
london-2025-013,Weyburn-Midale,Canada,eor,2023,,measured-actual-standardised,2025-11-12,https://zenodo.org/records/18016847
london-2025-013,Weyburn-Midale,Canada,eor,2024,,measured-actual-standardised,2025-11-12,https://zenodo.org/records/18016847
london-2025-014,ShengLi  Oilfield,China,eor,1996,,measured-actual-standardised,2025-11-12,https://zenodo.org/records/18016847
london-2025-014,ShengLi  Oilfield,China,eor,1997,,measured-actual-standardised,2025-11-12,https://zenodo.org/records/18016847
london-2025-014,ShengLi  Oilfield,China,eor,1998,,measured-actual-standardised,2025-11-12,https://zenodo.org/records/18016847
london-2025-014,ShengLi  Oilfield,China,eor,1999,,measured-actual-standardised,2025-11-12,https://zenodo.org/records/18016847
london-2025-014,ShengLi  Oilfield,China,eor,2000,,measured-actual-standardised,2025-11-12,https://zenodo.org/records/18016847
london-2025-014,ShengLi  Oilfield,China,eor,2001,,measured-actual-standardised,2025-11-12,https://zenodo.org/records/18016847
london-2025-014,ShengLi  Oilfield,China,eor,2002,,measured-actual-standardised,2025-11-12,https://zenodo.org/records/18016847
london-2025-014,ShengLi  Oilfield,China,eor,2003,,measured-actual-standardised,2025-11-12,https://zenodo.org/records/18016847
london-2025-014,ShengLi  Oilfield,China,eor,2004,,measured-actual-standardised,2025-11-12,https://zenodo.org/records/18016847
london-2025-014,ShengLi  Oilfield,China,eor,2005,,measured-actual-standardised,2025-11-12,https://zenodo.org/records/18016847
london-2025-014,ShengLi  Oilfield,China,eor,2006,,measured-actual-standardised,2025-11-12,https://zenodo.org/records/18016847
london-2025-014,ShengLi  Oilfield,China,eor,2007,0.05,measured-actual-standardised,2025-11-12,https://zenodo.org/records/18016847
london-2025-014,ShengLi  Oilfield,China,eor,2008,0.03,measured-actual-standardised,2025-11-12,https://zenodo.org/records/18016847
london-2025-014,ShengLi  Oilfield,China,eor,2009,0.04,measured-actual-standardised,2025-11-12,https://zenodo.org/records/18016847
london-2025-014,ShengLi  Oilfield,China,eor,2010,0.06,measured-actual-standardised,2025-11-12,https://zenodo.org/records/18016847
london-2025-014,ShengLi  Oilfield,China,eor,2011,0.08,measured-actual-standardised,2025-11-12,https://zenodo.org/records/18016847
london-2025-014,ShengLi  Oilfield,China,eor,2012,0.1,measured-actual-standardised,2025-11-12,https://zenodo.org/records/18016847
london-2025-014,ShengLi  Oilfield,China,eor,2013,0.12,measured-actual-standardised,2025-11-12,https://zenodo.org/records/18016847
london-2025-014,ShengLi  Oilfield,China,eor,2014,0.15,measured-actual-standardised,2025-11-12,https://zenodo.org/records/18016847
london-2025-014,ShengLi  Oilfield,China,eor,2015,0.2,measured-actual-standardised,2025-11-12,https://zenodo.org/records/18016847
london-2025-014,ShengLi  Oilfield,China,eor,2016,0.3,measured-actual-standardised,2025-11-12,https://zenodo.org/records/18016847
london-2025-014,ShengLi  Oilfield,China,eor,2017,0.19,measured-actual-standardised,2025-11-12,https://zenodo.org/records/18016847
london-2025-014,ShengLi  Oilfield,China,eor,2018,0.24,measured-actual-standardised,2025-11-12,https://zenodo.org/records/18016847
london-2025-014,ShengLi  Oilfield,China,eor,2019,0.23,measured-actual-standardised,2025-11-12,https://zenodo.org/records/18016847
london-2025-014,ShengLi  Oilfield,China,eor,2020,0.298,measured-actual-standardised,2025-11-12,https://zenodo.org/records/18016847
london-2025-014,ShengLi  Oilfield,China,eor,2021,0.3076,measured-actual-standardised,2025-11-12,https://zenodo.org/records/18016847
london-2025-014,ShengLi  Oilfield,China,eor,2022,0.657,measured-actual-standardised,2025-11-12,https://zenodo.org/records/18016847
london-2025-014,ShengLi  Oilfield,China,eor,2023,0.847,measured-actual-standardised,2025-11-12,https://zenodo.org/records/18016847
london-2025-014,ShengLi  Oilfield,China,eor,2024,0.966,measured-actual-standardised,2025-11-12,https://zenodo.org/records/18016847
london-2025-015,Zhongyuan Oilfield,China,eor,1996,,measured-actual-standardised,2025-11-12,https://zenodo.org/records/18016847
london-2025-015,Zhongyuan Oilfield,China,eor,1997,,measured-actual-standardised,2025-11-12,https://zenodo.org/records/18016847
london-2025-015,Zhongyuan Oilfield,China,eor,1998,,measured-actual-standardised,2025-11-12,https://zenodo.org/records/18016847
london-2025-015,Zhongyuan Oilfield,China,eor,1999,,measured-actual-standardised,2025-11-12,https://zenodo.org/records/18016847
london-2025-015,Zhongyuan Oilfield,China,eor,2000,,measured-actual-standardised,2025-11-12,https://zenodo.org/records/18016847
london-2025-015,Zhongyuan Oilfield,China,eor,2001,,measured-actual-standardised,2025-11-12,https://zenodo.org/records/18016847
london-2025-015,Zhongyuan Oilfield,China,eor,2002,,measured-actual-standardised,2025-11-12,https://zenodo.org/records/18016847
london-2025-015,Zhongyuan Oilfield,China,eor,2003,,measured-actual-standardised,2025-11-12,https://zenodo.org/records/18016847
london-2025-015,Zhongyuan Oilfield,China,eor,2004,,measured-actual-standardised,2025-11-12,https://zenodo.org/records/18016847
london-2025-015,Zhongyuan Oilfield,China,eor,2005,,measured-actual-standardised,2025-11-12,https://zenodo.org/records/18016847
london-2025-015,Zhongyuan Oilfield,China,eor,2006,0.27,measured-actual-standardised,2025-11-12,https://zenodo.org/records/18016847
london-2025-015,Zhongyuan Oilfield,China,eor,2007,0.27,measured-actual-standardised,2025-11-12,https://zenodo.org/records/18016847
london-2025-015,Zhongyuan Oilfield,China,eor,2008,0.27,measured-actual-standardised,2025-11-12,https://zenodo.org/records/18016847
london-2025-015,Zhongyuan Oilfield,China,eor,2009,0.27,measured-actual-standardised,2025-11-12,https://zenodo.org/records/18016847
london-2025-015,Zhongyuan Oilfield,China,eor,2010,0.27,measured-actual-standardised,2025-11-12,https://zenodo.org/records/18016847
london-2025-015,Zhongyuan Oilfield,China,eor,2011,0.27,measured-actual-standardised,2025-11-12,https://zenodo.org/records/18016847
london-2025-015,Zhongyuan Oilfield,China,eor,2012,0.27,measured-actual-standardised,2025-11-12,https://zenodo.org/records/18016847
london-2025-015,Zhongyuan Oilfield,China,eor,2013,0.27,measured-actual-standardised,2025-11-12,https://zenodo.org/records/18016847
london-2025-015,Zhongyuan Oilfield,China,eor,2014,0.27,measured-actual-standardised,2025-11-12,https://zenodo.org/records/18016847
london-2025-015,Zhongyuan Oilfield,China,eor,2015,0.27,measured-actual-standardised,2025-11-12,https://zenodo.org/records/18016847
london-2025-015,Zhongyuan Oilfield,China,eor,2016,,measured-actual-standardised,2025-11-12,https://zenodo.org/records/18016847
london-2025-015,Zhongyuan Oilfield,China,eor,2017,,measured-actual-standardised,2025-11-12,https://zenodo.org/records/18016847
london-2025-015,Zhongyuan Oilfield,China,eor,2018,,measured-actual-standardised,2025-11-12,https://zenodo.org/records/18016847
london-2025-015,Zhongyuan Oilfield,China,eor,2019,,measured-actual-standardised,2025-11-12,https://zenodo.org/records/18016847
london-2025-015,Zhongyuan Oilfield,China,eor,2020,,measured-actual-standardised,2025-11-12,https://zenodo.org/records/18016847
london-2025-015,Zhongyuan Oilfield,China,eor,2021,,measured-actual-standardised,2025-11-12,https://zenodo.org/records/18016847
london-2025-015,Zhongyuan Oilfield,China,eor,2022,,measured-actual-standardised,2025-11-12,https://zenodo.org/records/18016847
london-2025-015,Zhongyuan Oilfield,China,eor,2023,,measured-actual-standardised,2025-11-12,https://zenodo.org/records/18016847
london-2025-015,Zhongyuan Oilfield,China,eor,2024,,measured-actual-standardised,2025-11-12,https://zenodo.org/records/18016847
london-2025-016,Yanchang Integrated Demonstration,China,eor,1996,,measured-actual-standardised,2025-11-12,https://zenodo.org/records/18016847
london-2025-016,Yanchang Integrated Demonstration,China,eor,1997,,measured-actual-standardised,2025-11-12,https://zenodo.org/records/18016847
london-2025-016,Yanchang Integrated Demonstration,China,eor,1998,,measured-actual-standardised,2025-11-12,https://zenodo.org/records/18016847
london-2025-016,Yanchang Integrated Demonstration,China,eor,1999,,measured-actual-standardised,2025-11-12,https://zenodo.org/records/18016847
london-2025-016,Yanchang Integrated Demonstration,China,eor,2000,,measured-actual-standardised,2025-11-12,https://zenodo.org/records/18016847
london-2025-016,Yanchang Integrated Demonstration,China,eor,2001,,measured-actual-standardised,2025-11-12,https://zenodo.org/records/18016847
london-2025-016,Yanchang Integrated Demonstration,China,eor,2002,,measured-actual-standardised,2025-11-12,https://zenodo.org/records/18016847
london-2025-016,Yanchang Integrated Demonstration,China,eor,2003,,measured-actual-standardised,2025-11-12,https://zenodo.org/records/18016847
london-2025-016,Yanchang Integrated Demonstration,China,eor,2004,,measured-actual-standardised,2025-11-12,https://zenodo.org/records/18016847
london-2025-016,Yanchang Integrated Demonstration,China,eor,2005,,measured-actual-standardised,2025-11-12,https://zenodo.org/records/18016847
london-2025-016,Yanchang Integrated Demonstration,China,eor,2006,,measured-actual-standardised,2025-11-12,https://zenodo.org/records/18016847
london-2025-016,Yanchang Integrated Demonstration,China,eor,2007,,measured-actual-standardised,2025-11-12,https://zenodo.org/records/18016847
london-2025-016,Yanchang Integrated Demonstration,China,eor,2008,,measured-actual-standardised,2025-11-12,https://zenodo.org/records/18016847
london-2025-016,Yanchang Integrated Demonstration,China,eor,2009,,measured-actual-standardised,2025-11-12,https://zenodo.org/records/18016847
london-2025-016,Yanchang Integrated Demonstration,China,eor,2010,,measured-actual-standardised,2025-11-12,https://zenodo.org/records/18016847
london-2025-016,Yanchang Integrated Demonstration,China,eor,2011,,measured-actual-standardised,2025-11-12,https://zenodo.org/records/18016847
london-2025-016,Yanchang Integrated Demonstration,China,eor,2012,,measured-actual-standardised,2025-11-12,https://zenodo.org/records/18016847
london-2025-016,Yanchang Integrated Demonstration,China,eor,2013,0.05,measured-actual-standardised,2025-11-12,https://zenodo.org/records/18016847
london-2025-016,Yanchang Integrated Demonstration,China,eor,2014,0.05,measured-actual-standardised,2025-11-12,https://zenodo.org/records/18016847
london-2025-016,Yanchang Integrated Demonstration,China,eor,2015,0.05,measured-actual-standardised,2025-11-12,https://zenodo.org/records/18016847
london-2025-016,Yanchang Integrated Demonstration,China,eor,2016,0.05,measured-actual-standardised,2025-11-12,https://zenodo.org/records/18016847
london-2025-016,Yanchang Integrated Demonstration,China,eor,2017,0.05,measured-actual-standardised,2025-11-12,https://zenodo.org/records/18016847
london-2025-016,Yanchang Integrated Demonstration,China,eor,2018,0.05,measured-actual-standardised,2025-11-12,https://zenodo.org/records/18016847
london-2025-016,Yanchang Integrated Demonstration,China,eor,2019,0.05,measured-actual-standardised,2025-11-12,https://zenodo.org/records/18016847
london-2025-016,Yanchang Integrated Demonstration,China,eor,2020,0.05,measured-actual-standardised,2025-11-12,https://zenodo.org/records/18016847
london-2025-016,Yanchang Integrated Demonstration,China,eor,2021,0.0957,measured-actual-standardised,2025-11-12,https://zenodo.org/records/18016847
london-2025-016,Yanchang Integrated Demonstration,China,eor,2022,0.0957,measured-actual-standardised,2025-11-12,https://zenodo.org/records/18016847
london-2025-016,Yanchang Integrated Demonstration,China,eor,2023,0.0957,measured-actual-standardised,2025-11-12,https://zenodo.org/records/18016847
london-2025-016,Yanchang Integrated Demonstration,China,eor,2024,0.0957,measured-actual-standardised,2025-11-12,https://zenodo.org/records/18016847
london-2025-017,Xinjiang Ordos Basin,China,dedicated,1996,,measured-actual-standardised,2025-11-12,https://zenodo.org/records/18016847
london-2025-017,Xinjiang Ordos Basin,China,dedicated,1997,,measured-actual-standardised,2025-11-12,https://zenodo.org/records/18016847
london-2025-017,Xinjiang Ordos Basin,China,dedicated,1998,,measured-actual-standardised,2025-11-12,https://zenodo.org/records/18016847
london-2025-017,Xinjiang Ordos Basin,China,dedicated,1999,,measured-actual-standardised,2025-11-12,https://zenodo.org/records/18016847
london-2025-017,Xinjiang Ordos Basin,China,dedicated,2000,,measured-actual-standardised,2025-11-12,https://zenodo.org/records/18016847
london-2025-017,Xinjiang Ordos Basin,China,dedicated,2001,,measured-actual-standardised,2025-11-12,https://zenodo.org/records/18016847
london-2025-017,Xinjiang Ordos Basin,China,dedicated,2002,,measured-actual-standardised,2025-11-12,https://zenodo.org/records/18016847
london-2025-017,Xinjiang Ordos Basin,China,dedicated,2003,,measured-actual-standardised,2025-11-12,https://zenodo.org/records/18016847
london-2025-017,Xinjiang Ordos Basin,China,dedicated,2004,,measured-actual-standardised,2025-11-12,https://zenodo.org/records/18016847
london-2025-017,Xinjiang Ordos Basin,China,dedicated,2005,,measured-actual-standardised,2025-11-12,https://zenodo.org/records/18016847
london-2025-017,Xinjiang Ordos Basin,China,dedicated,2006,,measured-actual-standardised,2025-11-12,https://zenodo.org/records/18016847
london-2025-017,Xinjiang Ordos Basin,China,dedicated,2007,,measured-actual-standardised,2025-11-12,https://zenodo.org/records/18016847
london-2025-017,Xinjiang Ordos Basin,China,dedicated,2008,,measured-actual-standardised,2025-11-12,https://zenodo.org/records/18016847
london-2025-017,Xinjiang Ordos Basin,China,dedicated,2009,,measured-actual-standardised,2025-11-12,https://zenodo.org/records/18016847
london-2025-017,Xinjiang Ordos Basin,China,dedicated,2010,,measured-actual-standardised,2025-11-12,https://zenodo.org/records/18016847
london-2025-017,Xinjiang Ordos Basin,China,dedicated,2011,0.1,measured-actual-standardised,2025-11-12,https://zenodo.org/records/18016847
london-2025-017,Xinjiang Ordos Basin,China,dedicated,2012,0.1,measured-actual-standardised,2025-11-12,https://zenodo.org/records/18016847
london-2025-017,Xinjiang Ordos Basin,China,dedicated,2013,0.1,measured-actual-standardised,2025-11-12,https://zenodo.org/records/18016847
london-2025-017,Xinjiang Ordos Basin,China,dedicated,2014,0.1,measured-actual-standardised,2025-11-12,https://zenodo.org/records/18016847
london-2025-017,Xinjiang Ordos Basin,China,dedicated,2015,0.1,measured-actual-standardised,2025-11-12,https://zenodo.org/records/18016847
london-2025-017,Xinjiang Ordos Basin,China,dedicated,2016,0.1,measured-actual-standardised,2025-11-12,https://zenodo.org/records/18016847
london-2025-017,Xinjiang Ordos Basin,China,dedicated,2017,,measured-actual-standardised,2025-11-12,https://zenodo.org/records/18016847
london-2025-017,Xinjiang Ordos Basin,China,dedicated,2018,,measured-actual-standardised,2025-11-12,https://zenodo.org/records/18016847
london-2025-017,Xinjiang Ordos Basin,China,dedicated,2019,,measured-actual-standardised,2025-11-12,https://zenodo.org/records/18016847
london-2025-017,Xinjiang Ordos Basin,China,dedicated,2020,,measured-actual-standardised,2025-11-12,https://zenodo.org/records/18016847
london-2025-017,Xinjiang Ordos Basin,China,dedicated,2021,,measured-actual-standardised,2025-11-12,https://zenodo.org/records/18016847
london-2025-017,Xinjiang Ordos Basin,China,dedicated,2022,,measured-actual-standardised,2025-11-12,https://zenodo.org/records/18016847
london-2025-017,Xinjiang Ordos Basin,China,dedicated,2023,,measured-actual-standardised,2025-11-12,https://zenodo.org/records/18016847
london-2025-017,Xinjiang Ordos Basin,China,dedicated,2024,,measured-actual-standardised,2025-11-12,https://zenodo.org/records/18016847
london-2025-018,Karamay Dunhua,China,eor,1996,,measured-actual-standardised,2025-11-12,https://zenodo.org/records/18016847
london-2025-018,Karamay Dunhua,China,eor,1997,,measured-actual-standardised,2025-11-12,https://zenodo.org/records/18016847
london-2025-018,Karamay Dunhua,China,eor,1998,,measured-actual-standardised,2025-11-12,https://zenodo.org/records/18016847
london-2025-018,Karamay Dunhua,China,eor,1999,,measured-actual-standardised,2025-11-12,https://zenodo.org/records/18016847
london-2025-018,Karamay Dunhua,China,eor,2000,,measured-actual-standardised,2025-11-12,https://zenodo.org/records/18016847
london-2025-018,Karamay Dunhua,China,eor,2001,,measured-actual-standardised,2025-11-12,https://zenodo.org/records/18016847
london-2025-018,Karamay Dunhua,China,eor,2002,,measured-actual-standardised,2025-11-12,https://zenodo.org/records/18016847
london-2025-018,Karamay Dunhua,China,eor,2003,,measured-actual-standardised,2025-11-12,https://zenodo.org/records/18016847
london-2025-018,Karamay Dunhua,China,eor,2004,,measured-actual-standardised,2025-11-12,https://zenodo.org/records/18016847
london-2025-018,Karamay Dunhua,China,eor,2005,,measured-actual-standardised,2025-11-12,https://zenodo.org/records/18016847
london-2025-018,Karamay Dunhua,China,eor,2006,,measured-actual-standardised,2025-11-12,https://zenodo.org/records/18016847
london-2025-018,Karamay Dunhua,China,eor,2007,,measured-actual-standardised,2025-11-12,https://zenodo.org/records/18016847
london-2025-018,Karamay Dunhua,China,eor,2008,,measured-actual-standardised,2025-11-12,https://zenodo.org/records/18016847
london-2025-018,Karamay Dunhua,China,eor,2009,,measured-actual-standardised,2025-11-12,https://zenodo.org/records/18016847
london-2025-018,Karamay Dunhua,China,eor,2010,,measured-actual-standardised,2025-11-12,https://zenodo.org/records/18016847
london-2025-018,Karamay Dunhua,China,eor,2011,,measured-actual-standardised,2025-11-12,https://zenodo.org/records/18016847
london-2025-018,Karamay Dunhua,China,eor,2012,,measured-actual-standardised,2025-11-12,https://zenodo.org/records/18016847
london-2025-018,Karamay Dunhua,China,eor,2013,,measured-actual-standardised,2025-11-12,https://zenodo.org/records/18016847
london-2025-018,Karamay Dunhua,China,eor,2014,,measured-actual-standardised,2025-11-12,https://zenodo.org/records/18016847
london-2025-018,Karamay Dunhua,China,eor,2015,0.1,measured-actual-standardised,2025-11-12,https://zenodo.org/records/18016847
london-2025-018,Karamay Dunhua,China,eor,2016,0.1,measured-actual-standardised,2025-11-12,https://zenodo.org/records/18016847
london-2025-018,Karamay Dunhua,China,eor,2017,0.1,measured-actual-standardised,2025-11-12,https://zenodo.org/records/18016847
london-2025-018,Karamay Dunhua,China,eor,2018,0.1,measured-actual-standardised,2025-11-12,https://zenodo.org/records/18016847
london-2025-018,Karamay Dunhua,China,eor,2019,0.1,measured-actual-standardised,2025-11-12,https://zenodo.org/records/18016847
london-2025-018,Karamay Dunhua,China,eor,2020,0.1,measured-actual-standardised,2025-11-12,https://zenodo.org/records/18016847
london-2025-018,Karamay Dunhua,China,eor,2021,0.1,measured-actual-standardised,2025-11-12,https://zenodo.org/records/18016847
london-2025-018,Karamay Dunhua,China,eor,2022,0.1,measured-actual-standardised,2025-11-12,https://zenodo.org/records/18016847
london-2025-018,Karamay Dunhua,China,eor,2023,0.1,measured-actual-standardised,2025-11-12,https://zenodo.org/records/18016847
london-2025-018,Karamay Dunhua,China,eor,2024,0.1,measured-actual-standardised,2025-11-12,https://zenodo.org/records/18016847
london-2025-019,Jilin Oilfield,China,eor,1996,,measured-actual-standardised,2025-11-12,https://zenodo.org/records/18016847
london-2025-019,Jilin Oilfield,China,eor,1997,,measured-actual-standardised,2025-11-12,https://zenodo.org/records/18016847
london-2025-019,Jilin Oilfield,China,eor,1998,,measured-actual-standardised,2025-11-12,https://zenodo.org/records/18016847
london-2025-019,Jilin Oilfield,China,eor,1999,,measured-actual-standardised,2025-11-12,https://zenodo.org/records/18016847
london-2025-019,Jilin Oilfield,China,eor,2000,,measured-actual-standardised,2025-11-12,https://zenodo.org/records/18016847
london-2025-019,Jilin Oilfield,China,eor,2001,,measured-actual-standardised,2025-11-12,https://zenodo.org/records/18016847
london-2025-019,Jilin Oilfield,China,eor,2002,,measured-actual-standardised,2025-11-12,https://zenodo.org/records/18016847
london-2025-019,Jilin Oilfield,China,eor,2003,,measured-actual-standardised,2025-11-12,https://zenodo.org/records/18016847
london-2025-019,Jilin Oilfield,China,eor,2004,,measured-actual-standardised,2025-11-12,https://zenodo.org/records/18016847
london-2025-019,Jilin Oilfield,China,eor,2005,,measured-actual-standardised,2025-11-12,https://zenodo.org/records/18016847
london-2025-019,Jilin Oilfield,China,eor,2006,,measured-actual-standardised,2025-11-12,https://zenodo.org/records/18016847
london-2025-019,Jilin Oilfield,China,eor,2007,,measured-actual-standardised,2025-11-12,https://zenodo.org/records/18016847
london-2025-019,Jilin Oilfield,China,eor,2008,,measured-actual-standardised,2025-11-12,https://zenodo.org/records/18016847
london-2025-019,Jilin Oilfield,China,eor,2009,,measured-actual-standardised,2025-11-12,https://zenodo.org/records/18016847
london-2025-019,Jilin Oilfield,China,eor,2010,,measured-actual-standardised,2025-11-12,https://zenodo.org/records/18016847
london-2025-019,Jilin Oilfield,China,eor,2011,,measured-actual-standardised,2025-11-12,https://zenodo.org/records/18016847
london-2025-019,Jilin Oilfield,China,eor,2012,,measured-actual-standardised,2025-11-12,https://zenodo.org/records/18016847
london-2025-019,Jilin Oilfield,China,eor,2013,,measured-actual-standardised,2025-11-12,https://zenodo.org/records/18016847
london-2025-019,Jilin Oilfield,China,eor,2014,,measured-actual-standardised,2025-11-12,https://zenodo.org/records/18016847
london-2025-019,Jilin Oilfield,China,eor,2015,0.94,measured-actual-standardised,2025-11-12,https://zenodo.org/records/18016847
london-2025-019,Jilin Oilfield,China,eor,2016,2.0,measured-actual-standardised,2025-11-12,https://zenodo.org/records/18016847
london-2025-019,Jilin Oilfield,China,eor,2017,1.1,measured-actual-standardised,2025-11-12,https://zenodo.org/records/18016847
london-2025-019,Jilin Oilfield,China,eor,2018,1.385,measured-actual-standardised,2025-11-12,https://zenodo.org/records/18016847
london-2025-019,Jilin Oilfield,China,eor,2019,1.5,measured-actual-standardised,2025-11-12,https://zenodo.org/records/18016847
london-2025-019,Jilin Oilfield,China,eor,2020,1.9,measured-actual-standardised,2025-11-12,https://zenodo.org/records/18016847
london-2025-019,Jilin Oilfield,China,eor,2021,2.0,measured-actual-standardised,2025-11-12,https://zenodo.org/records/18016847
london-2025-019,Jilin Oilfield,China,eor,2022,2.77,measured-actual-standardised,2025-11-12,https://zenodo.org/records/18016847
london-2025-019,Jilin Oilfield,China,eor,2023,1.59,measured-actual-standardised,2025-11-12,https://zenodo.org/records/18016847
london-2025-019,Jilin Oilfield,China,eor,2024,3.5,measured-actual-standardised,2025-11-12,https://zenodo.org/records/18016847
london-2025-020,Shenhua Ordos,China,dedicated,1996,,measured-actual-standardised,2025-11-12,https://zenodo.org/records/18016847
london-2025-020,Shenhua Ordos,China,dedicated,1997,,measured-actual-standardised,2025-11-12,https://zenodo.org/records/18016847
london-2025-020,Shenhua Ordos,China,dedicated,1998,,measured-actual-standardised,2025-11-12,https://zenodo.org/records/18016847
london-2025-020,Shenhua Ordos,China,dedicated,1999,,measured-actual-standardised,2025-11-12,https://zenodo.org/records/18016847
london-2025-020,Shenhua Ordos,China,dedicated,2000,,measured-actual-standardised,2025-11-12,https://zenodo.org/records/18016847
london-2025-020,Shenhua Ordos,China,dedicated,2001,,measured-actual-standardised,2025-11-12,https://zenodo.org/records/18016847
london-2025-020,Shenhua Ordos,China,dedicated,2002,,measured-actual-standardised,2025-11-12,https://zenodo.org/records/18016847
london-2025-020,Shenhua Ordos,China,dedicated,2003,,measured-actual-standardised,2025-11-12,https://zenodo.org/records/18016847
london-2025-020,Shenhua Ordos,China,dedicated,2004,,measured-actual-standardised,2025-11-12,https://zenodo.org/records/18016847
london-2025-020,Shenhua Ordos,China,dedicated,2005,,measured-actual-standardised,2025-11-12,https://zenodo.org/records/18016847
london-2025-020,Shenhua Ordos,China,dedicated,2006,,measured-actual-standardised,2025-11-12,https://zenodo.org/records/18016847
london-2025-020,Shenhua Ordos,China,dedicated,2007,,measured-actual-standardised,2025-11-12,https://zenodo.org/records/18016847
london-2025-020,Shenhua Ordos,China,dedicated,2008,,measured-actual-standardised,2025-11-12,https://zenodo.org/records/18016847
london-2025-020,Shenhua Ordos,China,dedicated,2009,,measured-actual-standardised,2025-11-12,https://zenodo.org/records/18016847
london-2025-020,Shenhua Ordos,China,dedicated,2010,,measured-actual-standardised,2025-11-12,https://zenodo.org/records/18016847
london-2025-020,Shenhua Ordos,China,dedicated,2011,0.013,measured-actual-standardised,2025-11-12,https://zenodo.org/records/18016847
london-2025-020,Shenhua Ordos,China,dedicated,2012,0.027,measured-actual-standardised,2025-11-12,https://zenodo.org/records/18016847
london-2025-020,Shenhua Ordos,China,dedicated,2013,0.02,measured-actual-standardised,2025-11-12,https://zenodo.org/records/18016847
london-2025-020,Shenhua Ordos,China,dedicated,2014,0.0808,measured-actual-standardised,2025-11-12,https://zenodo.org/records/18016847
london-2025-020,Shenhua Ordos,China,dedicated,2015,0.0808,measured-actual-standardised,2025-11-12,https://zenodo.org/records/18016847
london-2025-020,Shenhua Ordos,China,dedicated,2016,0.0808,measured-actual-standardised,2025-11-12,https://zenodo.org/records/18016847
london-2025-020,Shenhua Ordos,China,dedicated,2017,,measured-actual-standardised,2025-11-12,https://zenodo.org/records/18016847
london-2025-020,Shenhua Ordos,China,dedicated,2018,,measured-actual-standardised,2025-11-12,https://zenodo.org/records/18016847
london-2025-020,Shenhua Ordos,China,dedicated,2019,,measured-actual-standardised,2025-11-12,https://zenodo.org/records/18016847
london-2025-020,Shenhua Ordos,China,dedicated,2020,,measured-actual-standardised,2025-11-12,https://zenodo.org/records/18016847
london-2025-020,Shenhua Ordos,China,dedicated,2021,,measured-actual-standardised,2025-11-12,https://zenodo.org/records/18016847
london-2025-020,Shenhua Ordos,China,dedicated,2022,,measured-actual-standardised,2025-11-12,https://zenodo.org/records/18016847
london-2025-020,Shenhua Ordos,China,dedicated,2023,,measured-actual-standardised,2025-11-12,https://zenodo.org/records/18016847
london-2025-020,Shenhua Ordos,China,dedicated,2024,,measured-actual-standardised,2025-11-12,https://zenodo.org/records/18016847
london-2025-021,Caoshe Oilfield,China,eor,1996,,measured-actual-standardised,2025-11-12,https://zenodo.org/records/18016847
london-2025-021,Caoshe Oilfield,China,eor,1997,,measured-actual-standardised,2025-11-12,https://zenodo.org/records/18016847
london-2025-021,Caoshe Oilfield,China,eor,1998,,measured-actual-standardised,2025-11-12,https://zenodo.org/records/18016847
london-2025-021,Caoshe Oilfield,China,eor,1999,,measured-actual-standardised,2025-11-12,https://zenodo.org/records/18016847
london-2025-021,Caoshe Oilfield,China,eor,2000,,measured-actual-standardised,2025-11-12,https://zenodo.org/records/18016847
london-2025-021,Caoshe Oilfield,China,eor,2001,,measured-actual-standardised,2025-11-12,https://zenodo.org/records/18016847
london-2025-021,Caoshe Oilfield,China,eor,2002,,measured-actual-standardised,2025-11-12,https://zenodo.org/records/18016847
london-2025-021,Caoshe Oilfield,China,eor,2003,,measured-actual-standardised,2025-11-12,https://zenodo.org/records/18016847
london-2025-021,Caoshe Oilfield,China,eor,2004,,measured-actual-standardised,2025-11-12,https://zenodo.org/records/18016847
london-2025-021,Caoshe Oilfield,China,eor,2005,0.0229,measured-actual-standardised,2025-11-12,https://zenodo.org/records/18016847
london-2025-021,Caoshe Oilfield,China,eor,2006,0.0229,measured-actual-standardised,2025-11-12,https://zenodo.org/records/18016847
london-2025-021,Caoshe Oilfield,China,eor,2007,0.0229,measured-actual-standardised,2025-11-12,https://zenodo.org/records/18016847
london-2025-021,Caoshe Oilfield,China,eor,2008,0.0229,measured-actual-standardised,2025-11-12,https://zenodo.org/records/18016847
london-2025-021,Caoshe Oilfield,China,eor,2009,0.0229,measured-actual-standardised,2025-11-12,https://zenodo.org/records/18016847
london-2025-021,Caoshe Oilfield,China,eor,2010,,measured-actual-standardised,2025-11-12,https://zenodo.org/records/18016847
london-2025-021,Caoshe Oilfield,China,eor,2011,,measured-actual-standardised,2025-11-12,https://zenodo.org/records/18016847
london-2025-021,Caoshe Oilfield,China,eor,2012,,measured-actual-standardised,2025-11-12,https://zenodo.org/records/18016847
london-2025-021,Caoshe Oilfield,China,eor,2013,,measured-actual-standardised,2025-11-12,https://zenodo.org/records/18016847
london-2025-021,Caoshe Oilfield,China,eor,2014,,measured-actual-standardised,2025-11-12,https://zenodo.org/records/18016847
london-2025-021,Caoshe Oilfield,China,eor,2015,,measured-actual-standardised,2025-11-12,https://zenodo.org/records/18016847
london-2025-021,Caoshe Oilfield,China,eor,2016,,measured-actual-standardised,2025-11-12,https://zenodo.org/records/18016847
london-2025-021,Caoshe Oilfield,China,eor,2017,,measured-actual-standardised,2025-11-12,https://zenodo.org/records/18016847
london-2025-021,Caoshe Oilfield,China,eor,2018,,measured-actual-standardised,2025-11-12,https://zenodo.org/records/18016847
london-2025-021,Caoshe Oilfield,China,eor,2019,,measured-actual-standardised,2025-11-12,https://zenodo.org/records/18016847
london-2025-021,Caoshe Oilfield,China,eor,2020,,measured-actual-standardised,2025-11-12,https://zenodo.org/records/18016847
london-2025-021,Caoshe Oilfield,China,eor,2021,,measured-actual-standardised,2025-11-12,https://zenodo.org/records/18016847
london-2025-021,Caoshe Oilfield,China,eor,2022,,measured-actual-standardised,2025-11-12,https://zenodo.org/records/18016847
london-2025-021,Caoshe Oilfield,China,eor,2023,,measured-actual-standardised,2025-11-12,https://zenodo.org/records/18016847
london-2025-021,Caoshe Oilfield,China,eor,2024,,measured-actual-standardised,2025-11-12,https://zenodo.org/records/18016847
london-2025-022,Jingbian Oilfield,China,eor,1996,,measured-actual-standardised,2025-11-12,https://zenodo.org/records/18016847
london-2025-022,Jingbian Oilfield,China,eor,1997,,measured-actual-standardised,2025-11-12,https://zenodo.org/records/18016847
london-2025-022,Jingbian Oilfield,China,eor,1998,,measured-actual-standardised,2025-11-12,https://zenodo.org/records/18016847
london-2025-022,Jingbian Oilfield,China,eor,1999,,measured-actual-standardised,2025-11-12,https://zenodo.org/records/18016847
london-2025-022,Jingbian Oilfield,China,eor,2000,,measured-actual-standardised,2025-11-12,https://zenodo.org/records/18016847
london-2025-022,Jingbian Oilfield,China,eor,2001,,measured-actual-standardised,2025-11-12,https://zenodo.org/records/18016847
london-2025-022,Jingbian Oilfield,China,eor,2002,,measured-actual-standardised,2025-11-12,https://zenodo.org/records/18016847
london-2025-022,Jingbian Oilfield,China,eor,2003,,measured-actual-standardised,2025-11-12,https://zenodo.org/records/18016847
london-2025-022,Jingbian Oilfield,China,eor,2004,,measured-actual-standardised,2025-11-12,https://zenodo.org/records/18016847
london-2025-022,Jingbian Oilfield,China,eor,2005,,measured-actual-standardised,2025-11-12,https://zenodo.org/records/18016847
london-2025-022,Jingbian Oilfield,China,eor,2006,,measured-actual-standardised,2025-11-12,https://zenodo.org/records/18016847
london-2025-022,Jingbian Oilfield,China,eor,2007,,measured-actual-standardised,2025-11-12,https://zenodo.org/records/18016847
london-2025-022,Jingbian Oilfield,China,eor,2008,,measured-actual-standardised,2025-11-12,https://zenodo.org/records/18016847
london-2025-022,Jingbian Oilfield,China,eor,2009,,measured-actual-standardised,2025-11-12,https://zenodo.org/records/18016847
london-2025-022,Jingbian Oilfield,China,eor,2010,,measured-actual-standardised,2025-11-12,https://zenodo.org/records/18016847
london-2025-022,Jingbian Oilfield,China,eor,2011,,measured-actual-standardised,2025-11-12,https://zenodo.org/records/18016847
london-2025-022,Jingbian Oilfield,China,eor,2012,0.0057,measured-actual-standardised,2025-11-12,https://zenodo.org/records/18016847
london-2025-022,Jingbian Oilfield,China,eor,2013,0.0057,measured-actual-standardised,2025-11-12,https://zenodo.org/records/18016847
london-2025-022,Jingbian Oilfield,China,eor,2014,0.0057,measured-actual-standardised,2025-11-12,https://zenodo.org/records/18016847
london-2025-022,Jingbian Oilfield,China,eor,2015,,measured-actual-standardised,2025-11-12,https://zenodo.org/records/18016847
london-2025-022,Jingbian Oilfield,China,eor,2016,,measured-actual-standardised,2025-11-12,https://zenodo.org/records/18016847
london-2025-022,Jingbian Oilfield,China,eor,2017,,measured-actual-standardised,2025-11-12,https://zenodo.org/records/18016847
london-2025-022,Jingbian Oilfield,China,eor,2018,,measured-actual-standardised,2025-11-12,https://zenodo.org/records/18016847
london-2025-022,Jingbian Oilfield,China,eor,2019,,measured-actual-standardised,2025-11-12,https://zenodo.org/records/18016847
london-2025-022,Jingbian Oilfield,China,eor,2020,,measured-actual-standardised,2025-11-12,https://zenodo.org/records/18016847
london-2025-022,Jingbian Oilfield,China,eor,2021,,measured-actual-standardised,2025-11-12,https://zenodo.org/records/18016847
london-2025-022,Jingbian Oilfield,China,eor,2022,,measured-actual-standardised,2025-11-12,https://zenodo.org/records/18016847
london-2025-022,Jingbian Oilfield,China,eor,2023,,measured-actual-standardised,2025-11-12,https://zenodo.org/records/18016847
london-2025-022,Jingbian Oilfield,China,eor,2024,,measured-actual-standardised,2025-11-12,https://zenodo.org/records/18016847
london-2025-023,Xinjiang Oilfield,China,eor,1996,,measured-actual-standardised,2025-11-12,https://zenodo.org/records/18016847
london-2025-023,Xinjiang Oilfield,China,eor,1997,,measured-actual-standardised,2025-11-12,https://zenodo.org/records/18016847
london-2025-023,Xinjiang Oilfield,China,eor,1998,,measured-actual-standardised,2025-11-12,https://zenodo.org/records/18016847
london-2025-023,Xinjiang Oilfield,China,eor,1999,,measured-actual-standardised,2025-11-12,https://zenodo.org/records/18016847
london-2025-023,Xinjiang Oilfield,China,eor,2000,,measured-actual-standardised,2025-11-12,https://zenodo.org/records/18016847
london-2025-023,Xinjiang Oilfield,China,eor,2001,,measured-actual-standardised,2025-11-12,https://zenodo.org/records/18016847
london-2025-023,Xinjiang Oilfield,China,eor,2002,,measured-actual-standardised,2025-11-12,https://zenodo.org/records/18016847
london-2025-023,Xinjiang Oilfield,China,eor,2003,,measured-actual-standardised,2025-11-12,https://zenodo.org/records/18016847
london-2025-023,Xinjiang Oilfield,China,eor,2004,,measured-actual-standardised,2025-11-12,https://zenodo.org/records/18016847
london-2025-023,Xinjiang Oilfield,China,eor,2005,,measured-actual-standardised,2025-11-12,https://zenodo.org/records/18016847
london-2025-023,Xinjiang Oilfield,China,eor,2006,,measured-actual-standardised,2025-11-12,https://zenodo.org/records/18016847
london-2025-023,Xinjiang Oilfield,China,eor,2007,,measured-actual-standardised,2025-11-12,https://zenodo.org/records/18016847
london-2025-023,Xinjiang Oilfield,China,eor,2008,,measured-actual-standardised,2025-11-12,https://zenodo.org/records/18016847
london-2025-023,Xinjiang Oilfield,China,eor,2009,,measured-actual-standardised,2025-11-12,https://zenodo.org/records/18016847
london-2025-023,Xinjiang Oilfield,China,eor,2010,,measured-actual-standardised,2025-11-12,https://zenodo.org/records/18016847
london-2025-023,Xinjiang Oilfield,China,eor,2011,,measured-actual-standardised,2025-11-12,https://zenodo.org/records/18016847
london-2025-023,Xinjiang Oilfield,China,eor,2012,,measured-actual-standardised,2025-11-12,https://zenodo.org/records/18016847
london-2025-023,Xinjiang Oilfield,China,eor,2013,,measured-actual-standardised,2025-11-12,https://zenodo.org/records/18016847
london-2025-023,Xinjiang Oilfield,China,eor,2014,,measured-actual-standardised,2025-11-12,https://zenodo.org/records/18016847
london-2025-023,Xinjiang Oilfield,China,eor,2015,,measured-actual-standardised,2025-11-12,https://zenodo.org/records/18016847
london-2025-023,Xinjiang Oilfield,China,eor,2016,,measured-actual-standardised,2025-11-12,https://zenodo.org/records/18016847
london-2025-023,Xinjiang Oilfield,China,eor,2017,,measured-actual-standardised,2025-11-12,https://zenodo.org/records/18016847
london-2025-023,Xinjiang Oilfield,China,eor,2018,,measured-actual-standardised,2025-11-12,https://zenodo.org/records/18016847
london-2025-023,Xinjiang Oilfield,China,eor,2019,0.0328,measured-actual-standardised,2025-11-12,https://zenodo.org/records/18016847
london-2025-023,Xinjiang Oilfield,China,eor,2020,0.0328,measured-actual-standardised,2025-11-12,https://zenodo.org/records/18016847
london-2025-023,Xinjiang Oilfield,China,eor,2021,0.0328,measured-actual-standardised,2025-11-12,https://zenodo.org/records/18016847
london-2025-023,Xinjiang Oilfield,China,eor,2022,0.0328,measured-actual-standardised,2025-11-12,https://zenodo.org/records/18016847
london-2025-023,Xinjiang Oilfield,China,eor,2023,0.0328,measured-actual-standardised,2025-11-12,https://zenodo.org/records/18016847
london-2025-023,Xinjiang Oilfield,China,eor,2024,0.0328,measured-actual-standardised,2025-11-12,https://zenodo.org/records/18016847
london-2025-024,Liaohe Oilfield,China,eor,1996,,measured-actual-standardised,2025-11-12,https://zenodo.org/records/18016847
london-2025-024,Liaohe Oilfield,China,eor,1997,,measured-actual-standardised,2025-11-12,https://zenodo.org/records/18016847
london-2025-024,Liaohe Oilfield,China,eor,1998,,measured-actual-standardised,2025-11-12,https://zenodo.org/records/18016847
london-2025-024,Liaohe Oilfield,China,eor,1999,,measured-actual-standardised,2025-11-12,https://zenodo.org/records/18016847
london-2025-024,Liaohe Oilfield,China,eor,2000,,measured-actual-standardised,2025-11-12,https://zenodo.org/records/18016847
london-2025-024,Liaohe Oilfield,China,eor,2001,,measured-actual-standardised,2025-11-12,https://zenodo.org/records/18016847
london-2025-024,Liaohe Oilfield,China,eor,2002,,measured-actual-standardised,2025-11-12,https://zenodo.org/records/18016847
london-2025-024,Liaohe Oilfield,China,eor,2003,,measured-actual-standardised,2025-11-12,https://zenodo.org/records/18016847
london-2025-024,Liaohe Oilfield,China,eor,2004,,measured-actual-standardised,2025-11-12,https://zenodo.org/records/18016847
london-2025-024,Liaohe Oilfield,China,eor,2005,,measured-actual-standardised,2025-11-12,https://zenodo.org/records/18016847
london-2025-024,Liaohe Oilfield,China,eor,2006,,measured-actual-standardised,2025-11-12,https://zenodo.org/records/18016847
london-2025-024,Liaohe Oilfield,China,eor,2007,,measured-actual-standardised,2025-11-12,https://zenodo.org/records/18016847
london-2025-024,Liaohe Oilfield,China,eor,2008,,measured-actual-standardised,2025-11-12,https://zenodo.org/records/18016847
london-2025-024,Liaohe Oilfield,China,eor,2009,,measured-actual-standardised,2025-11-12,https://zenodo.org/records/18016847
london-2025-024,Liaohe Oilfield,China,eor,2010,,measured-actual-standardised,2025-11-12,https://zenodo.org/records/18016847
london-2025-024,Liaohe Oilfield,China,eor,2011,,measured-actual-standardised,2025-11-12,https://zenodo.org/records/18016847
london-2025-024,Liaohe Oilfield,China,eor,2012,0.0125,measured-actual-standardised,2025-11-12,https://zenodo.org/records/18016847
london-2025-024,Liaohe Oilfield,China,eor,2013,0.0125,measured-actual-standardised,2025-11-12,https://zenodo.org/records/18016847
london-2025-024,Liaohe Oilfield,China,eor,2014,0.0125,measured-actual-standardised,2025-11-12,https://zenodo.org/records/18016847
london-2025-024,Liaohe Oilfield,China,eor,2015,0.0125,measured-actual-standardised,2025-11-12,https://zenodo.org/records/18016847
london-2025-024,Liaohe Oilfield,China,eor,2016,0.0125,measured-actual-standardised,2025-11-12,https://zenodo.org/records/18016847
london-2025-024,Liaohe Oilfield,China,eor,2017,0.0125,measured-actual-standardised,2025-11-12,https://zenodo.org/records/18016847
london-2025-024,Liaohe Oilfield,China,eor,2018,0.0125,measured-actual-standardised,2025-11-12,https://zenodo.org/records/18016847
london-2025-024,Liaohe Oilfield,China,eor,2019,0.0125,measured-actual-standardised,2025-11-12,https://zenodo.org/records/18016847
london-2025-024,Liaohe Oilfield,China,eor,2020,0.0125,measured-actual-standardised,2025-11-12,https://zenodo.org/records/18016847
london-2025-024,Liaohe Oilfield,China,eor,2021,0.0125,measured-actual-standardised,2025-11-12,https://zenodo.org/records/18016847
london-2025-024,Liaohe Oilfield,China,eor,2022,0.0125,measured-actual-standardised,2025-11-12,https://zenodo.org/records/18016847
london-2025-024,Liaohe Oilfield,China,eor,2023,0.0125,measured-actual-standardised,2025-11-12,https://zenodo.org/records/18016847
london-2025-024,Liaohe Oilfield,China,eor,2024,0.0125,measured-actual-standardised,2025-11-12,https://zenodo.org/records/18016847
london-2025-025,Huabei Oilfield,China,eor,1996,,measured-actual-standardised,2025-11-12,https://zenodo.org/records/18016847
london-2025-025,Huabei Oilfield,China,eor,1997,,measured-actual-standardised,2025-11-12,https://zenodo.org/records/18016847
london-2025-025,Huabei Oilfield,China,eor,1998,,measured-actual-standardised,2025-11-12,https://zenodo.org/records/18016847
london-2025-025,Huabei Oilfield,China,eor,1999,,measured-actual-standardised,2025-11-12,https://zenodo.org/records/18016847
london-2025-025,Huabei Oilfield,China,eor,2000,,measured-actual-standardised,2025-11-12,https://zenodo.org/records/18016847
london-2025-025,Huabei Oilfield,China,eor,2001,,measured-actual-standardised,2025-11-12,https://zenodo.org/records/18016847
london-2025-025,Huabei Oilfield,China,eor,2002,,measured-actual-standardised,2025-11-12,https://zenodo.org/records/18016847
london-2025-025,Huabei Oilfield,China,eor,2003,,measured-actual-standardised,2025-11-12,https://zenodo.org/records/18016847
london-2025-025,Huabei Oilfield,China,eor,2004,,measured-actual-standardised,2025-11-12,https://zenodo.org/records/18016847
london-2025-025,Huabei Oilfield,China,eor,2005,,measured-actual-standardised,2025-11-12,https://zenodo.org/records/18016847
london-2025-025,Huabei Oilfield,China,eor,2006,,measured-actual-standardised,2025-11-12,https://zenodo.org/records/18016847
london-2025-025,Huabei Oilfield,China,eor,2007,,measured-actual-standardised,2025-11-12,https://zenodo.org/records/18016847
london-2025-025,Huabei Oilfield,China,eor,2008,,measured-actual-standardised,2025-11-12,https://zenodo.org/records/18016847
london-2025-025,Huabei Oilfield,China,eor,2009,,measured-actual-standardised,2025-11-12,https://zenodo.org/records/18016847
london-2025-025,Huabei Oilfield,China,eor,2010,,measured-actual-standardised,2025-11-12,https://zenodo.org/records/18016847
london-2025-025,Huabei Oilfield,China,eor,2011,,measured-actual-standardised,2025-11-12,https://zenodo.org/records/18016847
london-2025-025,Huabei Oilfield,China,eor,2012,,measured-actual-standardised,2025-11-12,https://zenodo.org/records/18016847
london-2025-025,Huabei Oilfield,China,eor,2013,0.0013,measured-actual-standardised,2025-11-12,https://zenodo.org/records/18016847
london-2025-025,Huabei Oilfield,China,eor,2014,0.0013,measured-actual-standardised,2025-11-12,https://zenodo.org/records/18016847
london-2025-025,Huabei Oilfield,China,eor,2015,0.0013,measured-actual-standardised,2025-11-12,https://zenodo.org/records/18016847
london-2025-025,Huabei Oilfield,China,eor,2016,0.0013,measured-actual-standardised,2025-11-12,https://zenodo.org/records/18016847
london-2025-025,Huabei Oilfield,China,eor,2017,0.0013,measured-actual-standardised,2025-11-12,https://zenodo.org/records/18016847
london-2025-025,Huabei Oilfield,China,eor,2018,0.0013,measured-actual-standardised,2025-11-12,https://zenodo.org/records/18016847
london-2025-025,Huabei Oilfield,China,eor,2019,0.0013,measured-actual-standardised,2025-11-12,https://zenodo.org/records/18016847
london-2025-025,Huabei Oilfield,China,eor,2020,0.0013,measured-actual-standardised,2025-11-12,https://zenodo.org/records/18016847
london-2025-025,Huabei Oilfield,China,eor,2021,0.0013,measured-actual-standardised,2025-11-12,https://zenodo.org/records/18016847
london-2025-025,Huabei Oilfield,China,eor,2022,0.0013,measured-actual-standardised,2025-11-12,https://zenodo.org/records/18016847
london-2025-025,Huabei Oilfield,China,eor,2023,,measured-actual-standardised,2025-11-12,https://zenodo.org/records/18016847
london-2025-025,Huabei Oilfield,China,eor,2024,,measured-actual-standardised,2025-11-12,https://zenodo.org/records/18016847
london-2025-026,Qatar LNG,Qatar,associated,1996,,measured-actual-standardised,2025-11-12,https://zenodo.org/records/18016847
london-2025-026,Qatar LNG,Qatar,associated,1997,,measured-actual-standardised,2025-11-12,https://zenodo.org/records/18016847
london-2025-026,Qatar LNG,Qatar,associated,1998,,measured-actual-standardised,2025-11-12,https://zenodo.org/records/18016847
london-2025-026,Qatar LNG,Qatar,associated,1999,,measured-actual-standardised,2025-11-12,https://zenodo.org/records/18016847
london-2025-026,Qatar LNG,Qatar,associated,2000,,measured-actual-standardised,2025-11-12,https://zenodo.org/records/18016847
london-2025-026,Qatar LNG,Qatar,associated,2001,,measured-actual-standardised,2025-11-12,https://zenodo.org/records/18016847
london-2025-026,Qatar LNG,Qatar,associated,2002,,measured-actual-standardised,2025-11-12,https://zenodo.org/records/18016847
london-2025-026,Qatar LNG,Qatar,associated,2003,,measured-actual-standardised,2025-11-12,https://zenodo.org/records/18016847
london-2025-026,Qatar LNG,Qatar,associated,2004,,measured-actual-standardised,2025-11-12,https://zenodo.org/records/18016847
london-2025-026,Qatar LNG,Qatar,associated,2005,,measured-actual-standardised,2025-11-12,https://zenodo.org/records/18016847
london-2025-026,Qatar LNG,Qatar,associated,2006,,measured-actual-standardised,2025-11-12,https://zenodo.org/records/18016847
london-2025-026,Qatar LNG,Qatar,associated,2007,,measured-actual-standardised,2025-11-12,https://zenodo.org/records/18016847
london-2025-026,Qatar LNG,Qatar,associated,2008,,measured-actual-standardised,2025-11-12,https://zenodo.org/records/18016847
london-2025-026,Qatar LNG,Qatar,associated,2009,,measured-actual-standardised,2025-11-12,https://zenodo.org/records/18016847
london-2025-026,Qatar LNG,Qatar,associated,2010,,measured-actual-standardised,2025-11-12,https://zenodo.org/records/18016847
london-2025-026,Qatar LNG,Qatar,associated,2011,,measured-actual-standardised,2025-11-12,https://zenodo.org/records/18016847
london-2025-026,Qatar LNG,Qatar,associated,2012,,measured-actual-standardised,2025-11-12,https://zenodo.org/records/18016847
london-2025-026,Qatar LNG,Qatar,associated,2013,,measured-actual-standardised,2025-11-12,https://zenodo.org/records/18016847
london-2025-026,Qatar LNG,Qatar,associated,2014,,measured-actual-standardised,2025-11-12,https://zenodo.org/records/18016847
london-2025-026,Qatar LNG,Qatar,associated,2015,,measured-actual-standardised,2025-11-12,https://zenodo.org/records/18016847
london-2025-026,Qatar LNG,Qatar,associated,2016,,measured-actual-standardised,2025-11-12,https://zenodo.org/records/18016847
london-2025-026,Qatar LNG,Qatar,associated,2017,,measured-actual-standardised,2025-11-12,https://zenodo.org/records/18016847
london-2025-026,Qatar LNG,Qatar,associated,2018,,measured-actual-standardised,2025-11-12,https://zenodo.org/records/18016847
london-2025-026,Qatar LNG,Qatar,associated,2019,0.56,measured-actual-standardised,2025-11-12,https://zenodo.org/records/18016847
london-2025-026,Qatar LNG,Qatar,associated,2020,0.63,measured-actual-standardised,2025-11-12,https://zenodo.org/records/18016847
london-2025-026,Qatar LNG,Qatar,associated,2021,0.62,measured-actual-standardised,2025-11-12,https://zenodo.org/records/18016847
london-2025-026,Qatar LNG,Qatar,associated,2022,0.59,measured-actual-standardised,2025-11-12,https://zenodo.org/records/18016847
london-2025-026,Qatar LNG,Qatar,associated,2023,0.68,measured-actual-standardised,2025-11-12,https://zenodo.org/records/18016847
london-2025-026,Qatar LNG,Qatar,associated,2024,0.61,measured-actual-standardised,2025-11-12,https://zenodo.org/records/18016847
london-2025-027,Uthmaniyah Carbon Dioxide Enhanced Oil Recovery (CO2-EOR) Demonstration Project,Saudi Arabia,eor,1996,,measured-actual-standardised,2025-11-12,https://zenodo.org/records/18016847
london-2025-027,Uthmaniyah Carbon Dioxide Enhanced Oil Recovery (CO2-EOR) Demonstration Project,Saudi Arabia,eor,1997,,measured-actual-standardised,2025-11-12,https://zenodo.org/records/18016847
london-2025-027,Uthmaniyah Carbon Dioxide Enhanced Oil Recovery (CO2-EOR) Demonstration Project,Saudi Arabia,eor,1998,,measured-actual-standardised,2025-11-12,https://zenodo.org/records/18016847
london-2025-027,Uthmaniyah Carbon Dioxide Enhanced Oil Recovery (CO2-EOR) Demonstration Project,Saudi Arabia,eor,1999,,measured-actual-standardised,2025-11-12,https://zenodo.org/records/18016847
london-2025-027,Uthmaniyah Carbon Dioxide Enhanced Oil Recovery (CO2-EOR) Demonstration Project,Saudi Arabia,eor,2000,,measured-actual-standardised,2025-11-12,https://zenodo.org/records/18016847
london-2025-027,Uthmaniyah Carbon Dioxide Enhanced Oil Recovery (CO2-EOR) Demonstration Project,Saudi Arabia,eor,2001,,measured-actual-standardised,2025-11-12,https://zenodo.org/records/18016847
london-2025-027,Uthmaniyah Carbon Dioxide Enhanced Oil Recovery (CO2-EOR) Demonstration Project,Saudi Arabia,eor,2002,,measured-actual-standardised,2025-11-12,https://zenodo.org/records/18016847
london-2025-027,Uthmaniyah Carbon Dioxide Enhanced Oil Recovery (CO2-EOR) Demonstration Project,Saudi Arabia,eor,2003,,measured-actual-standardised,2025-11-12,https://zenodo.org/records/18016847
london-2025-027,Uthmaniyah Carbon Dioxide Enhanced Oil Recovery (CO2-EOR) Demonstration Project,Saudi Arabia,eor,2004,,measured-actual-standardised,2025-11-12,https://zenodo.org/records/18016847
london-2025-027,Uthmaniyah Carbon Dioxide Enhanced Oil Recovery (CO2-EOR) Demonstration Project,Saudi Arabia,eor,2005,,measured-actual-standardised,2025-11-12,https://zenodo.org/records/18016847
london-2025-027,Uthmaniyah Carbon Dioxide Enhanced Oil Recovery (CO2-EOR) Demonstration Project,Saudi Arabia,eor,2006,,measured-actual-standardised,2025-11-12,https://zenodo.org/records/18016847
london-2025-027,Uthmaniyah Carbon Dioxide Enhanced Oil Recovery (CO2-EOR) Demonstration Project,Saudi Arabia,eor,2007,,measured-actual-standardised,2025-11-12,https://zenodo.org/records/18016847
london-2025-027,Uthmaniyah Carbon Dioxide Enhanced Oil Recovery (CO2-EOR) Demonstration Project,Saudi Arabia,eor,2008,,measured-actual-standardised,2025-11-12,https://zenodo.org/records/18016847
london-2025-027,Uthmaniyah Carbon Dioxide Enhanced Oil Recovery (CO2-EOR) Demonstration Project,Saudi Arabia,eor,2009,,measured-actual-standardised,2025-11-12,https://zenodo.org/records/18016847
london-2025-027,Uthmaniyah Carbon Dioxide Enhanced Oil Recovery (CO2-EOR) Demonstration Project,Saudi Arabia,eor,2010,,measured-actual-standardised,2025-11-12,https://zenodo.org/records/18016847
london-2025-027,Uthmaniyah Carbon Dioxide Enhanced Oil Recovery (CO2-EOR) Demonstration Project,Saudi Arabia,eor,2011,,measured-actual-standardised,2025-11-12,https://zenodo.org/records/18016847
london-2025-027,Uthmaniyah Carbon Dioxide Enhanced Oil Recovery (CO2-EOR) Demonstration Project,Saudi Arabia,eor,2012,,measured-actual-standardised,2025-11-12,https://zenodo.org/records/18016847
london-2025-027,Uthmaniyah Carbon Dioxide Enhanced Oil Recovery (CO2-EOR) Demonstration Project,Saudi Arabia,eor,2013,,measured-actual-standardised,2025-11-12,https://zenodo.org/records/18016847
london-2025-027,Uthmaniyah Carbon Dioxide Enhanced Oil Recovery (CO2-EOR) Demonstration Project,Saudi Arabia,eor,2014,,measured-actual-standardised,2025-11-12,https://zenodo.org/records/18016847
london-2025-027,Uthmaniyah Carbon Dioxide Enhanced Oil Recovery (CO2-EOR) Demonstration Project,Saudi Arabia,eor,2015,0.8,measured-actual-standardised,2025-11-12,https://zenodo.org/records/18016847
london-2025-027,Uthmaniyah Carbon Dioxide Enhanced Oil Recovery (CO2-EOR) Demonstration Project,Saudi Arabia,eor,2016,0.8,measured-actual-standardised,2025-11-12,https://zenodo.org/records/18016847
london-2025-027,Uthmaniyah Carbon Dioxide Enhanced Oil Recovery (CO2-EOR) Demonstration Project,Saudi Arabia,eor,2017,0.8,measured-actual-standardised,2025-11-12,https://zenodo.org/records/18016847
london-2025-027,Uthmaniyah Carbon Dioxide Enhanced Oil Recovery (CO2-EOR) Demonstration Project,Saudi Arabia,eor,2018,0.8,measured-actual-standardised,2025-11-12,https://zenodo.org/records/18016847
london-2025-027,Uthmaniyah Carbon Dioxide Enhanced Oil Recovery (CO2-EOR) Demonstration Project,Saudi Arabia,eor,2019,0.8,measured-actual-standardised,2025-11-12,https://zenodo.org/records/18016847
london-2025-027,Uthmaniyah Carbon Dioxide Enhanced Oil Recovery (CO2-EOR) Demonstration Project,Saudi Arabia,eor,2020,0.8,measured-actual-standardised,2025-11-12,https://zenodo.org/records/18016847
london-2025-027,Uthmaniyah Carbon Dioxide Enhanced Oil Recovery (CO2-EOR) Demonstration Project,Saudi Arabia,eor,2021,0.8,measured-actual-standardised,2025-11-12,https://zenodo.org/records/18016847
london-2025-027,Uthmaniyah Carbon Dioxide Enhanced Oil Recovery (CO2-EOR) Demonstration Project,Saudi Arabia,eor,2022,0.8,measured-actual-standardised,2025-11-12,https://zenodo.org/records/18016847
london-2025-027,Uthmaniyah Carbon Dioxide Enhanced Oil Recovery (CO2-EOR) Demonstration Project,Saudi Arabia,eor,2023,0.8,measured-actual-standardised,2025-11-12,https://zenodo.org/records/18016847
london-2025-027,Uthmaniyah Carbon Dioxide Enhanced Oil Recovery (CO2-EOR) Demonstration Project,Saudi Arabia,eor,2024,0.8,measured-actual-standardised,2025-11-12,https://zenodo.org/records/18016847
london-2025-028,Denver Unit / Wasson San Andres Field,United States,eor,1996,,measured-actual-standardised,2025-11-12,https://zenodo.org/records/18016847
london-2025-028,Denver Unit / Wasson San Andres Field,United States,eor,1997,,measured-actual-standardised,2025-11-12,https://zenodo.org/records/18016847
london-2025-028,Denver Unit / Wasson San Andres Field,United States,eor,1998,,measured-actual-standardised,2025-11-12,https://zenodo.org/records/18016847
london-2025-028,Denver Unit / Wasson San Andres Field,United States,eor,1999,,measured-actual-standardised,2025-11-12,https://zenodo.org/records/18016847
london-2025-028,Denver Unit / Wasson San Andres Field,United States,eor,2000,,measured-actual-standardised,2025-11-12,https://zenodo.org/records/18016847
london-2025-028,Denver Unit / Wasson San Andres Field,United States,eor,2001,,measured-actual-standardised,2025-11-12,https://zenodo.org/records/18016847
london-2025-028,Denver Unit / Wasson San Andres Field,United States,eor,2002,,measured-actual-standardised,2025-11-12,https://zenodo.org/records/18016847
london-2025-028,Denver Unit / Wasson San Andres Field,United States,eor,2003,,measured-actual-standardised,2025-11-12,https://zenodo.org/records/18016847
london-2025-028,Denver Unit / Wasson San Andres Field,United States,eor,2004,,measured-actual-standardised,2025-11-12,https://zenodo.org/records/18016847
london-2025-028,Denver Unit / Wasson San Andres Field,United States,eor,2005,,measured-actual-standardised,2025-11-12,https://zenodo.org/records/18016847
london-2025-028,Denver Unit / Wasson San Andres Field,United States,eor,2006,,measured-actual-standardised,2025-11-12,https://zenodo.org/records/18016847
london-2025-028,Denver Unit / Wasson San Andres Field,United States,eor,2007,,measured-actual-standardised,2025-11-12,https://zenodo.org/records/18016847
london-2025-028,Denver Unit / Wasson San Andres Field,United States,eor,2008,,measured-actual-standardised,2025-11-12,https://zenodo.org/records/18016847
london-2025-028,Denver Unit / Wasson San Andres Field,United States,eor,2009,,measured-actual-standardised,2025-11-12,https://zenodo.org/records/18016847
london-2025-028,Denver Unit / Wasson San Andres Field,United States,eor,2010,,measured-actual-standardised,2025-11-12,https://zenodo.org/records/18016847
london-2025-028,Denver Unit / Wasson San Andres Field,United States,eor,2011,,measured-actual-standardised,2025-11-12,https://zenodo.org/records/18016847
london-2025-028,Denver Unit / Wasson San Andres Field,United States,eor,2012,,measured-actual-standardised,2025-11-12,https://zenodo.org/records/18016847
london-2025-028,Denver Unit / Wasson San Andres Field,United States,eor,2013,,measured-actual-standardised,2025-11-12,https://zenodo.org/records/18016847
london-2025-028,Denver Unit / Wasson San Andres Field,United States,eor,2014,,measured-actual-standardised,2025-11-12,https://zenodo.org/records/18016847
london-2025-028,Denver Unit / Wasson San Andres Field,United States,eor,2015,,measured-actual-standardised,2025-11-12,https://zenodo.org/records/18016847
london-2025-028,Denver Unit / Wasson San Andres Field,United States,eor,2016,3.090607,measured-actual-standardised,2025-11-12,https://zenodo.org/records/18016847
london-2025-028,Denver Unit / Wasson San Andres Field,United States,eor,2017,3.380108,measured-actual-standardised,2025-11-12,https://zenodo.org/records/18016847
london-2025-028,Denver Unit / Wasson San Andres Field,United States,eor,2018,3.489481,measured-actual-standardised,2025-11-12,https://zenodo.org/records/18016847
london-2025-028,Denver Unit / Wasson San Andres Field,United States,eor,2019,3.3391747,measured-actual-standardised,2025-11-12,https://zenodo.org/records/18016847
london-2025-028,Denver Unit / Wasson San Andres Field,United States,eor,2020,2.8496719,measured-actual-standardised,2025-11-12,https://zenodo.org/records/18016847
london-2025-028,Denver Unit / Wasson San Andres Field,United States,eor,2021,2.613774,measured-actual-standardised,2025-11-12,https://zenodo.org/records/18016847
london-2025-028,Denver Unit / Wasson San Andres Field,United States,eor,2022,2.996985,measured-actual-standardised,2025-11-12,https://zenodo.org/records/18016847
london-2025-028,Denver Unit / Wasson San Andres Field,United States,eor,2023,3.669743,measured-actual-standardised,2025-11-12,https://zenodo.org/records/18016847
london-2025-028,Denver Unit / Wasson San Andres Field,United States,eor,2024,,measured-actual-standardised,2025-11-12,https://zenodo.org/records/18016847
london-2025-029,North Burbank Unit,United States,eor,1996,,measured-actual-standardised,2025-11-12,https://zenodo.org/records/18016847
london-2025-029,North Burbank Unit,United States,eor,1997,,measured-actual-standardised,2025-11-12,https://zenodo.org/records/18016847
london-2025-029,North Burbank Unit,United States,eor,1998,,measured-actual-standardised,2025-11-12,https://zenodo.org/records/18016847
london-2025-029,North Burbank Unit,United States,eor,1999,,measured-actual-standardised,2025-11-12,https://zenodo.org/records/18016847
london-2025-029,North Burbank Unit,United States,eor,2000,,measured-actual-standardised,2025-11-12,https://zenodo.org/records/18016847
london-2025-029,North Burbank Unit,United States,eor,2001,,measured-actual-standardised,2025-11-12,https://zenodo.org/records/18016847
london-2025-029,North Burbank Unit,United States,eor,2002,,measured-actual-standardised,2025-11-12,https://zenodo.org/records/18016847
london-2025-029,North Burbank Unit,United States,eor,2003,,measured-actual-standardised,2025-11-12,https://zenodo.org/records/18016847
london-2025-029,North Burbank Unit,United States,eor,2004,,measured-actual-standardised,2025-11-12,https://zenodo.org/records/18016847
london-2025-029,North Burbank Unit,United States,eor,2005,,measured-actual-standardised,2025-11-12,https://zenodo.org/records/18016847
london-2025-029,North Burbank Unit,United States,eor,2006,,measured-actual-standardised,2025-11-12,https://zenodo.org/records/18016847
london-2025-029,North Burbank Unit,United States,eor,2007,,measured-actual-standardised,2025-11-12,https://zenodo.org/records/18016847
london-2025-029,North Burbank Unit,United States,eor,2008,,measured-actual-standardised,2025-11-12,https://zenodo.org/records/18016847
london-2025-029,North Burbank Unit,United States,eor,2009,,measured-actual-standardised,2025-11-12,https://zenodo.org/records/18016847
london-2025-029,North Burbank Unit,United States,eor,2010,,measured-actual-standardised,2025-11-12,https://zenodo.org/records/18016847
london-2025-029,North Burbank Unit,United States,eor,2011,,measured-actual-standardised,2025-11-12,https://zenodo.org/records/18016847
london-2025-029,North Burbank Unit,United States,eor,2012,,measured-actual-standardised,2025-11-12,https://zenodo.org/records/18016847
london-2025-029,North Burbank Unit,United States,eor,2013,0.75,measured-actual-standardised,2025-11-12,https://zenodo.org/records/18016847
london-2025-029,North Burbank Unit,United States,eor,2014,0.75,measured-actual-standardised,2025-11-12,https://zenodo.org/records/18016847
london-2025-029,North Burbank Unit,United States,eor,2015,0.75,measured-actual-standardised,2025-11-12,https://zenodo.org/records/18016847
london-2025-029,North Burbank Unit,United States,eor,2016,0.75,measured-actual-standardised,2025-11-12,https://zenodo.org/records/18016847
london-2025-029,North Burbank Unit,United States,eor,2017,1.53,measured-actual-standardised,2025-11-12,https://zenodo.org/records/18016847
london-2025-029,North Burbank Unit,United States,eor,2018,1.53,measured-actual-standardised,2025-11-12,https://zenodo.org/records/18016847
london-2025-029,North Burbank Unit,United States,eor,2019,1.53,measured-actual-standardised,2025-11-12,https://zenodo.org/records/18016847
london-2025-029,North Burbank Unit,United States,eor,2020,0.660309,measured-actual-standardised,2025-11-12,https://zenodo.org/records/18016847
london-2025-029,North Burbank Unit,United States,eor,2021,0.714124,measured-actual-standardised,2025-11-12,https://zenodo.org/records/18016847
london-2025-029,North Burbank Unit,United States,eor,2022,0.65243,measured-actual-standardised,2025-11-12,https://zenodo.org/records/18016847
london-2025-029,North Burbank Unit,United States,eor,2023,0.6313768,measured-actual-standardised,2025-11-12,https://zenodo.org/records/18016847
london-2025-029,North Burbank Unit,United States,eor,2024,,measured-actual-standardised,2025-11-12,https://zenodo.org/records/18016847
london-2025-030,Core Energy  Otsego County EOR Operations,United States,eor,1996,,measured-actual-standardised,2025-11-12,https://zenodo.org/records/18016847
london-2025-030,Core Energy  Otsego County EOR Operations,United States,eor,1997,,measured-actual-standardised,2025-11-12,https://zenodo.org/records/18016847
london-2025-030,Core Energy  Otsego County EOR Operations,United States,eor,1998,,measured-actual-standardised,2025-11-12,https://zenodo.org/records/18016847
london-2025-030,Core Energy  Otsego County EOR Operations,United States,eor,1999,,measured-actual-standardised,2025-11-12,https://zenodo.org/records/18016847
london-2025-030,Core Energy  Otsego County EOR Operations,United States,eor,2000,,measured-actual-standardised,2025-11-12,https://zenodo.org/records/18016847
london-2025-030,Core Energy  Otsego County EOR Operations,United States,eor,2001,,measured-actual-standardised,2025-11-12,https://zenodo.org/records/18016847
london-2025-030,Core Energy  Otsego County EOR Operations,United States,eor,2002,,measured-actual-standardised,2025-11-12,https://zenodo.org/records/18016847
london-2025-030,Core Energy  Otsego County EOR Operations,United States,eor,2003,,measured-actual-standardised,2025-11-12,https://zenodo.org/records/18016847
london-2025-030,Core Energy  Otsego County EOR Operations,United States,eor,2004,,measured-actual-standardised,2025-11-12,https://zenodo.org/records/18016847
london-2025-030,Core Energy  Otsego County EOR Operations,United States,eor,2005,,measured-actual-standardised,2025-11-12,https://zenodo.org/records/18016847
london-2025-030,Core Energy  Otsego County EOR Operations,United States,eor,2006,,measured-actual-standardised,2025-11-12,https://zenodo.org/records/18016847
london-2025-030,Core Energy  Otsego County EOR Operations,United States,eor,2007,,measured-actual-standardised,2025-11-12,https://zenodo.org/records/18016847
london-2025-030,Core Energy  Otsego County EOR Operations,United States,eor,2008,,measured-actual-standardised,2025-11-12,https://zenodo.org/records/18016847
london-2025-030,Core Energy  Otsego County EOR Operations,United States,eor,2009,,measured-actual-standardised,2025-11-12,https://zenodo.org/records/18016847
london-2025-030,Core Energy  Otsego County EOR Operations,United States,eor,2010,,measured-actual-standardised,2025-11-12,https://zenodo.org/records/18016847
london-2025-030,Core Energy  Otsego County EOR Operations,United States,eor,2011,,measured-actual-standardised,2025-11-12,https://zenodo.org/records/18016847
london-2025-030,Core Energy  Otsego County EOR Operations,United States,eor,2012,,measured-actual-standardised,2025-11-12,https://zenodo.org/records/18016847
london-2025-030,Core Energy  Otsego County EOR Operations,United States,eor,2013,,measured-actual-standardised,2025-11-12,https://zenodo.org/records/18016847
london-2025-030,Core Energy  Otsego County EOR Operations,United States,eor,2014,,measured-actual-standardised,2025-11-12,https://zenodo.org/records/18016847
london-2025-030,Core Energy  Otsego County EOR Operations,United States,eor,2015,,measured-actual-standardised,2025-11-12,https://zenodo.org/records/18016847
london-2025-030,Core Energy  Otsego County EOR Operations,United States,eor,2016,,measured-actual-standardised,2025-11-12,https://zenodo.org/records/18016847
london-2025-030,Core Energy  Otsego County EOR Operations,United States,eor,2017,,measured-actual-standardised,2025-11-12,https://zenodo.org/records/18016847
london-2025-030,Core Energy  Otsego County EOR Operations,United States,eor,2018,0.309858,measured-actual-standardised,2025-11-12,https://zenodo.org/records/18016847
london-2025-030,Core Energy  Otsego County EOR Operations,United States,eor,2019,0.382859,measured-actual-standardised,2025-11-12,https://zenodo.org/records/18016847
london-2025-030,Core Energy  Otsego County EOR Operations,United States,eor,2020,0.21315,measured-actual-standardised,2025-11-12,https://zenodo.org/records/18016847
london-2025-030,Core Energy  Otsego County EOR Operations,United States,eor,2021,0.232994,measured-actual-standardised,2025-11-12,https://zenodo.org/records/18016847
london-2025-030,Core Energy  Otsego County EOR Operations,United States,eor,2022,0.311307,measured-actual-standardised,2025-11-12,https://zenodo.org/records/18016847
london-2025-030,Core Energy  Otsego County EOR Operations,United States,eor,2023,0.260586,measured-actual-standardised,2025-11-12,https://zenodo.org/records/18016847
london-2025-030,Core Energy  Otsego County EOR Operations,United States,eor,2024,,measured-actual-standardised,2025-11-12,https://zenodo.org/records/18016847
london-2025-031,Shute Creek,United States,eor,1996,,measured-actual-standardised,2025-11-12,https://zenodo.org/records/18016847
london-2025-031,Shute Creek,United States,eor,1997,,measured-actual-standardised,2025-11-12,https://zenodo.org/records/18016847
london-2025-031,Shute Creek,United States,eor,1998,,measured-actual-standardised,2025-11-12,https://zenodo.org/records/18016847
london-2025-031,Shute Creek,United States,eor,1999,,measured-actual-standardised,2025-11-12,https://zenodo.org/records/18016847
london-2025-031,Shute Creek,United States,eor,2000,,measured-actual-standardised,2025-11-12,https://zenodo.org/records/18016847
london-2025-031,Shute Creek,United States,eor,2001,,measured-actual-standardised,2025-11-12,https://zenodo.org/records/18016847
london-2025-031,Shute Creek,United States,eor,2002,,measured-actual-standardised,2025-11-12,https://zenodo.org/records/18016847
london-2025-031,Shute Creek,United States,eor,2003,,measured-actual-standardised,2025-11-12,https://zenodo.org/records/18016847
london-2025-031,Shute Creek,United States,eor,2004,,measured-actual-standardised,2025-11-12,https://zenodo.org/records/18016847
london-2025-031,Shute Creek,United States,eor,2005,,measured-actual-standardised,2025-11-12,https://zenodo.org/records/18016847
london-2025-031,Shute Creek,United States,eor,2006,,measured-actual-standardised,2025-11-12,https://zenodo.org/records/18016847
london-2025-031,Shute Creek,United States,eor,2007,,measured-actual-standardised,2025-11-12,https://zenodo.org/records/18016847
london-2025-031,Shute Creek,United States,eor,2008,4.4,measured-actual-standardised,2025-11-12,https://zenodo.org/records/18016847
london-2025-031,Shute Creek,United States,eor,2009,4.6,measured-actual-standardised,2025-11-12,https://zenodo.org/records/18016847
london-2025-031,Shute Creek,United States,eor,2010,4.8,measured-actual-standardised,2025-11-12,https://zenodo.org/records/18016847
london-2025-031,Shute Creek,United States,eor,2011,5.0,measured-actual-standardised,2025-11-12,https://zenodo.org/records/18016847
london-2025-031,Shute Creek,United States,eor,2012,4.8,measured-actual-standardised,2025-11-12,https://zenodo.org/records/18016847
london-2025-031,Shute Creek,United States,eor,2013,5.9,measured-actual-standardised,2025-11-12,https://zenodo.org/records/18016847
london-2025-031,Shute Creek,United States,eor,2014,6.9,measured-actual-standardised,2025-11-12,https://zenodo.org/records/18016847
london-2025-031,Shute Creek,United States,eor,2015,6.9,measured-actual-standardised,2025-11-12,https://zenodo.org/records/18016847
london-2025-031,Shute Creek,United States,eor,2016,6.3,measured-actual-standardised,2025-11-12,https://zenodo.org/records/18016847
london-2025-031,Shute Creek,United States,eor,2017,6.6,measured-actual-standardised,2025-11-12,https://zenodo.org/records/18016847
london-2025-031,Shute Creek,United States,eor,2018,7.0,measured-actual-standardised,2025-11-12,https://zenodo.org/records/18016847
london-2025-031,Shute Creek,United States,eor,2019,6.8,measured-actual-standardised,2025-11-12,https://zenodo.org/records/18016847
london-2025-031,Shute Creek,United States,eor,2020,7.4,measured-actual-standardised,2025-11-12,https://zenodo.org/records/18016847
london-2025-031,Shute Creek,United States,eor,2021,6.0,measured-actual-standardised,2025-11-12,https://zenodo.org/records/18016847
london-2025-031,Shute Creek,United States,eor,2022,6.0,measured-actual-standardised,2025-11-12,https://zenodo.org/records/18016847
london-2025-031,Shute Creek,United States,eor,2023,6.0,measured-actual-standardised,2025-11-12,https://zenodo.org/records/18016847
london-2025-031,Shute Creek,United States,eor,2024,6.0,measured-actual-standardised,2025-11-12,https://zenodo.org/records/18016847
london-2025-032,30-30 Gas Plant,United States,eor,1996,,measured-actual-standardised,2025-11-12,https://zenodo.org/records/18016847
london-2025-032,30-30 Gas Plant,United States,eor,1997,,measured-actual-standardised,2025-11-12,https://zenodo.org/records/18016847
london-2025-032,30-30 Gas Plant,United States,eor,1998,,measured-actual-standardised,2025-11-12,https://zenodo.org/records/18016847
london-2025-032,30-30 Gas Plant,United States,eor,1999,,measured-actual-standardised,2025-11-12,https://zenodo.org/records/18016847
london-2025-032,30-30 Gas Plant,United States,eor,2000,,measured-actual-standardised,2025-11-12,https://zenodo.org/records/18016847
london-2025-032,30-30 Gas Plant,United States,eor,2001,,measured-actual-standardised,2025-11-12,https://zenodo.org/records/18016847
london-2025-032,30-30 Gas Plant,United States,eor,2002,,measured-actual-standardised,2025-11-12,https://zenodo.org/records/18016847
london-2025-032,30-30 Gas Plant,United States,eor,2003,,measured-actual-standardised,2025-11-12,https://zenodo.org/records/18016847
london-2025-032,30-30 Gas Plant,United States,eor,2004,,measured-actual-standardised,2025-11-12,https://zenodo.org/records/18016847
london-2025-032,30-30 Gas Plant,United States,eor,2005,,measured-actual-standardised,2025-11-12,https://zenodo.org/records/18016847
london-2025-032,30-30 Gas Plant,United States,eor,2006,,measured-actual-standardised,2025-11-12,https://zenodo.org/records/18016847
london-2025-032,30-30 Gas Plant,United States,eor,2007,,measured-actual-standardised,2025-11-12,https://zenodo.org/records/18016847
london-2025-032,30-30 Gas Plant,United States,eor,2008,,measured-actual-standardised,2025-11-12,https://zenodo.org/records/18016847
london-2025-032,30-30 Gas Plant,United States,eor,2009,,measured-actual-standardised,2025-11-12,https://zenodo.org/records/18016847
london-2025-032,30-30 Gas Plant,United States,eor,2010,,measured-actual-standardised,2025-11-12,https://zenodo.org/records/18016847
london-2025-032,30-30 Gas Plant,United States,eor,2011,,measured-actual-standardised,2025-11-12,https://zenodo.org/records/18016847
london-2025-032,30-30 Gas Plant,United States,eor,2012,,measured-actual-standardised,2025-11-12,https://zenodo.org/records/18016847
london-2025-032,30-30 Gas Plant,United States,eor,2013,,measured-actual-standardised,2025-11-12,https://zenodo.org/records/18016847
london-2025-032,30-30 Gas Plant,United States,eor,2014,,measured-actual-standardised,2025-11-12,https://zenodo.org/records/18016847
london-2025-032,30-30 Gas Plant,United States,eor,2015,,measured-actual-standardised,2025-11-12,https://zenodo.org/records/18016847
london-2025-032,30-30 Gas Plant,United States,eor,2016,,measured-actual-standardised,2025-11-12,https://zenodo.org/records/18016847
london-2025-032,30-30 Gas Plant,United States,eor,2017,,measured-actual-standardised,2025-11-12,https://zenodo.org/records/18016847
london-2025-032,30-30 Gas Plant,United States,eor,2018,,measured-actual-standardised,2025-11-12,https://zenodo.org/records/18016847
london-2025-032,30-30 Gas Plant,United States,eor,2019,,measured-actual-standardised,2025-11-12,https://zenodo.org/records/18016847
london-2025-032,30-30 Gas Plant,United States,eor,2020,,measured-actual-standardised,2025-11-12,https://zenodo.org/records/18016847
london-2025-032,30-30 Gas Plant,United States,eor,2021,,measured-actual-standardised,2025-11-12,https://zenodo.org/records/18016847
london-2025-032,30-30 Gas Plant,United States,eor,2022,0.012,measured-actual-standardised,2025-11-12,https://zenodo.org/records/18016847
london-2025-032,30-30 Gas Plant,United States,eor,2023,0.01,measured-actual-standardised,2025-11-12,https://zenodo.org/records/18016847
london-2025-032,30-30 Gas Plant,United States,eor,2024,,measured-actual-standardised,2025-11-12,https://zenodo.org/records/18016847
london-2025-033,Illinois Industrial Carbon Capture and Sequestration Project,United States,dedicated,1996,,measured-actual-standardised,2025-11-12,https://zenodo.org/records/18016847
london-2025-033,Illinois Industrial Carbon Capture and Sequestration Project,United States,dedicated,1997,,measured-actual-standardised,2025-11-12,https://zenodo.org/records/18016847
london-2025-033,Illinois Industrial Carbon Capture and Sequestration Project,United States,dedicated,1998,,measured-actual-standardised,2025-11-12,https://zenodo.org/records/18016847
london-2025-033,Illinois Industrial Carbon Capture and Sequestration Project,United States,dedicated,1999,,measured-actual-standardised,2025-11-12,https://zenodo.org/records/18016847
london-2025-033,Illinois Industrial Carbon Capture and Sequestration Project,United States,dedicated,2000,,measured-actual-standardised,2025-11-12,https://zenodo.org/records/18016847
london-2025-033,Illinois Industrial Carbon Capture and Sequestration Project,United States,dedicated,2001,,measured-actual-standardised,2025-11-12,https://zenodo.org/records/18016847
london-2025-033,Illinois Industrial Carbon Capture and Sequestration Project,United States,dedicated,2002,,measured-actual-standardised,2025-11-12,https://zenodo.org/records/18016847
london-2025-033,Illinois Industrial Carbon Capture and Sequestration Project,United States,dedicated,2003,,measured-actual-standardised,2025-11-12,https://zenodo.org/records/18016847
london-2025-033,Illinois Industrial Carbon Capture and Sequestration Project,United States,dedicated,2004,,measured-actual-standardised,2025-11-12,https://zenodo.org/records/18016847
london-2025-033,Illinois Industrial Carbon Capture and Sequestration Project,United States,dedicated,2005,,measured-actual-standardised,2025-11-12,https://zenodo.org/records/18016847
london-2025-033,Illinois Industrial Carbon Capture and Sequestration Project,United States,dedicated,2006,,measured-actual-standardised,2025-11-12,https://zenodo.org/records/18016847
london-2025-033,Illinois Industrial Carbon Capture and Sequestration Project,United States,dedicated,2007,,measured-actual-standardised,2025-11-12,https://zenodo.org/records/18016847
london-2025-033,Illinois Industrial Carbon Capture and Sequestration Project,United States,dedicated,2008,,measured-actual-standardised,2025-11-12,https://zenodo.org/records/18016847
london-2025-033,Illinois Industrial Carbon Capture and Sequestration Project,United States,dedicated,2009,,measured-actual-standardised,2025-11-12,https://zenodo.org/records/18016847
london-2025-033,Illinois Industrial Carbon Capture and Sequestration Project,United States,dedicated,2010,,measured-actual-standardised,2025-11-12,https://zenodo.org/records/18016847
london-2025-033,Illinois Industrial Carbon Capture and Sequestration Project,United States,dedicated,2011,0.034,measured-actual-standardised,2025-11-12,https://zenodo.org/records/18016847
london-2025-033,Illinois Industrial Carbon Capture and Sequestration Project,United States,dedicated,2012,0.326,measured-actual-standardised,2025-11-12,https://zenodo.org/records/18016847
london-2025-033,Illinois Industrial Carbon Capture and Sequestration Project,United States,dedicated,2013,0.334,measured-actual-standardised,2025-11-12,https://zenodo.org/records/18016847
london-2025-033,Illinois Industrial Carbon Capture and Sequestration Project,United States,dedicated,2014,0.301,measured-actual-standardised,2025-11-12,https://zenodo.org/records/18016847
london-2025-033,Illinois Industrial Carbon Capture and Sequestration Project,United States,dedicated,2015,0.0,measured-actual-standardised,2025-11-12,https://zenodo.org/records/18016847
london-2025-033,Illinois Industrial Carbon Capture and Sequestration Project,United States,dedicated,2016,0.0,measured-actual-standardised,2025-11-12,https://zenodo.org/records/18016847
london-2025-033,Illinois Industrial Carbon Capture and Sequestration Project,United States,dedicated,2017,0.506649,measured-actual-standardised,2025-11-12,https://zenodo.org/records/18016847
london-2025-033,Illinois Industrial Carbon Capture and Sequestration Project,United States,dedicated,2018,0.525001,measured-actual-standardised,2025-11-12,https://zenodo.org/records/18016847
london-2025-033,Illinois Industrial Carbon Capture and Sequestration Project,United States,dedicated,2019,0.519779,measured-actual-standardised,2025-11-12,https://zenodo.org/records/18016847
london-2025-033,Illinois Industrial Carbon Capture and Sequestration Project,United States,dedicated,2020,0.521581,measured-actual-standardised,2025-11-12,https://zenodo.org/records/18016847
london-2025-033,Illinois Industrial Carbon Capture and Sequestration Project,United States,dedicated,2021,0.519779,measured-actual-standardised,2025-11-12,https://zenodo.org/records/18016847
london-2025-033,Illinois Industrial Carbon Capture and Sequestration Project,United States,dedicated,2022,0.42858,measured-actual-standardised,2025-11-12,https://zenodo.org/records/18016847
london-2025-033,Illinois Industrial Carbon Capture and Sequestration Project,United States,dedicated,2023,0.543978,measured-actual-standardised,2025-11-12,https://zenodo.org/records/18016847
london-2025-033,Illinois Industrial Carbon Capture and Sequestration Project,United States,dedicated,2024,0.332,measured-actual-standardised,2025-11-12,https://zenodo.org/records/18016847
london-2025-034,Barnett RDC Well No. 1,United States,dedicated,1996,,measured-actual-standardised,2025-11-12,https://zenodo.org/records/18016847
london-2025-034,Barnett RDC Well No. 1,United States,dedicated,1997,,measured-actual-standardised,2025-11-12,https://zenodo.org/records/18016847
london-2025-034,Barnett RDC Well No. 1,United States,dedicated,1998,,measured-actual-standardised,2025-11-12,https://zenodo.org/records/18016847
london-2025-034,Barnett RDC Well No. 1,United States,dedicated,1999,,measured-actual-standardised,2025-11-12,https://zenodo.org/records/18016847
london-2025-034,Barnett RDC Well No. 1,United States,dedicated,2000,,measured-actual-standardised,2025-11-12,https://zenodo.org/records/18016847
london-2025-034,Barnett RDC Well No. 1,United States,dedicated,2001,,measured-actual-standardised,2025-11-12,https://zenodo.org/records/18016847
london-2025-034,Barnett RDC Well No. 1,United States,dedicated,2002,,measured-actual-standardised,2025-11-12,https://zenodo.org/records/18016847
london-2025-034,Barnett RDC Well No. 1,United States,dedicated,2003,,measured-actual-standardised,2025-11-12,https://zenodo.org/records/18016847
london-2025-034,Barnett RDC Well No. 1,United States,dedicated,2004,,measured-actual-standardised,2025-11-12,https://zenodo.org/records/18016847
london-2025-034,Barnett RDC Well No. 1,United States,dedicated,2005,,measured-actual-standardised,2025-11-12,https://zenodo.org/records/18016847
london-2025-034,Barnett RDC Well No. 1,United States,dedicated,2006,,measured-actual-standardised,2025-11-12,https://zenodo.org/records/18016847
london-2025-034,Barnett RDC Well No. 1,United States,dedicated,2007,,measured-actual-standardised,2025-11-12,https://zenodo.org/records/18016847
london-2025-034,Barnett RDC Well No. 1,United States,dedicated,2008,,measured-actual-standardised,2025-11-12,https://zenodo.org/records/18016847
london-2025-034,Barnett RDC Well No. 1,United States,dedicated,2009,,measured-actual-standardised,2025-11-12,https://zenodo.org/records/18016847
london-2025-034,Barnett RDC Well No. 1,United States,dedicated,2010,,measured-actual-standardised,2025-11-12,https://zenodo.org/records/18016847
london-2025-034,Barnett RDC Well No. 1,United States,dedicated,2011,,measured-actual-standardised,2025-11-12,https://zenodo.org/records/18016847
london-2025-034,Barnett RDC Well No. 1,United States,dedicated,2012,,measured-actual-standardised,2025-11-12,https://zenodo.org/records/18016847
london-2025-034,Barnett RDC Well No. 1,United States,dedicated,2013,,measured-actual-standardised,2025-11-12,https://zenodo.org/records/18016847
london-2025-034,Barnett RDC Well No. 1,United States,dedicated,2014,,measured-actual-standardised,2025-11-12,https://zenodo.org/records/18016847
london-2025-034,Barnett RDC Well No. 1,United States,dedicated,2015,,measured-actual-standardised,2025-11-12,https://zenodo.org/records/18016847
london-2025-034,Barnett RDC Well No. 1,United States,dedicated,2016,,measured-actual-standardised,2025-11-12,https://zenodo.org/records/18016847
london-2025-034,Barnett RDC Well No. 1,United States,dedicated,2017,,measured-actual-standardised,2025-11-12,https://zenodo.org/records/18016847
london-2025-034,Barnett RDC Well No. 1,United States,dedicated,2018,,measured-actual-standardised,2025-11-12,https://zenodo.org/records/18016847
london-2025-034,Barnett RDC Well No. 1,United States,dedicated,2019,,measured-actual-standardised,2025-11-12,https://zenodo.org/records/18016847
london-2025-034,Barnett RDC Well No. 1,United States,dedicated,2020,,measured-actual-standardised,2025-11-12,https://zenodo.org/records/18016847
london-2025-034,Barnett RDC Well No. 1,United States,dedicated,2021,,measured-actual-standardised,2025-11-12,https://zenodo.org/records/18016847
london-2025-034,Barnett RDC Well No. 1,United States,dedicated,2022,,measured-actual-standardised,2025-11-12,https://zenodo.org/records/18016847
london-2025-034,Barnett RDC Well No. 1,United States,dedicated,2023,0.008,measured-actual-standardised,2025-11-12,https://zenodo.org/records/18016847
london-2025-034,Barnett RDC Well No. 1,United States,dedicated,2024,0.1626,measured-actual-standardised,2025-11-12,https://zenodo.org/records/18016847
london-2025-035,DGC Beulah Broom Creek,United States,eor,1996,,measured-actual-standardised,2025-11-12,https://zenodo.org/records/18016847
london-2025-035,DGC Beulah Broom Creek,United States,eor,1997,,measured-actual-standardised,2025-11-12,https://zenodo.org/records/18016847
london-2025-035,DGC Beulah Broom Creek,United States,eor,1998,,measured-actual-standardised,2025-11-12,https://zenodo.org/records/18016847
london-2025-035,DGC Beulah Broom Creek,United States,eor,1999,,measured-actual-standardised,2025-11-12,https://zenodo.org/records/18016847
london-2025-035,DGC Beulah Broom Creek,United States,eor,2000,,measured-actual-standardised,2025-11-12,https://zenodo.org/records/18016847
london-2025-035,DGC Beulah Broom Creek,United States,eor,2001,,measured-actual-standardised,2025-11-12,https://zenodo.org/records/18016847
london-2025-035,DGC Beulah Broom Creek,United States,eor,2002,,measured-actual-standardised,2025-11-12,https://zenodo.org/records/18016847
london-2025-035,DGC Beulah Broom Creek,United States,eor,2003,,measured-actual-standardised,2025-11-12,https://zenodo.org/records/18016847
london-2025-035,DGC Beulah Broom Creek,United States,eor,2004,,measured-actual-standardised,2025-11-12,https://zenodo.org/records/18016847
london-2025-035,DGC Beulah Broom Creek,United States,eor,2005,,measured-actual-standardised,2025-11-12,https://zenodo.org/records/18016847
london-2025-035,DGC Beulah Broom Creek,United States,eor,2006,,measured-actual-standardised,2025-11-12,https://zenodo.org/records/18016847
london-2025-035,DGC Beulah Broom Creek,United States,eor,2007,,measured-actual-standardised,2025-11-12,https://zenodo.org/records/18016847
london-2025-035,DGC Beulah Broom Creek,United States,eor,2008,,measured-actual-standardised,2025-11-12,https://zenodo.org/records/18016847
london-2025-035,DGC Beulah Broom Creek,United States,eor,2009,,measured-actual-standardised,2025-11-12,https://zenodo.org/records/18016847
london-2025-035,DGC Beulah Broom Creek,United States,eor,2010,,measured-actual-standardised,2025-11-12,https://zenodo.org/records/18016847
london-2025-035,DGC Beulah Broom Creek,United States,eor,2011,,measured-actual-standardised,2025-11-12,https://zenodo.org/records/18016847
london-2025-035,DGC Beulah Broom Creek,United States,eor,2012,,measured-actual-standardised,2025-11-12,https://zenodo.org/records/18016847
london-2025-035,DGC Beulah Broom Creek,United States,eor,2013,,measured-actual-standardised,2025-11-12,https://zenodo.org/records/18016847
london-2025-035,DGC Beulah Broom Creek,United States,eor,2014,,measured-actual-standardised,2025-11-12,https://zenodo.org/records/18016847
london-2025-035,DGC Beulah Broom Creek,United States,eor,2015,,measured-actual-standardised,2025-11-12,https://zenodo.org/records/18016847
london-2025-035,DGC Beulah Broom Creek,United States,eor,2016,,measured-actual-standardised,2025-11-12,https://zenodo.org/records/18016847
london-2025-035,DGC Beulah Broom Creek,United States,eor,2017,,measured-actual-standardised,2025-11-12,https://zenodo.org/records/18016847
london-2025-035,DGC Beulah Broom Creek,United States,eor,2018,,measured-actual-standardised,2025-11-12,https://zenodo.org/records/18016847
london-2025-035,DGC Beulah Broom Creek,United States,eor,2019,,measured-actual-standardised,2025-11-12,https://zenodo.org/records/18016847
london-2025-035,DGC Beulah Broom Creek,United States,eor,2020,,measured-actual-standardised,2025-11-12,https://zenodo.org/records/18016847
london-2025-035,DGC Beulah Broom Creek,United States,eor,2021,,measured-actual-standardised,2025-11-12,https://zenodo.org/records/18016847
london-2025-035,DGC Beulah Broom Creek,United States,eor,2022,,measured-actual-standardised,2025-11-12,https://zenodo.org/records/18016847
london-2025-035,DGC Beulah Broom Creek,United States,eor,2023,,measured-actual-standardised,2025-11-12,https://zenodo.org/records/18016847
london-2025-035,DGC Beulah Broom Creek,United States,eor,2024,1.39058213,measured-actual-standardised,2025-11-12,https://zenodo.org/records/18016847
london-2025-036,Blue Flint CO2 Storage Project,United States,dedicated,1996,,measured-actual-standardised,2025-11-12,https://zenodo.org/records/18016847
london-2025-036,Blue Flint CO2 Storage Project,United States,dedicated,1997,,measured-actual-standardised,2025-11-12,https://zenodo.org/records/18016847
london-2025-036,Blue Flint CO2 Storage Project,United States,dedicated,1998,,measured-actual-standardised,2025-11-12,https://zenodo.org/records/18016847
london-2025-036,Blue Flint CO2 Storage Project,United States,dedicated,1999,,measured-actual-standardised,2025-11-12,https://zenodo.org/records/18016847
london-2025-036,Blue Flint CO2 Storage Project,United States,dedicated,2000,,measured-actual-standardised,2025-11-12,https://zenodo.org/records/18016847
london-2025-036,Blue Flint CO2 Storage Project,United States,dedicated,2001,,measured-actual-standardised,2025-11-12,https://zenodo.org/records/18016847
london-2025-036,Blue Flint CO2 Storage Project,United States,dedicated,2002,,measured-actual-standardised,2025-11-12,https://zenodo.org/records/18016847
london-2025-036,Blue Flint CO2 Storage Project,United States,dedicated,2003,,measured-actual-standardised,2025-11-12,https://zenodo.org/records/18016847
london-2025-036,Blue Flint CO2 Storage Project,United States,dedicated,2004,,measured-actual-standardised,2025-11-12,https://zenodo.org/records/18016847
london-2025-036,Blue Flint CO2 Storage Project,United States,dedicated,2005,,measured-actual-standardised,2025-11-12,https://zenodo.org/records/18016847
london-2025-036,Blue Flint CO2 Storage Project,United States,dedicated,2006,,measured-actual-standardised,2025-11-12,https://zenodo.org/records/18016847
london-2025-036,Blue Flint CO2 Storage Project,United States,dedicated,2007,,measured-actual-standardised,2025-11-12,https://zenodo.org/records/18016847
london-2025-036,Blue Flint CO2 Storage Project,United States,dedicated,2008,,measured-actual-standardised,2025-11-12,https://zenodo.org/records/18016847
london-2025-036,Blue Flint CO2 Storage Project,United States,dedicated,2009,,measured-actual-standardised,2025-11-12,https://zenodo.org/records/18016847
london-2025-036,Blue Flint CO2 Storage Project,United States,dedicated,2010,,measured-actual-standardised,2025-11-12,https://zenodo.org/records/18016847
london-2025-036,Blue Flint CO2 Storage Project,United States,dedicated,2011,,measured-actual-standardised,2025-11-12,https://zenodo.org/records/18016847
london-2025-036,Blue Flint CO2 Storage Project,United States,dedicated,2012,,measured-actual-standardised,2025-11-12,https://zenodo.org/records/18016847
london-2025-036,Blue Flint CO2 Storage Project,United States,dedicated,2013,,measured-actual-standardised,2025-11-12,https://zenodo.org/records/18016847
london-2025-036,Blue Flint CO2 Storage Project,United States,dedicated,2014,,measured-actual-standardised,2025-11-12,https://zenodo.org/records/18016847
london-2025-036,Blue Flint CO2 Storage Project,United States,dedicated,2015,,measured-actual-standardised,2025-11-12,https://zenodo.org/records/18016847
london-2025-036,Blue Flint CO2 Storage Project,United States,dedicated,2016,,measured-actual-standardised,2025-11-12,https://zenodo.org/records/18016847
london-2025-036,Blue Flint CO2 Storage Project,United States,dedicated,2017,,measured-actual-standardised,2025-11-12,https://zenodo.org/records/18016847
london-2025-036,Blue Flint CO2 Storage Project,United States,dedicated,2018,,measured-actual-standardised,2025-11-12,https://zenodo.org/records/18016847
london-2025-036,Blue Flint CO2 Storage Project,United States,dedicated,2019,,measured-actual-standardised,2025-11-12,https://zenodo.org/records/18016847
london-2025-036,Blue Flint CO2 Storage Project,United States,dedicated,2020,,measured-actual-standardised,2025-11-12,https://zenodo.org/records/18016847
london-2025-036,Blue Flint CO2 Storage Project,United States,dedicated,2021,,measured-actual-standardised,2025-11-12,https://zenodo.org/records/18016847
london-2025-036,Blue Flint CO2 Storage Project,United States,dedicated,2022,,measured-actual-standardised,2025-11-12,https://zenodo.org/records/18016847
london-2025-036,Blue Flint CO2 Storage Project,United States,dedicated,2023,0.03,measured-actual-standardised,2025-11-12,https://zenodo.org/records/18016847
london-2025-036,Blue Flint CO2 Storage Project,United States,dedicated,2024,0.2035,measured-actual-standardised,2025-11-12,https://zenodo.org/records/18016847
london-2025-037,Campo Viejo Gas Processing Plant,United States,eor,1996,,measured-actual-standardised,2025-11-12,https://zenodo.org/records/18016847
london-2025-037,Campo Viejo Gas Processing Plant,United States,eor,1997,,measured-actual-standardised,2025-11-12,https://zenodo.org/records/18016847
london-2025-037,Campo Viejo Gas Processing Plant,United States,eor,1998,,measured-actual-standardised,2025-11-12,https://zenodo.org/records/18016847
london-2025-037,Campo Viejo Gas Processing Plant,United States,eor,1999,,measured-actual-standardised,2025-11-12,https://zenodo.org/records/18016847
london-2025-037,Campo Viejo Gas Processing Plant,United States,eor,2000,,measured-actual-standardised,2025-11-12,https://zenodo.org/records/18016847
london-2025-037,Campo Viejo Gas Processing Plant,United States,eor,2001,,measured-actual-standardised,2025-11-12,https://zenodo.org/records/18016847
london-2025-037,Campo Viejo Gas Processing Plant,United States,eor,2002,,measured-actual-standardised,2025-11-12,https://zenodo.org/records/18016847
london-2025-037,Campo Viejo Gas Processing Plant,United States,eor,2003,,measured-actual-standardised,2025-11-12,https://zenodo.org/records/18016847
london-2025-037,Campo Viejo Gas Processing Plant,United States,eor,2004,,measured-actual-standardised,2025-11-12,https://zenodo.org/records/18016847
london-2025-037,Campo Viejo Gas Processing Plant,United States,eor,2005,,measured-actual-standardised,2025-11-12,https://zenodo.org/records/18016847
london-2025-037,Campo Viejo Gas Processing Plant,United States,eor,2006,,measured-actual-standardised,2025-11-12,https://zenodo.org/records/18016847
london-2025-037,Campo Viejo Gas Processing Plant,United States,eor,2007,,measured-actual-standardised,2025-11-12,https://zenodo.org/records/18016847
london-2025-037,Campo Viejo Gas Processing Plant,United States,eor,2008,,measured-actual-standardised,2025-11-12,https://zenodo.org/records/18016847
london-2025-037,Campo Viejo Gas Processing Plant,United States,eor,2009,,measured-actual-standardised,2025-11-12,https://zenodo.org/records/18016847
london-2025-037,Campo Viejo Gas Processing Plant,United States,eor,2010,,measured-actual-standardised,2025-11-12,https://zenodo.org/records/18016847
london-2025-037,Campo Viejo Gas Processing Plant,United States,eor,2011,,measured-actual-standardised,2025-11-12,https://zenodo.org/records/18016847
london-2025-037,Campo Viejo Gas Processing Plant,United States,eor,2012,,measured-actual-standardised,2025-11-12,https://zenodo.org/records/18016847
london-2025-037,Campo Viejo Gas Processing Plant,United States,eor,2013,,measured-actual-standardised,2025-11-12,https://zenodo.org/records/18016847
london-2025-037,Campo Viejo Gas Processing Plant,United States,eor,2014,,measured-actual-standardised,2025-11-12,https://zenodo.org/records/18016847
london-2025-037,Campo Viejo Gas Processing Plant,United States,eor,2015,,measured-actual-standardised,2025-11-12,https://zenodo.org/records/18016847
london-2025-037,Campo Viejo Gas Processing Plant,United States,eor,2016,,measured-actual-standardised,2025-11-12,https://zenodo.org/records/18016847
london-2025-037,Campo Viejo Gas Processing Plant,United States,eor,2017,,measured-actual-standardised,2025-11-12,https://zenodo.org/records/18016847
london-2025-037,Campo Viejo Gas Processing Plant,United States,eor,2018,,measured-actual-standardised,2025-11-12,https://zenodo.org/records/18016847
london-2025-037,Campo Viejo Gas Processing Plant,United States,eor,2019,,measured-actual-standardised,2025-11-12,https://zenodo.org/records/18016847
london-2025-037,Campo Viejo Gas Processing Plant,United States,eor,2020,,measured-actual-standardised,2025-11-12,https://zenodo.org/records/18016847
london-2025-037,Campo Viejo Gas Processing Plant,United States,eor,2021,,measured-actual-standardised,2025-11-12,https://zenodo.org/records/18016847
london-2025-037,Campo Viejo Gas Processing Plant,United States,eor,2022,0.076658,measured-actual-standardised,2025-11-12,https://zenodo.org/records/18016847
london-2025-037,Campo Viejo Gas Processing Plant,United States,eor,2023,0.0095305,measured-actual-standardised,2025-11-12,https://zenodo.org/records/18016847
london-2025-037,Campo Viejo Gas Processing Plant,United States,eor,2024,,measured-actual-standardised,2025-11-12,https://zenodo.org/records/18016847
london-2025-038,Camrick Unit,United States,eor,1996,,measured-actual-standardised,2025-11-12,https://zenodo.org/records/18016847
london-2025-038,Camrick Unit,United States,eor,1997,,measured-actual-standardised,2025-11-12,https://zenodo.org/records/18016847
london-2025-038,Camrick Unit,United States,eor,1998,,measured-actual-standardised,2025-11-12,https://zenodo.org/records/18016847
london-2025-038,Camrick Unit,United States,eor,1999,,measured-actual-standardised,2025-11-12,https://zenodo.org/records/18016847
london-2025-038,Camrick Unit,United States,eor,2000,,measured-actual-standardised,2025-11-12,https://zenodo.org/records/18016847
london-2025-038,Camrick Unit,United States,eor,2001,,measured-actual-standardised,2025-11-12,https://zenodo.org/records/18016847
london-2025-038,Camrick Unit,United States,eor,2002,,measured-actual-standardised,2025-11-12,https://zenodo.org/records/18016847
london-2025-038,Camrick Unit,United States,eor,2003,,measured-actual-standardised,2025-11-12,https://zenodo.org/records/18016847
london-2025-038,Camrick Unit,United States,eor,2004,,measured-actual-standardised,2025-11-12,https://zenodo.org/records/18016847
london-2025-038,Camrick Unit,United States,eor,2005,,measured-actual-standardised,2025-11-12,https://zenodo.org/records/18016847
london-2025-038,Camrick Unit,United States,eor,2006,,measured-actual-standardised,2025-11-12,https://zenodo.org/records/18016847
london-2025-038,Camrick Unit,United States,eor,2007,,measured-actual-standardised,2025-11-12,https://zenodo.org/records/18016847
london-2025-038,Camrick Unit,United States,eor,2008,,measured-actual-standardised,2025-11-12,https://zenodo.org/records/18016847
london-2025-038,Camrick Unit,United States,eor,2009,,measured-actual-standardised,2025-11-12,https://zenodo.org/records/18016847
london-2025-038,Camrick Unit,United States,eor,2010,,measured-actual-standardised,2025-11-12,https://zenodo.org/records/18016847
london-2025-038,Camrick Unit,United States,eor,2011,,measured-actual-standardised,2025-11-12,https://zenodo.org/records/18016847
london-2025-038,Camrick Unit,United States,eor,2012,,measured-actual-standardised,2025-11-12,https://zenodo.org/records/18016847
london-2025-038,Camrick Unit,United States,eor,2013,,measured-actual-standardised,2025-11-12,https://zenodo.org/records/18016847
london-2025-038,Camrick Unit,United States,eor,2014,,measured-actual-standardised,2025-11-12,https://zenodo.org/records/18016847
london-2025-038,Camrick Unit,United States,eor,2015,,measured-actual-standardised,2025-11-12,https://zenodo.org/records/18016847
london-2025-038,Camrick Unit,United States,eor,2016,,measured-actual-standardised,2025-11-12,https://zenodo.org/records/18016847
london-2025-038,Camrick Unit,United States,eor,2017,,measured-actual-standardised,2025-11-12,https://zenodo.org/records/18016847
london-2025-038,Camrick Unit,United States,eor,2018,,measured-actual-standardised,2025-11-12,https://zenodo.org/records/18016847
london-2025-038,Camrick Unit,United States,eor,2019,,measured-actual-standardised,2025-11-12,https://zenodo.org/records/18016847
london-2025-038,Camrick Unit,United States,eor,2020,,measured-actual-standardised,2025-11-12,https://zenodo.org/records/18016847
london-2025-038,Camrick Unit,United States,eor,2021,,measured-actual-standardised,2025-11-12,https://zenodo.org/records/18016847
london-2025-038,Camrick Unit,United States,eor,2022,,measured-actual-standardised,2025-11-12,https://zenodo.org/records/18016847
london-2025-038,Camrick Unit,United States,eor,2023,0.033759,measured-actual-standardised,2025-11-12,https://zenodo.org/records/18016847
london-2025-038,Camrick Unit,United States,eor,2024,,measured-actual-standardised,2025-11-12,https://zenodo.org/records/18016847
london-2025-039,Hobbs Field,United States,eor,1996,,measured-actual-standardised,2025-11-12,https://zenodo.org/records/18016847
london-2025-039,Hobbs Field,United States,eor,1997,,measured-actual-standardised,2025-11-12,https://zenodo.org/records/18016847
london-2025-039,Hobbs Field,United States,eor,1998,,measured-actual-standardised,2025-11-12,https://zenodo.org/records/18016847
london-2025-039,Hobbs Field,United States,eor,1999,,measured-actual-standardised,2025-11-12,https://zenodo.org/records/18016847
london-2025-039,Hobbs Field,United States,eor,2000,,measured-actual-standardised,2025-11-12,https://zenodo.org/records/18016847
london-2025-039,Hobbs Field,United States,eor,2001,,measured-actual-standardised,2025-11-12,https://zenodo.org/records/18016847
london-2025-039,Hobbs Field,United States,eor,2002,,measured-actual-standardised,2025-11-12,https://zenodo.org/records/18016847
london-2025-039,Hobbs Field,United States,eor,2003,,measured-actual-standardised,2025-11-12,https://zenodo.org/records/18016847
london-2025-039,Hobbs Field,United States,eor,2004,,measured-actual-standardised,2025-11-12,https://zenodo.org/records/18016847
london-2025-039,Hobbs Field,United States,eor,2005,,measured-actual-standardised,2025-11-12,https://zenodo.org/records/18016847
london-2025-039,Hobbs Field,United States,eor,2006,,measured-actual-standardised,2025-11-12,https://zenodo.org/records/18016847
london-2025-039,Hobbs Field,United States,eor,2007,,measured-actual-standardised,2025-11-12,https://zenodo.org/records/18016847
london-2025-039,Hobbs Field,United States,eor,2008,,measured-actual-standardised,2025-11-12,https://zenodo.org/records/18016847
london-2025-039,Hobbs Field,United States,eor,2009,,measured-actual-standardised,2025-11-12,https://zenodo.org/records/18016847
london-2025-039,Hobbs Field,United States,eor,2010,,measured-actual-standardised,2025-11-12,https://zenodo.org/records/18016847
london-2025-039,Hobbs Field,United States,eor,2011,,measured-actual-standardised,2025-11-12,https://zenodo.org/records/18016847
london-2025-039,Hobbs Field,United States,eor,2012,,measured-actual-standardised,2025-11-12,https://zenodo.org/records/18016847
london-2025-039,Hobbs Field,United States,eor,2013,,measured-actual-standardised,2025-11-12,https://zenodo.org/records/18016847
london-2025-039,Hobbs Field,United States,eor,2014,,measured-actual-standardised,2025-11-12,https://zenodo.org/records/18016847
london-2025-039,Hobbs Field,United States,eor,2015,,measured-actual-standardised,2025-11-12,https://zenodo.org/records/18016847
london-2025-039,Hobbs Field,United States,eor,2016,,measured-actual-standardised,2025-11-12,https://zenodo.org/records/18016847
london-2025-039,Hobbs Field,United States,eor,2017,2.071626,measured-actual-standardised,2025-11-12,https://zenodo.org/records/18016847
london-2025-039,Hobbs Field,United States,eor,2018,2.910161,measured-actual-standardised,2025-11-12,https://zenodo.org/records/18016847
london-2025-039,Hobbs Field,United States,eor,2019,3.661626,measured-actual-standardised,2025-11-12,https://zenodo.org/records/18016847
london-2025-039,Hobbs Field,United States,eor,2020,2.138919,measured-actual-standardised,2025-11-12,https://zenodo.org/records/18016847
london-2025-039,Hobbs Field,United States,eor,2021,1.706149,measured-actual-standardised,2025-11-12,https://zenodo.org/records/18016847
london-2025-039,Hobbs Field,United States,eor,2022,2.189392,measured-actual-standardised,2025-11-12,https://zenodo.org/records/18016847
london-2025-039,Hobbs Field,United States,eor,2023,5.198001,measured-actual-standardised,2025-11-12,https://zenodo.org/records/18016847
london-2025-039,Hobbs Field,United States,eor,2024,,measured-actual-standardised,2025-11-12,https://zenodo.org/records/18016847
london-2025-040,Petra Nova West Ranch,United States,eor,1996,,measured-actual-standardised,2025-11-12,https://zenodo.org/records/18016847
london-2025-040,Petra Nova West Ranch,United States,eor,1997,,measured-actual-standardised,2025-11-12,https://zenodo.org/records/18016847
london-2025-040,Petra Nova West Ranch,United States,eor,1998,,measured-actual-standardised,2025-11-12,https://zenodo.org/records/18016847
london-2025-040,Petra Nova West Ranch,United States,eor,1999,,measured-actual-standardised,2025-11-12,https://zenodo.org/records/18016847
london-2025-040,Petra Nova West Ranch,United States,eor,2000,,measured-actual-standardised,2025-11-12,https://zenodo.org/records/18016847
london-2025-040,Petra Nova West Ranch,United States,eor,2001,,measured-actual-standardised,2025-11-12,https://zenodo.org/records/18016847
london-2025-040,Petra Nova West Ranch,United States,eor,2002,,measured-actual-standardised,2025-11-12,https://zenodo.org/records/18016847
london-2025-040,Petra Nova West Ranch,United States,eor,2003,,measured-actual-standardised,2025-11-12,https://zenodo.org/records/18016847
london-2025-040,Petra Nova West Ranch,United States,eor,2004,,measured-actual-standardised,2025-11-12,https://zenodo.org/records/18016847
london-2025-040,Petra Nova West Ranch,United States,eor,2005,,measured-actual-standardised,2025-11-12,https://zenodo.org/records/18016847
london-2025-040,Petra Nova West Ranch,United States,eor,2006,,measured-actual-standardised,2025-11-12,https://zenodo.org/records/18016847
london-2025-040,Petra Nova West Ranch,United States,eor,2007,,measured-actual-standardised,2025-11-12,https://zenodo.org/records/18016847
london-2025-040,Petra Nova West Ranch,United States,eor,2008,,measured-actual-standardised,2025-11-12,https://zenodo.org/records/18016847
london-2025-040,Petra Nova West Ranch,United States,eor,2009,,measured-actual-standardised,2025-11-12,https://zenodo.org/records/18016847
london-2025-040,Petra Nova West Ranch,United States,eor,2010,,measured-actual-standardised,2025-11-12,https://zenodo.org/records/18016847
london-2025-040,Petra Nova West Ranch,United States,eor,2011,,measured-actual-standardised,2025-11-12,https://zenodo.org/records/18016847
london-2025-040,Petra Nova West Ranch,United States,eor,2012,,measured-actual-standardised,2025-11-12,https://zenodo.org/records/18016847
london-2025-040,Petra Nova West Ranch,United States,eor,2013,,measured-actual-standardised,2025-11-12,https://zenodo.org/records/18016847
london-2025-040,Petra Nova West Ranch,United States,eor,2014,,measured-actual-standardised,2025-11-12,https://zenodo.org/records/18016847
london-2025-040,Petra Nova West Ranch,United States,eor,2015,,measured-actual-standardised,2025-11-12,https://zenodo.org/records/18016847
london-2025-040,Petra Nova West Ranch,United States,eor,2016,,measured-actual-standardised,2025-11-12,https://zenodo.org/records/18016847
london-2025-040,Petra Nova West Ranch,United States,eor,2017,,measured-actual-standardised,2025-11-12,https://zenodo.org/records/18016847
london-2025-040,Petra Nova West Ranch,United States,eor,2018,,measured-actual-standardised,2025-11-12,https://zenodo.org/records/18016847
london-2025-040,Petra Nova West Ranch,United States,eor,2019,,measured-actual-standardised,2025-11-12,https://zenodo.org/records/18016847
london-2025-040,Petra Nova West Ranch,United States,eor,2020,,measured-actual-standardised,2025-11-12,https://zenodo.org/records/18016847
london-2025-040,Petra Nova West Ranch,United States,eor,2021,0.0,measured-actual-standardised,2025-11-12,https://zenodo.org/records/18016847
london-2025-040,Petra Nova West Ranch,United States,eor,2022,0.0,measured-actual-standardised,2025-11-12,https://zenodo.org/records/18016847
london-2025-040,Petra Nova West Ranch,United States,eor,2023,0.36,measured-actual-standardised,2025-11-12,https://zenodo.org/records/18016847
london-2025-040,Petra Nova West Ranch,United States,eor,2024,,measured-actual-standardised,2025-11-12,https://zenodo.org/records/18016847
london-2025-041,"Red Trail Energy, LLC",United States,dedicated,1996,,measured-actual-standardised,2025-11-12,https://zenodo.org/records/18016847
london-2025-041,"Red Trail Energy, LLC",United States,dedicated,1997,,measured-actual-standardised,2025-11-12,https://zenodo.org/records/18016847
london-2025-041,"Red Trail Energy, LLC",United States,dedicated,1998,,measured-actual-standardised,2025-11-12,https://zenodo.org/records/18016847
london-2025-041,"Red Trail Energy, LLC",United States,dedicated,1999,,measured-actual-standardised,2025-11-12,https://zenodo.org/records/18016847
london-2025-041,"Red Trail Energy, LLC",United States,dedicated,2000,,measured-actual-standardised,2025-11-12,https://zenodo.org/records/18016847
london-2025-041,"Red Trail Energy, LLC",United States,dedicated,2001,,measured-actual-standardised,2025-11-12,https://zenodo.org/records/18016847
london-2025-041,"Red Trail Energy, LLC",United States,dedicated,2002,,measured-actual-standardised,2025-11-12,https://zenodo.org/records/18016847
london-2025-041,"Red Trail Energy, LLC",United States,dedicated,2003,,measured-actual-standardised,2025-11-12,https://zenodo.org/records/18016847
london-2025-041,"Red Trail Energy, LLC",United States,dedicated,2004,,measured-actual-standardised,2025-11-12,https://zenodo.org/records/18016847
london-2025-041,"Red Trail Energy, LLC",United States,dedicated,2005,,measured-actual-standardised,2025-11-12,https://zenodo.org/records/18016847
london-2025-041,"Red Trail Energy, LLC",United States,dedicated,2006,,measured-actual-standardised,2025-11-12,https://zenodo.org/records/18016847
london-2025-041,"Red Trail Energy, LLC",United States,dedicated,2007,,measured-actual-standardised,2025-11-12,https://zenodo.org/records/18016847
london-2025-041,"Red Trail Energy, LLC",United States,dedicated,2008,,measured-actual-standardised,2025-11-12,https://zenodo.org/records/18016847
london-2025-041,"Red Trail Energy, LLC",United States,dedicated,2009,,measured-actual-standardised,2025-11-12,https://zenodo.org/records/18016847
london-2025-041,"Red Trail Energy, LLC",United States,dedicated,2010,,measured-actual-standardised,2025-11-12,https://zenodo.org/records/18016847
london-2025-041,"Red Trail Energy, LLC",United States,dedicated,2011,,measured-actual-standardised,2025-11-12,https://zenodo.org/records/18016847
london-2025-041,"Red Trail Energy, LLC",United States,dedicated,2012,,measured-actual-standardised,2025-11-12,https://zenodo.org/records/18016847
london-2025-041,"Red Trail Energy, LLC",United States,dedicated,2013,,measured-actual-standardised,2025-11-12,https://zenodo.org/records/18016847
london-2025-041,"Red Trail Energy, LLC",United States,dedicated,2014,,measured-actual-standardised,2025-11-12,https://zenodo.org/records/18016847
london-2025-041,"Red Trail Energy, LLC",United States,dedicated,2015,,measured-actual-standardised,2025-11-12,https://zenodo.org/records/18016847
london-2025-041,"Red Trail Energy, LLC",United States,dedicated,2016,,measured-actual-standardised,2025-11-12,https://zenodo.org/records/18016847
london-2025-041,"Red Trail Energy, LLC",United States,dedicated,2017,,measured-actual-standardised,2025-11-12,https://zenodo.org/records/18016847
london-2025-041,"Red Trail Energy, LLC",United States,dedicated,2018,,measured-actual-standardised,2025-11-12,https://zenodo.org/records/18016847
london-2025-041,"Red Trail Energy, LLC",United States,dedicated,2019,,measured-actual-standardised,2025-11-12,https://zenodo.org/records/18016847
london-2025-041,"Red Trail Energy, LLC",United States,dedicated,2020,,measured-actual-standardised,2025-11-12,https://zenodo.org/records/18016847
london-2025-041,"Red Trail Energy, LLC",United States,dedicated,2021,,measured-actual-standardised,2025-11-12,https://zenodo.org/records/18016847
london-2025-041,"Red Trail Energy, LLC",United States,dedicated,2022,0.081963,measured-actual-standardised,2025-11-12,https://zenodo.org/records/18016847
london-2025-041,"Red Trail Energy, LLC",United States,dedicated,2023,0.165834,measured-actual-standardised,2025-11-12,https://zenodo.org/records/18016847
london-2025-041,"Red Trail Energy, LLC",United States,dedicated,2024,0.173452,measured-actual-standardised,2025-11-12,https://zenodo.org/records/18016847
london-2025-042,Red Hills Gas Processing Plant,United States,dedicated,1996,,measured-actual-standardised,2025-11-12,https://zenodo.org/records/18016847
london-2025-042,Red Hills Gas Processing Plant,United States,dedicated,1997,,measured-actual-standardised,2025-11-12,https://zenodo.org/records/18016847
london-2025-042,Red Hills Gas Processing Plant,United States,dedicated,1998,,measured-actual-standardised,2025-11-12,https://zenodo.org/records/18016847
london-2025-042,Red Hills Gas Processing Plant,United States,dedicated,1999,,measured-actual-standardised,2025-11-12,https://zenodo.org/records/18016847
london-2025-042,Red Hills Gas Processing Plant,United States,dedicated,2000,,measured-actual-standardised,2025-11-12,https://zenodo.org/records/18016847
london-2025-042,Red Hills Gas Processing Plant,United States,dedicated,2001,,measured-actual-standardised,2025-11-12,https://zenodo.org/records/18016847
london-2025-042,Red Hills Gas Processing Plant,United States,dedicated,2002,,measured-actual-standardised,2025-11-12,https://zenodo.org/records/18016847
london-2025-042,Red Hills Gas Processing Plant,United States,dedicated,2003,,measured-actual-standardised,2025-11-12,https://zenodo.org/records/18016847
london-2025-042,Red Hills Gas Processing Plant,United States,dedicated,2004,,measured-actual-standardised,2025-11-12,https://zenodo.org/records/18016847
london-2025-042,Red Hills Gas Processing Plant,United States,dedicated,2005,,measured-actual-standardised,2025-11-12,https://zenodo.org/records/18016847
london-2025-042,Red Hills Gas Processing Plant,United States,dedicated,2006,,measured-actual-standardised,2025-11-12,https://zenodo.org/records/18016847
london-2025-042,Red Hills Gas Processing Plant,United States,dedicated,2007,,measured-actual-standardised,2025-11-12,https://zenodo.org/records/18016847
london-2025-042,Red Hills Gas Processing Plant,United States,dedicated,2008,,measured-actual-standardised,2025-11-12,https://zenodo.org/records/18016847
london-2025-042,Red Hills Gas Processing Plant,United States,dedicated,2009,,measured-actual-standardised,2025-11-12,https://zenodo.org/records/18016847
london-2025-042,Red Hills Gas Processing Plant,United States,dedicated,2010,,measured-actual-standardised,2025-11-12,https://zenodo.org/records/18016847
london-2025-042,Red Hills Gas Processing Plant,United States,dedicated,2011,,measured-actual-standardised,2025-11-12,https://zenodo.org/records/18016847
london-2025-042,Red Hills Gas Processing Plant,United States,dedicated,2012,,measured-actual-standardised,2025-11-12,https://zenodo.org/records/18016847
london-2025-042,Red Hills Gas Processing Plant,United States,dedicated,2013,,measured-actual-standardised,2025-11-12,https://zenodo.org/records/18016847
london-2025-042,Red Hills Gas Processing Plant,United States,dedicated,2014,,measured-actual-standardised,2025-11-12,https://zenodo.org/records/18016847
london-2025-042,Red Hills Gas Processing Plant,United States,dedicated,2015,,measured-actual-standardised,2025-11-12,https://zenodo.org/records/18016847
london-2025-042,Red Hills Gas Processing Plant,United States,dedicated,2016,,measured-actual-standardised,2025-11-12,https://zenodo.org/records/18016847
london-2025-042,Red Hills Gas Processing Plant,United States,dedicated,2017,,measured-actual-standardised,2025-11-12,https://zenodo.org/records/18016847
london-2025-042,Red Hills Gas Processing Plant,United States,dedicated,2018,,measured-actual-standardised,2025-11-12,https://zenodo.org/records/18016847
london-2025-042,Red Hills Gas Processing Plant,United States,dedicated,2019,,measured-actual-standardised,2025-11-12,https://zenodo.org/records/18016847
london-2025-042,Red Hills Gas Processing Plant,United States,dedicated,2020,,measured-actual-standardised,2025-11-12,https://zenodo.org/records/18016847
london-2025-042,Red Hills Gas Processing Plant,United States,dedicated,2021,0.0,measured-actual-standardised,2025-11-12,https://zenodo.org/records/18016847
london-2025-042,Red Hills Gas Processing Plant,United States,dedicated,2022,0.023775,measured-actual-standardised,2025-11-12,https://zenodo.org/records/18016847
london-2025-042,Red Hills Gas Processing Plant,United States,dedicated,2023,0.02236,measured-actual-standardised,2025-11-12,https://zenodo.org/records/18016847
london-2025-042,Red Hills Gas Processing Plant,United States,dedicated,2024,,measured-actual-standardised,2025-11-12,https://zenodo.org/records/18016847
london-2025-043,Seminole East Field (SEF),United States,eor,1996,,measured-actual-standardised,2025-11-12,https://zenodo.org/records/18016847
london-2025-043,Seminole East Field (SEF),United States,eor,1997,,measured-actual-standardised,2025-11-12,https://zenodo.org/records/18016847
london-2025-043,Seminole East Field (SEF),United States,eor,1998,,measured-actual-standardised,2025-11-12,https://zenodo.org/records/18016847
london-2025-043,Seminole East Field (SEF),United States,eor,1999,,measured-actual-standardised,2025-11-12,https://zenodo.org/records/18016847
london-2025-043,Seminole East Field (SEF),United States,eor,2000,,measured-actual-standardised,2025-11-12,https://zenodo.org/records/18016847
london-2025-043,Seminole East Field (SEF),United States,eor,2001,,measured-actual-standardised,2025-11-12,https://zenodo.org/records/18016847
london-2025-043,Seminole East Field (SEF),United States,eor,2002,,measured-actual-standardised,2025-11-12,https://zenodo.org/records/18016847
london-2025-043,Seminole East Field (SEF),United States,eor,2003,,measured-actual-standardised,2025-11-12,https://zenodo.org/records/18016847
london-2025-043,Seminole East Field (SEF),United States,eor,2004,,measured-actual-standardised,2025-11-12,https://zenodo.org/records/18016847
london-2025-043,Seminole East Field (SEF),United States,eor,2005,,measured-actual-standardised,2025-11-12,https://zenodo.org/records/18016847
london-2025-043,Seminole East Field (SEF),United States,eor,2006,,measured-actual-standardised,2025-11-12,https://zenodo.org/records/18016847
london-2025-043,Seminole East Field (SEF),United States,eor,2007,,measured-actual-standardised,2025-11-12,https://zenodo.org/records/18016847
london-2025-043,Seminole East Field (SEF),United States,eor,2008,,measured-actual-standardised,2025-11-12,https://zenodo.org/records/18016847
london-2025-043,Seminole East Field (SEF),United States,eor,2009,,measured-actual-standardised,2025-11-12,https://zenodo.org/records/18016847
london-2025-043,Seminole East Field (SEF),United States,eor,2010,,measured-actual-standardised,2025-11-12,https://zenodo.org/records/18016847
london-2025-043,Seminole East Field (SEF),United States,eor,2011,,measured-actual-standardised,2025-11-12,https://zenodo.org/records/18016847
london-2025-043,Seminole East Field (SEF),United States,eor,2012,,measured-actual-standardised,2025-11-12,https://zenodo.org/records/18016847
london-2025-043,Seminole East Field (SEF),United States,eor,2013,,measured-actual-standardised,2025-11-12,https://zenodo.org/records/18016847
london-2025-043,Seminole East Field (SEF),United States,eor,2014,,measured-actual-standardised,2025-11-12,https://zenodo.org/records/18016847
london-2025-043,Seminole East Field (SEF),United States,eor,2015,,measured-actual-standardised,2025-11-12,https://zenodo.org/records/18016847
london-2025-043,Seminole East Field (SEF),United States,eor,2016,,measured-actual-standardised,2025-11-12,https://zenodo.org/records/18016847
london-2025-043,Seminole East Field (SEF),United States,eor,2017,,measured-actual-standardised,2025-11-12,https://zenodo.org/records/18016847
london-2025-043,Seminole East Field (SEF),United States,eor,2018,,measured-actual-standardised,2025-11-12,https://zenodo.org/records/18016847
london-2025-043,Seminole East Field (SEF),United States,eor,2019,,measured-actual-standardised,2025-11-12,https://zenodo.org/records/18016847
london-2025-043,Seminole East Field (SEF),United States,eor,2020,,measured-actual-standardised,2025-11-12,https://zenodo.org/records/18016847
london-2025-043,Seminole East Field (SEF),United States,eor,2021,,measured-actual-standardised,2025-11-12,https://zenodo.org/records/18016847
london-2025-043,Seminole East Field (SEF),United States,eor,2022,,measured-actual-standardised,2025-11-12,https://zenodo.org/records/18016847
london-2025-043,Seminole East Field (SEF),United States,eor,2023,0.032576,measured-actual-standardised,2025-11-12,https://zenodo.org/records/18016847
london-2025-043,Seminole East Field (SEF),United States,eor,2024,,measured-actual-standardised,2025-11-12,https://zenodo.org/records/18016847
london-2025-044,Seminole San Andres Unit,United States,eor,1996,,measured-actual-standardised,2025-11-12,https://zenodo.org/records/18016847
london-2025-044,Seminole San Andres Unit,United States,eor,1997,,measured-actual-standardised,2025-11-12,https://zenodo.org/records/18016847
london-2025-044,Seminole San Andres Unit,United States,eor,1998,,measured-actual-standardised,2025-11-12,https://zenodo.org/records/18016847
london-2025-044,Seminole San Andres Unit,United States,eor,1999,,measured-actual-standardised,2025-11-12,https://zenodo.org/records/18016847
london-2025-044,Seminole San Andres Unit,United States,eor,2000,,measured-actual-standardised,2025-11-12,https://zenodo.org/records/18016847
london-2025-044,Seminole San Andres Unit,United States,eor,2001,,measured-actual-standardised,2025-11-12,https://zenodo.org/records/18016847
london-2025-044,Seminole San Andres Unit,United States,eor,2002,,measured-actual-standardised,2025-11-12,https://zenodo.org/records/18016847
london-2025-044,Seminole San Andres Unit,United States,eor,2003,,measured-actual-standardised,2025-11-12,https://zenodo.org/records/18016847
london-2025-044,Seminole San Andres Unit,United States,eor,2004,,measured-actual-standardised,2025-11-12,https://zenodo.org/records/18016847
london-2025-044,Seminole San Andres Unit,United States,eor,2005,,measured-actual-standardised,2025-11-12,https://zenodo.org/records/18016847
london-2025-044,Seminole San Andres Unit,United States,eor,2006,,measured-actual-standardised,2025-11-12,https://zenodo.org/records/18016847
london-2025-044,Seminole San Andres Unit,United States,eor,2007,,measured-actual-standardised,2025-11-12,https://zenodo.org/records/18016847
london-2025-044,Seminole San Andres Unit,United States,eor,2008,,measured-actual-standardised,2025-11-12,https://zenodo.org/records/18016847
london-2025-044,Seminole San Andres Unit,United States,eor,2009,,measured-actual-standardised,2025-11-12,https://zenodo.org/records/18016847
london-2025-044,Seminole San Andres Unit,United States,eor,2010,,measured-actual-standardised,2025-11-12,https://zenodo.org/records/18016847
london-2025-044,Seminole San Andres Unit,United States,eor,2011,,measured-actual-standardised,2025-11-12,https://zenodo.org/records/18016847
london-2025-044,Seminole San Andres Unit,United States,eor,2012,,measured-actual-standardised,2025-11-12,https://zenodo.org/records/18016847
london-2025-044,Seminole San Andres Unit,United States,eor,2013,,measured-actual-standardised,2025-11-12,https://zenodo.org/records/18016847
london-2025-044,Seminole San Andres Unit,United States,eor,2014,,measured-actual-standardised,2025-11-12,https://zenodo.org/records/18016847
london-2025-044,Seminole San Andres Unit,United States,eor,2015,,measured-actual-standardised,2025-11-12,https://zenodo.org/records/18016847
london-2025-044,Seminole San Andres Unit,United States,eor,2016,,measured-actual-standardised,2025-11-12,https://zenodo.org/records/18016847
london-2025-044,Seminole San Andres Unit,United States,eor,2017,,measured-actual-standardised,2025-11-12,https://zenodo.org/records/18016847
london-2025-044,Seminole San Andres Unit,United States,eor,2018,,measured-actual-standardised,2025-11-12,https://zenodo.org/records/18016847
london-2025-044,Seminole San Andres Unit,United States,eor,2019,,measured-actual-standardised,2025-11-12,https://zenodo.org/records/18016847
london-2025-044,Seminole San Andres Unit,United States,eor,2020,,measured-actual-standardised,2025-11-12,https://zenodo.org/records/18016847
london-2025-044,Seminole San Andres Unit,United States,eor,2021,,measured-actual-standardised,2025-11-12,https://zenodo.org/records/18016847
london-2025-044,Seminole San Andres Unit,United States,eor,2022,,measured-actual-standardised,2025-11-12,https://zenodo.org/records/18016847
london-2025-044,Seminole San Andres Unit,United States,eor,2023,3.932897,measured-actual-standardised,2025-11-12,https://zenodo.org/records/18016847
london-2025-044,Seminole San Andres Unit,United States,eor,2024,,measured-actual-standardised,2025-11-12,https://zenodo.org/records/18016847
london-2025-045,West Seminole San Andres Unit,United States,eor,1996,,measured-actual-standardised,2025-11-12,https://zenodo.org/records/18016847
london-2025-045,West Seminole San Andres Unit,United States,eor,1997,,measured-actual-standardised,2025-11-12,https://zenodo.org/records/18016847
london-2025-045,West Seminole San Andres Unit,United States,eor,1998,,measured-actual-standardised,2025-11-12,https://zenodo.org/records/18016847
london-2025-045,West Seminole San Andres Unit,United States,eor,1999,,measured-actual-standardised,2025-11-12,https://zenodo.org/records/18016847
london-2025-045,West Seminole San Andres Unit,United States,eor,2000,,measured-actual-standardised,2025-11-12,https://zenodo.org/records/18016847
london-2025-045,West Seminole San Andres Unit,United States,eor,2001,,measured-actual-standardised,2025-11-12,https://zenodo.org/records/18016847
london-2025-045,West Seminole San Andres Unit,United States,eor,2002,,measured-actual-standardised,2025-11-12,https://zenodo.org/records/18016847
london-2025-045,West Seminole San Andres Unit,United States,eor,2003,,measured-actual-standardised,2025-11-12,https://zenodo.org/records/18016847
london-2025-045,West Seminole San Andres Unit,United States,eor,2004,,measured-actual-standardised,2025-11-12,https://zenodo.org/records/18016847
london-2025-045,West Seminole San Andres Unit,United States,eor,2005,,measured-actual-standardised,2025-11-12,https://zenodo.org/records/18016847
london-2025-045,West Seminole San Andres Unit,United States,eor,2006,,measured-actual-standardised,2025-11-12,https://zenodo.org/records/18016847
london-2025-045,West Seminole San Andres Unit,United States,eor,2007,,measured-actual-standardised,2025-11-12,https://zenodo.org/records/18016847
london-2025-045,West Seminole San Andres Unit,United States,eor,2008,,measured-actual-standardised,2025-11-12,https://zenodo.org/records/18016847
london-2025-045,West Seminole San Andres Unit,United States,eor,2009,,measured-actual-standardised,2025-11-12,https://zenodo.org/records/18016847
london-2025-045,West Seminole San Andres Unit,United States,eor,2010,,measured-actual-standardised,2025-11-12,https://zenodo.org/records/18016847
london-2025-045,West Seminole San Andres Unit,United States,eor,2011,,measured-actual-standardised,2025-11-12,https://zenodo.org/records/18016847
london-2025-045,West Seminole San Andres Unit,United States,eor,2012,,measured-actual-standardised,2025-11-12,https://zenodo.org/records/18016847
london-2025-045,West Seminole San Andres Unit,United States,eor,2013,,measured-actual-standardised,2025-11-12,https://zenodo.org/records/18016847
london-2025-045,West Seminole San Andres Unit,United States,eor,2014,,measured-actual-standardised,2025-11-12,https://zenodo.org/records/18016847
london-2025-045,West Seminole San Andres Unit,United States,eor,2015,,measured-actual-standardised,2025-11-12,https://zenodo.org/records/18016847
london-2025-045,West Seminole San Andres Unit,United States,eor,2016,,measured-actual-standardised,2025-11-12,https://zenodo.org/records/18016847
london-2025-045,West Seminole San Andres Unit,United States,eor,2017,,measured-actual-standardised,2025-11-12,https://zenodo.org/records/18016847
london-2025-045,West Seminole San Andres Unit,United States,eor,2018,,measured-actual-standardised,2025-11-12,https://zenodo.org/records/18016847
london-2025-045,West Seminole San Andres Unit,United States,eor,2019,,measured-actual-standardised,2025-11-12,https://zenodo.org/records/18016847
london-2025-045,West Seminole San Andres Unit,United States,eor,2020,,measured-actual-standardised,2025-11-12,https://zenodo.org/records/18016847
london-2025-045,West Seminole San Andres Unit,United States,eor,2021,0.815505,measured-actual-standardised,2025-11-12,https://zenodo.org/records/18016847
london-2025-045,West Seminole San Andres Unit,United States,eor,2022,0.768681,measured-actual-standardised,2025-11-12,https://zenodo.org/records/18016847
london-2025-045,West Seminole San Andres Unit,United States,eor,2023,0.736405,measured-actual-standardised,2025-11-12,https://zenodo.org/records/18016847
london-2025-045,West Seminole San Andres Unit,United States,eor,2024,,measured-actual-standardised,2025-11-12,https://zenodo.org/records/18016847
london-2025-046,Farnsworth Unit CO2 Flood,United States,eor,1996,,measured-actual-standardised,2025-11-12,https://zenodo.org/records/18016847
london-2025-046,Farnsworth Unit CO2 Flood,United States,eor,1997,,measured-actual-standardised,2025-11-12,https://zenodo.org/records/18016847
london-2025-046,Farnsworth Unit CO2 Flood,United States,eor,1998,,measured-actual-standardised,2025-11-12,https://zenodo.org/records/18016847
london-2025-046,Farnsworth Unit CO2 Flood,United States,eor,1999,,measured-actual-standardised,2025-11-12,https://zenodo.org/records/18016847
london-2025-046,Farnsworth Unit CO2 Flood,United States,eor,2000,,measured-actual-standardised,2025-11-12,https://zenodo.org/records/18016847
london-2025-046,Farnsworth Unit CO2 Flood,United States,eor,2001,,measured-actual-standardised,2025-11-12,https://zenodo.org/records/18016847
london-2025-046,Farnsworth Unit CO2 Flood,United States,eor,2002,,measured-actual-standardised,2025-11-12,https://zenodo.org/records/18016847
london-2025-046,Farnsworth Unit CO2 Flood,United States,eor,2003,,measured-actual-standardised,2025-11-12,https://zenodo.org/records/18016847
london-2025-046,Farnsworth Unit CO2 Flood,United States,eor,2004,,measured-actual-standardised,2025-11-12,https://zenodo.org/records/18016847
london-2025-046,Farnsworth Unit CO2 Flood,United States,eor,2005,,measured-actual-standardised,2025-11-12,https://zenodo.org/records/18016847
london-2025-046,Farnsworth Unit CO2 Flood,United States,eor,2006,,measured-actual-standardised,2025-11-12,https://zenodo.org/records/18016847
london-2025-046,Farnsworth Unit CO2 Flood,United States,eor,2007,,measured-actual-standardised,2025-11-12,https://zenodo.org/records/18016847
london-2025-046,Farnsworth Unit CO2 Flood,United States,eor,2008,,measured-actual-standardised,2025-11-12,https://zenodo.org/records/18016847
london-2025-046,Farnsworth Unit CO2 Flood,United States,eor,2009,,measured-actual-standardised,2025-11-12,https://zenodo.org/records/18016847
london-2025-046,Farnsworth Unit CO2 Flood,United States,eor,2010,,measured-actual-standardised,2025-11-12,https://zenodo.org/records/18016847
london-2025-046,Farnsworth Unit CO2 Flood,United States,eor,2011,,measured-actual-standardised,2025-11-12,https://zenodo.org/records/18016847
london-2025-046,Farnsworth Unit CO2 Flood,United States,eor,2012,,measured-actual-standardised,2025-11-12,https://zenodo.org/records/18016847
london-2025-046,Farnsworth Unit CO2 Flood,United States,eor,2013,0.092,measured-actual-standardised,2025-11-12,https://zenodo.org/records/18016847
london-2025-046,Farnsworth Unit CO2 Flood,United States,eor,2014,0.092,measured-actual-standardised,2025-11-12,https://zenodo.org/records/18016847
london-2025-046,Farnsworth Unit CO2 Flood,United States,eor,2015,0.092,measured-actual-standardised,2025-11-12,https://zenodo.org/records/18016847
london-2025-046,Farnsworth Unit CO2 Flood,United States,eor,2016,0.092,measured-actual-standardised,2025-11-12,https://zenodo.org/records/18016847
london-2025-046,Farnsworth Unit CO2 Flood,United States,eor,2017,0.092,measured-actual-standardised,2025-11-12,https://zenodo.org/records/18016847
london-2025-046,Farnsworth Unit CO2 Flood,United States,eor,2018,0.13193,measured-actual-standardised,2025-11-12,https://zenodo.org/records/18016847
london-2025-046,Farnsworth Unit CO2 Flood,United States,eor,2019,,measured-actual-standardised,2025-11-12,https://zenodo.org/records/18016847
london-2025-046,Farnsworth Unit CO2 Flood,United States,eor,2020,,measured-actual-standardised,2025-11-12,https://zenodo.org/records/18016847
london-2025-046,Farnsworth Unit CO2 Flood,United States,eor,2021,,measured-actual-standardised,2025-11-12,https://zenodo.org/records/18016847
london-2025-046,Farnsworth Unit CO2 Flood,United States,eor,2022,0.092201,measured-actual-standardised,2025-11-12,https://zenodo.org/records/18016847
london-2025-046,Farnsworth Unit CO2 Flood,United States,eor,2023,0.07,measured-actual-standardised,2025-11-12,https://zenodo.org/records/18016847
london-2025-046,Farnsworth Unit CO2 Flood,United States,eor,2024,,measured-actual-standardised,2025-11-12,https://zenodo.org/records/18016847
