source_project_id,project_name,country,mapping_status,canonical_project_id,candidate_project_ids,review_note
iea-2026-0001,3D DMX ArcelorMittal and IFPEN Dunkirk (full-scale),France,unmatched-review,,,No exact curated identity match
iea-2026-0003,8Rivers H2 (8RH2) (WY),United States,unmatched-review,,,No exact curated identity match
iea-2026-0004,Emirates Steel Industries,United Arab Emirates,unmatched-review,,,No exact curated identity match
iea-2026-0005,Habshan-Bab gas plant,United Arab Emirates,unmatched-review,,,No exact curated identity match
iea-2026-0006,Shah gas plant (Abu Dhabi CCS Phase 2),United Arab Emirates,unmatched-review,,,No exact curated identity match
iea-2026-0007,Acorn CCS phase 1-Capture at St Fergus,United Kingdom,unmatched-review,,,No exact curated identity match
iea-2026-0008,Acorn CCS phase 1-T&S,United Kingdom,unmatched-review,,,No exact curated identity match
iea-2026-0009,Acorn CCS phase 2,United Kingdom,unmatched-review,,,No exact curated identity match
iea-2026-0010,Acorn H2,United Kingdom,unmatched-review,,,No exact curated identity match
iea-2026-0011,Adbri Project,Australia,unmatched-review,,,No exact curated identity match
iea-2026-0012,Mt Simon Hub CCS Pipeline (IA),United States,unmatched-review,,,No exact curated identity match
iea-2026-0013,ADM Cedar rapids bioethanol (IA),United States,unmatched-review,,,No exact curated identity match
iea-2026-0014,ADM Clinton bioethanol (IA),United States,unmatched-review,,,No exact curated identity match
iea-2026-0015,Aemetis CCS Keyes facility (CA),United States,unmatched-review,,,No exact curated identity match
iea-2026-0016,Aemetis CCS Riverbank facility (CA),United States,unmatched-review,,,No exact curated identity match
iea-2026-0018,Air Liquide hydrogen facility Rotterdam (Porthos),Netherlands,unmatched-review,,,No exact curated identity match
iea-2026-0020,Net-zero Hydrogen Energy Complex (ALB),Canada,unmatched-review,,,No exact curated identity match
iea-2026-0021,AirCapture DACU at Nutrien Kennewick Fertilizer (WA),United States,unmatched-review,,,No exact curated identity match
iea-2026-0022,AirCapture Nuclear DAC at JM Farley Nuclear (AL),United States,unmatched-review,,,No exact curated identity match
iea-2026-0023,Merritt Electrofuels Project DAC (BC),Canada,unmatched-review,,,No exact curated identity match
iea-2026-0024,Alberta Carbon Grid (ALB) phase 1 (Industrial heartland),Canada,unmatched-review,,,No exact curated identity match
iea-2026-0025,Alberta Carbon Trunk Line (ACTL) (ALB),Canada,unmatched-review,,,No exact curated identity match
iea-2026-0028,Altera Stella Maris CCS Project Phase 2,Norway,unmatched-review,,,No exact curated identity match
iea-2026-0031,Antwerp@ C CO2 Export Hub phase 1,Belgium,unmatched-review,,,No exact curated identity match
iea-2026-0034,Arcelor LanzaTech Carbalyst (Steelanol) Ghent,Belgium,unmatched-review,,,No exact curated identity match
iea-2026-0035,Arkalon CO2 Compression Facility (KS),United States,unmatched-review,,,No exact curated identity match
iea-2026-0036,Arthit offshore gas field CCS,Thailand,unmatched-review,,,No exact curated identity match
iea-2026-0037,Arun CCS,Indonesia,unmatched-review,,,No exact curated identity match
iea-2026-0038,Eastern Louisiana Clean Energy Complex (LA),United States,unmatched-review,,,No exact curated identity match
iea-2026-0039,Atlas Carbon Sequestration Hub Phase 1 (ALB),Canada,unmatched-review,,,No exact curated identity match
iea-2026-0040,Atlas Carbon Sequestration Hub Phase 2 (ALB),Canada,unmatched-review,,,No exact curated identity match
iea-2026-0041,Aukra Hydrogen Hub,Norway,unmatched-review,,,No exact curated identity match
iea-2026-0042,Avedøre Power Station CCS,Denmark,unmatched-review,,,No exact curated identity match
iea-2026-0043,Balikpapan Refinery,Indonesia,unmatched-review,,,No exact curated identity match
iea-2026-0044,Barents Blue ammonia project Train 1,Norway,unmatched-review,,,No exact curated identity match
iea-2026-0045,Barents Blue ammonia project Train 2,Norway,unmatched-review,,,No exact curated identity match
iea-2026-0046,Barents Blue ammonia project Train 3,Norway,unmatched-review,,,No exact curated identity match
iea-2026-0047,Barossa and Darwin liquefied natural gas (DLNG) CCUS,Australia,unmatched-review,,,No exact curated identity match
iea-2026-0049,Bayou Bend East offshore (TX),United States,unmatched-review,,,No exact curated identity match
iea-2026-0050,Bayu-Undan field storage hub Timor-Leste phase 1,Australia-Timor Leste,unmatched-review,,,No exact curated identity match
iea-2026-0051,Soderenergi Igelsta plant,Sweden,unmatched-review,,,No exact curated identity match
iea-2026-0053,Bonanza BioEnergy CCUS EOR (KS),United States,unmatched-review,,,No exact curated identity match
iea-2026-0054,Berrima cement plant (NSW),Australia,unmatched-review,,,No exact curated identity match
iea-2026-0055,Borealis Antwerp CCS,Belgium,unmatched-review,,,No exact curated identity match
iea-2026-0056,Borregaard / SAE (Borg CO2) (2 facilities),Norway,unmatched-review,,,No exact curated identity match
iea-2026-0057,Boryeong Blue hydrogen,South Korea,unmatched-review,,,No exact curated identity match
iea-2026-0059,Boundary Dam CCS (SASK),Canada,unmatched-review,,,No exact curated identity match
iea-2026-0060,Bridgeport Energy Moonie CCUS Project,Australia,unmatched-review,,,No exact curated identity match
iea-2026-0062,Broadwing Clean Energy Complex (IL),United States,unmatched-review,,,No exact curated identity match
iea-2026-0063,Bushmills Ethanol Atwater (MN),United States,unmatched-review,,,No exact curated identity match
iea-2026-0064,CalCapture CCPP (Elk Hills) (CA),United States,unmatched-review,,,No exact curated identity match
iea-2026-0065,Caledonia Clean Energy (previously Captain Clean Energy),United Kingdom,unmatched-review,,,No exact curated identity match
iea-2026-0068,Carbon America Sterling ethanol (CO),United States,unmatched-review,,,No exact curated identity match
iea-2026-0069,Carbon America Yuma ethanol (CO),United States,unmatched-review,,,No exact curated identity match
iea-2026-0070,Carbon Capture at Ince Fertiliser Site,United Kingdom,unmatched-review,,,No exact curated identity match
iea-2026-0072,Carbon2ProductAustria (C2PAT) - Lafarge Mannersdorf,Austria,unmatched-review,,,No exact curated identity match
iea-2026-0073,CarbonCapture DACU Carbon Cure at Gary Works (IN),United States,unmatched-review,,,No exact curated identity match
iea-2026-0077,CCUS at Red Hills natural gas processing complex (NM) EOR Phase 2,United States,unmatched-review,,,No exact curated identity match
iea-2026-0078,CCUS at Red Hills natural gas processing complex (NM) EOR Phase 3,United States,unmatched-review,,,No exact curated identity match
iea-2026-0079,Cementa Slite plant,Sweden,unmatched-review,,,No exact curated identity match
iea-2026-0080,Century plant (TX),United States,unmatched-review,,,No exact curated identity match
iea-2026-0081,Cerilon gas-to-liquids complex (ND),United States,unmatched-review,,,No exact curated identity match
iea-2026-0082,Blue Point Number One Ammonia Complex (LA),United States,unmatched-review,,,No exact curated identity match
iea-2026-0083,Changling Gas plant /Jilin Oil Field CO2-EOR Full-scale (Jilin),People's Republic of China,unmatched-review,,,No exact curated identity match
iea-2026-0085,China Energy Taizhou power (Jiangsu),People's Republic of China,unmatched-review,,,No exact curated identity match
iea-2026-0086,China Energy Guohua Jinjie Power (Shaanxi),People's Republic of China,unmatched-review,,,No exact curated identity match
iea-2026-0087,CinfraCap (Carbon Infrastructure Capture) - Port of Gothenburg,Sweden,unmatched-review,,,No exact curated identity match
iea-2026-0089,Amager Bakke/Amager Resource Centre (ARC),Denmark,unmatched-review,,,No exact curated identity match
iea-2026-0090,Climeworks DAC at Brawley Geothermal (CA),United States,unmatched-review,,,No exact curated identity match
iea-2026-0091,Climeworks Norsk e fuel phase 1,Norway,unmatched-review,,,No exact curated identity match
iea-2026-0092,Climeworks Norsk e fuel phase 2,Norway,unmatched-review,,,No exact curated identity match
iea-2026-0093,Climeworks Norsk e fuel phase 3,Norway,unmatched-review,,,No exact curated identity match
iea-2026-0094,Enhance Clive Sequestration Facility (ALB),Canada,unmatched-review,,,No exact curated identity match
iea-2026-0095,Enping 15-1 offshore CCS (Hong Kong),People's Republic of China,unmatched-review,,,No exact curated identity match
iea-2026-0096,Junggar Basin Hub - Northwest phase 1 (Xinjiang),People's Republic of China,unmatched-review,,,No exact curated identity match
iea-2026-0097,Junggar Basin Hub - Northwest phase 2 (Xinjiang),People's Republic of China,unmatched-review,,,No exact curated identity match
iea-2026-0099,Junggar Basin Hub - Refinery Hydrogen (Xinjiang),People's Republic of China,unmatched-review,,,No exact curated identity match
iea-2026-0100,CO2 capture at Coal Creek (ND),United States,unmatched-review,,,No exact curated identity match
iea-2026-0101,CO2 TO METHANOL Finnfjord Ferrosilicon,Norway,unmatched-review,,,No exact curated identity match
iea-2026-0102,Coda terminal Phase 1,Island,unmatched-review,,,No exact curated identity match
iea-2026-0103,Coda terminal Phase 2,Island,unmatched-review,,,No exact curated identity match
iea-2026-0104,Coda terminal phase 3,Island,unmatched-review,,,No exact curated identity match
iea-2026-0105,Coffeyville fertiliser Plant (KS),United States,unmatched-review,,,No exact curated identity match
iea-2026-0106,Core Energy CO2-EOR South Chester plant (MI),United States,unmatched-review,,,No exact curated identity match
iea-2026-0107,Corn LP Goldfield biorefinery (IA),United States,unmatched-review,,,No exact curated identity match
iea-2026-0110,CORY EfW plant Belvedere,United Kingdom,unmatched-review,,,No exact curated identity match
iea-2026-0111,Coyote Clean Power Project (CO),United States,unmatched-review,,,No exact curated identity match
iea-2026-0112,CRP Haifeng Project (Guangdong),People's Republic of China,unmatched-review,,,No exact curated identity match
iea-2026-0114,CTSCo Project,Australia,unmatched-review,,,No exact curated identity match
iea-2026-0117,Dakota Ethanol Wentworth biorefinery (SD),United States,unmatched-review,,,No exact curated identity match
iea-2026-0118,Dakota H2 Hub (ND),United States,unmatched-review,,,No exact curated identity match
iea-2026-0119,Dalmia Cement (Bharat) Tamil Nadu,India,unmatched-review,,,No exact curated identity match
iea-2026-0120,Dalstur Energy Coal India coal hydrogen,India,unmatched-review,,,No exact curated identity match
iea-2026-0121,D'Artagnan Dunkirk CO2 Hub Phase 1,France,unmatched-review,,,No exact curated identity match
iea-2026-0122,D'Artagnan Dunkirk CO2 Hub Phase 2,France,unmatched-review,,,No exact curated identity match
iea-2026-0123,D'Artagnan Dunkirk CO2 Hub Phase 3,France,unmatched-review,,,No exact curated identity match
iea-2026-0124,Illinois Basin Decatur Project (IL),United States,unmatched-review,,,No exact curated identity match
iea-2026-0125,DelpHYnus hydrogen production Theddlethorpe,United Kingdom,unmatched-review,,,No exact curated identity match
iea-2026-0126,Delta Rhyne Corridor,Germany-Netherlands,unmatched-review,,,No exact curated identity match
iea-2026-0127,Denbury / Mitsubishi Gulf Coast ammonia project (TBD),United States,unmatched-review,,,No exact curated identity match
iea-2026-0129,Linde hydrogen to Dow Fort Saskatchewan Path2Zero (ALB),Canada,unmatched-review,,,No exact curated identity match
iea-2026-0132,Dry Fork Integrated Commercial CCS/Wyoming CarbonSafe (WY),United States,unmatched-review,,,No exact curated identity match
iea-2026-0133,Eastern Wyoming Sequestration Hub (WY) (Juniper I-1),United States,unmatched-review,,,No exact curated identity match
iea-2026-0135,Edmonton Blue Hydrogen plant (ALB),Canada,unmatched-review,,,No exact curated identity match
iea-2026-0136,Enbridge Ingleside Energy Center Low carbon ammonia (TX),United States,unmatched-review,,,No exact curated identity match
iea-2026-0137,Offshore Western Kyushu CCS - J-Power power plant,Japan,unmatched-review,,,No exact curated identity match
iea-2026-0138,Energean hydrogen plant,Greece,unmatched-review,,,No exact curated identity match
iea-2026-0142,ENI Ravenna power plant,Italy,unmatched-review,,,No exact curated identity match
iea-2026-0143,ENI Venice bio-refinery Porto Marghera,Italy,unmatched-review,,,No exact curated identity match
iea-2026-0144,Enid fertiliser (OK),United States,unmatched-review,,,No exact curated identity match
iea-2026-0145,Ervia Cork CCS - Aghada CCGT,Ireland,unmatched-review,,,No exact curated identity match
iea-2026-0146,Ervia Cork CCS - Irving refinery,Ireland,unmatched-review,,,No exact curated identity match
iea-2026-0147,Ervia Cork CCS - Whitegate CCGT,Ireland,unmatched-review,,,No exact curated identity match
iea-2026-0148,ExxonMobil Baytown petrochemical site (TX),United States,unmatched-review,,,No exact curated identity match
iea-2026-0149,Exxonmobil Antwerp Refinery CCS,Belgium,unmatched-review,,,No exact curated identity match
iea-2026-0150,Air Products for Exxonmobil Botlek Rotterdam refinery,Netherlands,unmatched-review,,,No exact curated identity match
iea-2026-0152,Fidelis Project Cyclus Baton Rouge (LA) AtmosClear BECCS,United States,unmatched-review,,,No exact curated identity match
iea-2026-0154,Freeport LNG CCS (TX),United States,unmatched-review,,,No exact curated identity match
iea-2026-0155,Frevar KF / Kvitebjorn BIO-EL (Borg CO2) (2 facilities),Norway,unmatched-review,,,No exact curated identity match
iea-2026-0156,Frog Lake Power Plant (ALB),Canada,unmatched-review,,,No exact curated identity match
iea-2026-0157,FS Lucas do Rio Verde ethanol biorefinery complex,Brazil,unmatched-review,,,No exact curated identity match
iea-2026-0158,Future Biogas plants phase 1,United Kingdom,unmatched-review,,,No exact curated identity match
iea-2026-0159,Future Biogas plants phase 2,United Kingdom,unmatched-review,,,No exact curated identity match
iea-2026-0160,G2 Net-Zero (LA),United States,unmatched-review,,,No exact curated identity match
iea-2026-0161,Hail and Gasha CO2 Management,United Arab Emirates,unmatched-review,,,No exact curated identity match
iea-2026-0162,Genesee CCS (ALB),Canada,unmatched-review,,,No exact curated identity match
iea-2026-0163,Gerald Gentleman Station Carbon Capture (NE),United States,unmatched-review,,,No exact curated identity match
iea-2026-0166,Glacial Lakes Energy Aberdeen biorefinery (SD),United States,unmatched-review,,,No exact curated identity match
iea-2026-0168,Glacial Lakes Energy Mina biorefinery (SD),United States,unmatched-review,,,No exact curated identity match
iea-2026-0169,Glacial Lakes Energy Watertown biorefinery (SD),United States,unmatched-review,,,No exact curated identity match
iea-2026-0171,Glacier CCS (ALB) phase 2,Canada,unmatched-review,,,No exact curated identity match
iea-2026-0172,Golden Grain Energy Mason City biorefinery (IA),United States,unmatched-review,,,No exact curated identity match
iea-2026-0175,Granite Falls biorefinery (MN),United States,unmatched-review,,,No exact curated identity match
iea-2026-0176,Great Plains Synfuel Plant (ND) Weyburn-Midale (SK),United States-Canada,unmatched-review,,,No exact curated identity match
iea-2026-0177,Green Plains Atkinson biorefinery (NE),United States,unmatched-review,,,No exact curated identity match
iea-2026-0178,Green Plains Advantage Nebraska - Central City biorefinery (NE),United States,unmatched-review,,,No exact curated identity match
iea-2026-0179,Green Plains Fairmont biorefinery (MN),United States,unmatched-review,,,No exact curated identity match
iea-2026-0180,Green Plains Otter Tail (Fergus Falls) biorefinery (MN),United States,unmatched-review,,,No exact curated identity match
iea-2026-0181,Green Plains Shenandoah biorefinery (MN),United States,unmatched-review,,,No exact curated identity match
iea-2026-0182,Green Plains Superior biorefinery (IA),United States,unmatched-review,,,No exact curated identity match
iea-2026-0183,Green Plains Advantage Nebraska - Wood River biorefinery (NE),United States,unmatched-review,,,No exact curated identity match
iea-2026-0184,Green Plains Advantage Nebraska - York biorefinery (NE),United States,unmatched-review,,,No exact curated identity match
iea-2026-0186,GreenGen Huaneng IGCC Project Phase III (Tianjin),People's Republic of China,unmatched-review,,,No exact curated identity match
iea-2026-0187,Gundih CCUS EGR,Indonesia,unmatched-review,,,No exact curated identity match
iea-2026-0188,H21 Leeds City Gate - Teesside hydrogen,United Kingdom,unmatched-review,,,No exact curated identity match
iea-2026-0190,H2BE,Belgium,unmatched-review,,,No exact curated identity match
iea-2026-0193,H2NorthEast Phase 1,United Kingdom,unmatched-review,,,No exact curated identity match
iea-2026-0194,H2NorthEast Phase 2,United Kingdom,unmatched-review,,,No exact curated identity match
iea-2026-0195,H2Perth Woodside,Australia,unmatched-review,,,No exact curated identity match
iea-2026-0196,BP H2Teesside Phase 1,United Kingdom,unmatched-review,,,No exact curated identity match
iea-2026-0197,BP H2Teesside Phase 2,United Kingdom,unmatched-review,,,No exact curated identity match
iea-2026-0198,Hackberry Carbon Sequestration (HCS) project at Cameron LNG (LA),United States,unmatched-review,,,No exact curated identity match
iea-2026-0199,"Heartland Greenway (IA, IL, MN, NE, SD)",United States,unmatched-review,,,No exact curated identity match
iea-2026-0201,HeidelbergMaterials Brevik,Norway,unmatched-review,,,No exact curated identity match
iea-2026-0202,Heidelberg Materials LEILAC 2,Germany,unmatched-review,,,No exact curated identity match
iea-2026-0203,Heron Lake biorefinery (MN),United States,unmatched-review,,,No exact curated identity match
iea-2026-0205,HIF USA eFuels Matagorda County (TX),United States,unmatched-review,,,No exact curated identity match
iea-2026-0206,Highwater Ethanol Lamberton biorefinery (MN),United States,unmatched-review,,,No exact curated identity match
iea-2026-0207,Carbon2Business Laegerdorf,Germany,unmatched-review,,,No exact curated identity match
iea-2026-0208,Homeland Energy Solutions Lawler biorefinery (IA),United States,unmatched-review,,,No exact curated identity match
iea-2026-0209,Horizon Oil Sands (ALB),Canada,unmatched-review,,,No exact curated identity match
iea-2026-0210,FlagshipONE eMethanol (Hörneborgsverket CHP Örnsköldsvik),Sweden,unmatched-review,,,No exact curated identity match
iea-2026-0214,Husker Ag Plainview biorefinery (NE),United States,unmatched-review,,,No exact curated identity match
iea-2026-0215,H-vision plant 1,Netherlands,unmatched-review,,,No exact curated identity match
iea-2026-0216,H-vision plant 2,Netherlands,unmatched-review,,,No exact curated identity match
iea-2026-0217,Hydrogen 2 Magnum (H2M),Netherlands,unmatched-review,,,No exact curated identity match
iea-2026-0218,Hydrogen Energy Supply Chain (HESC) Project Full scale (CarbonNET),Australia,candidate-review,,au-carbonnet,Unique/candidate alias containment in the same country; review before accepting
iea-2026-0220,Hydrogen to Humber (H2H) Saltend phase 1,United Kingdom,unmatched-review,,,No exact curated identity match
iea-2026-0222,Illinois Clean Fuels Project (IL),United States,unmatched-review,,,No exact curated identity match
iea-2026-0223,Illinois Industrial Carbon Capture and Storage (IL),United States,unmatched-review,,,No exact curated identity match
iea-2026-0224,Indian Oil Corporation Koyali refinery,India,unmatched-review,,,No exact curated identity match
iea-2026-0225,Ineos Antwerp CCS,Belgium,unmatched-review,,,No exact curated identity match
iea-2026-0226,INEOS Grangemouth refinery and hydrogen production,United Kingdom,unmatched-review,,,No exact curated identity match
iea-2026-0227,Abadi LNG CCS/CCUS,Indonesia,unmatched-review,,,No exact curated identity match
iea-2026-0228,"Integrated Mid-Continent Stacked Carbon Storage Hub CarbonSAFE (NB, KS)",United States,unmatched-review,,,No exact curated identity match
iea-2026-0229,Itochu/Petronas ammonia project (ALB),Canada,unmatched-review,,,No exact curated identity match
iea-2026-0230,Sukowati CO2-EOR (Jambaran Tiung Biru gas processing),Indonesia,unmatched-review,,,No exact curated identity match
iea-2026-0231,James M Barry Electric Generating Plant CCUS (AL),United States,unmatched-review,,,No exact curated identity match
iea-2026-0232,Javelina Refinery CCS (TX),United States,unmatched-review,,,No exact curated identity match
iea-2026-0233,Sailboat Green Methanol plant Shengong petrochemical (Jiangsu),People's Republic of China,unmatched-review,,,No exact curated identity match
iea-2026-0236,K6 Program- Lumbres cement plant,France,unmatched-review,,,No exact curated identity match
iea-2026-0237,Kairos@C,Belgium,unmatched-review,,,No exact curated identity match
iea-2026-0238,Karamay Dunhua methanol plant (Xinjiang),People's Republic of China,unmatched-review,,,No exact curated identity match
iea-2026-0239,Keadby 3 Carbon Capture Power Station,United Kingdom,unmatched-review,,,No exact curated identity match
iea-2026-0241,Kemper county CCUS (MS),United States,unmatched-review,,,No exact curated identity match
iea-2026-0244,Kern River Eastridge cogeneration plant San Joaquin Valley (CA),United States,unmatched-review,,,No exact curated identity match
iea-2026-0245,KeyState Natural Gas Synthesis (ARCH2) (PA),United States,unmatched-review,,,No exact curated identity match
iea-2026-0246,Kollsnes DAC facility,Norway,unmatched-review,,,No exact curated identity match
iea-2026-0247,Korea CCS 1 & 2,South Korea,unmatched-review,,,No exact curated identity match
iea-2026-0249,Porthos onshore transport,Netherlands,unmatched-review,,,No exact curated identity match
iea-2026-0250,Labarge Shute Creek Gas Processing Plant 1.2 Mtpa expansion (WY),United States,unmatched-review,,,No exact curated identity match
iea-2026-0251,Labarge Shute Creek Gas Processing Plant 2010 expansion (WY),United States,unmatched-review,,,No exact curated identity match
iea-2026-0252,Labarge Shute Creek Gas Processing Plant original (WY),United States,unmatched-review,,,No exact curated identity match
iea-2026-0253,LafargeHolcim Portland (CO),United States,unmatched-review,,,No exact curated identity match
iea-2026-0254,LafargeHolcim Ste Genevieve (MO),United States,unmatched-review,,,No exact curated identity match
iea-2026-0255,Lake Charles Methanol II (LA),United States,unmatched-review,,,No exact curated identity match
iea-2026-0257,Project Blue - El Dorado (AR),United States,unmatched-review,,,No exact curated identity match
iea-2026-0258,HeidelbergMaterials Edmonton Cement (ALB),Canada,unmatched-review,,,No exact curated identity match
iea-2026-0259,CalCC Lhoist Air Liquide Lime plant Réty,France,unmatched-review,,,No exact curated identity match
iea-2026-0260,Lincolnway Energy Nevada biorefinery (IA),United States,unmatched-review,,,No exact curated identity match
iea-2026-0261,Svante capture Linde SMR plant (TX),United States,unmatched-review,,,No exact curated identity match
iea-2026-0262,Lone Star Storage Hub Project (Jasper) (TX),United States,unmatched-review,,,No exact curated identity match
iea-2026-0263,LIPOR Maia Energy Recovery Plant PtL facility,Portugal,unmatched-review,,,No exact curated identity match
iea-2026-0264,Little Sioux Corn Processors Marcus biorefinery (IA),United States,unmatched-review,,,No exact curated identity match
iea-2026-0265,Liverpool Bay CCS project phase 1,United Kingdom,unmatched-review,,,No exact curated identity match
iea-2026-0266,Liverpool Bay CCS expansion project (phase 2),United Kingdom,unmatched-review,,,No exact curated identity match
iea-2026-0267,Lost Cabin Gas Plant (WY),United States,unmatched-review,,,No exact curated identity match
iea-2026-0268,Louis Dreyfus Grand Junction biorefinery (IA),United States,unmatched-review,,,No exact curated identity match
iea-2026-0269,Louis Dreyfus Norfolk biorefinery (IA),United States,unmatched-review,,,No exact curated identity match
iea-2026-0271,Lyse Forus Energigjenvinning Stavanger,Norway,unmatched-review,,,No exact curated identity match
iea-2026-0273,Meadowbrook Carbon Storage Hub (MCSH) (ALB) initial start-up,Canada,unmatched-review,,,No exact curated identity match
iea-2026-0274,Mendota BECCS power project (Clean Energy Systems Carbon Negative Energy Plant - Central Valley) (CA),United States,unmatched-review,,,No exact curated identity match
iea-2026-0275,MEPAU Mid West CCUS hub,Australia,unmatched-review,,,No exact curated identity match
iea-2026-0276,Mid West Clean Energy Project,Australia,unmatched-review,,,No exact curated identity match
iea-2026-0277,Midwest AgEnergy Blue Flint ethanol (ND),United States,unmatched-review,,,No exact curated identity match
iea-2026-0278,"Midwest Carbon Express (NE, SD, ND, MI, IA)",United States,unmatched-review,,,No exact curated identity match
iea-2026-0279,Mikawa Power Plant BECCS Fukuoka Prefecture,Japan,unmatched-review,,,No exact curated identity match
iea-2026-0280,Mote biomass-to-hydrogen plant Kern County (CA),United States,unmatched-review,,,No exact curated identity match
iea-2026-0282,Angel CCS,Australia,unmatched-review,,,No exact curated identity match
iea-2026-0283,Mustang Station Carbon Capture (TX),United States,unmatched-review,,,No exact curated identity match
iea-2026-0284,Nauticol and Enhance Energy blue methanol project (ALB),Canada,unmatched-review,,,No exact curated identity match
iea-2026-0285,L10 CCS,Netherlands,unmatched-review,,,No exact curated identity match
iea-2026-0286,L10 CCS phase 2,Netherlands,unmatched-review,,,No exact curated identity match
iea-2026-0287,Net Zero Teesside Power,United Kingdom,unmatched-review,,,No exact curated identity match
iea-2026-0288,NextDecade Rio Grande LNG (TX),United States,unmatched-review,,,No exact curated identity match
iea-2026-0289,East Niigata area CCS (capture sources under evaluation),Japan,unmatched-review,,,No exact curated identity match
iea-2026-0290,Norske Skog Saugbrugs (Borg CO2),Norway,unmatched-review,,,No exact curated identity match
iea-2026-0293,NWR Sturgeon Refinery (ALB),Canada,unmatched-review,,,No exact curated identity match
iea-2026-0295,Northern Lights Phase 1,Norway,unmatched-review,,,No exact curated identity match
iea-2026-0296,Northern Lights Phase 2,Norway,unmatched-review,,,No exact curated identity match
iea-2026-0297,Northern Plains Nitrogen Blue ammonia (ND),United States,unmatched-review,,,No exact curated identity match
iea-2026-0299,One Earth Energy ethanol CCS (IL),United States,unmatched-review,,,No exact curated identity match
iea-2026-0300,Open Access Wabamun Carbon Hub (ALB),Canada,unmatched-review,,,No exact curated identity match
iea-2026-0301,Origins project (ALB),Canada,unmatched-review,,,No exact curated identity match
iea-2026-0302,Hafslund Oslo Celsio,Norway,unmatched-review,,,No exact curated identity match
iea-2026-0304,PCS Nitrogen Geismar Ammonia plant (LA),United States,unmatched-review,,,No exact curated identity match
iea-2026-0305,PCS Nitrogen-Geismar plant (LA),United States,unmatched-review,,,No exact curated identity match
iea-2026-0307,Peterhead Carbon Capture Power Station,United Kingdom,unmatched-review,,,No exact curated identity match
iea-2026-0308,Peterhead Power Station CCS (2011 version),United Kingdom,unmatched-review,,,No exact curated identity match
iea-2026-0309,Petra Nova Carbon Capture (TX),United States,unmatched-review,,,No exact curated identity match
iea-2026-0310,Petrobras Santos Basin pre-salt oilfield CCS (ES),Brazil,unmatched-review,,,No exact curated identity match
iea-2026-0312,Phillips 66 Humber refinery,United Kingdom,unmatched-review,,,No exact curated identity match
iea-2026-0313,Pieridae Caroline Carbon Capture Power Complex Phase 1 (ALB),Canada,unmatched-review,,,No exact curated identity match
iea-2026-0314,Pieridae Caroline Carbon Capture Power Complex Phase 2 (ALB),Canada,unmatched-review,,,No exact curated identity match
iea-2026-0315,Pine Lake Corn Processors Steamboat Rock biorefinery (IA),United States,unmatched-review,,,No exact curated identity match
iea-2026-0316,Plant Daniel Carbon Capture (MS),United States,unmatched-review,,,No exact curated identity match
iea-2026-0317,Plymouth Energy Merrill biorefinery (IA),United States,unmatched-review,,,No exact curated identity match
iea-2026-0318,"POET 17 bioprocessing plants (IA, NE, SD)",United States,unmatched-review,,,No exact curated identity match
iea-2026-0319,ECO2CEE (Poland EU CCS Interconnector) phase 1,"Poland, Latvia, Lithuania",unmatched-review,,,No exact curated identity match
iea-2026-0320,ECO2CEE (previously Poland EU CCS Interconnector) phase 2,"Poland, Latvia, Lithuania",unmatched-review,,,No exact curated identity match
iea-2026-0321,Polaris CCS capture (ALB),Canada,unmatched-review,,,No exact curated identity match
iea-2026-0322,Polaris offshore storage facility,Norway,unmatched-review,,,No exact curated identity match
iea-2026-0323,Valero Port Arthur Refinery (TX),United States,unmatched-review,,,No exact curated identity match
iea-2026-0325,Porthos offshore transport and storage,Netherlands,unmatched-review,,,No exact curated identity match
iea-2026-0327,Prairie State Generating Station Carbon Capture (IL),United States,unmatched-review,,,No exact curated identity match
iea-2026-0328,Prax Lindsey Oil Refinery Phase 1,United Kingdom,unmatched-review,,,No exact curated identity match
iea-2026-0329,Prax Lindsey Oil Refinery Phase 2,United Kingdom,unmatched-review,,,No exact curated identity match
iea-2026-0330,Preem CCS at Lysekil refinery,Sweden,unmatched-review,,,No exact curated identity match
iea-2026-0331,Project Bifrost Phase 1,Denmark,unmatched-review,,,No exact curated identity match
iea-2026-0332,Project Cavendish Phase 1,United Kingdom,unmatched-review,,,No exact curated identity match
iea-2026-0333,Project Cavendish Phase 2,United Kingdom,unmatched-review,,,No exact curated identity match
iea-2026-0334,ECO2S: Early CO2 Storage Complex in Kemper County (MS),United States,unmatched-review,,,No exact curated identity match
iea-2026-0335,Greensand Future phase 1,Denmark,unmatched-review,,,No exact curated identity match
iea-2026-0336,Project Greensand phase 2,Denmark,unmatched-review,,,No exact curated identity match
iea-2026-0337,Hereford Ethanol Plant - Carbon Storage Texas I (TX) (Project Interseqt),United States,unmatched-review,,,No exact curated identity match
iea-2026-0338,Project Interseqt - Plainview Ethanol Plant (TX),United States,unmatched-review,,,No exact curated identity match
iea-2026-0339,Project Phoenix ammonia (WY),United States,unmatched-review,,,No exact curated identity match
iea-2026-0340,Project Pouakai Hydrogen Production with CCS,New Zealand,unmatched-review,,,No exact curated identity match
iea-2026-0341,Project Tundra at Milton R Young Station (ND),United States,unmatched-review,,,No exact curated identity match
iea-2026-0342,Banggai ammonia plant Central Sulawesi,Indonesia,unmatched-review,,,No exact curated identity match
iea-2026-0343,PYCASSO hub phase 1 - eastern and western pipeline,France,unmatched-review,,,No exact curated identity match
iea-2026-0344,Qatar LNG,Qatar,unmatched-review,,,No exact curated identity match
iea-2026-0345,Qatar North Field East Project CCS,Qatar,unmatched-review,,,No exact curated identity match
iea-2026-0346,Quad County Corn Processors Galva biorefinery (IA),United States,unmatched-review,,,No exact curated identity match
iea-2026-0347,Quest CCS (ALB),Canada,unmatched-review,,,No exact curated identity match
iea-2026-0349,Ravenna CCS phase 2,Italy,unmatched-review,,,No exact curated identity match
iea-2026-0350,Gevo Net Zero North (ND) (formerly Red Trail Energy BECCS),United States,unmatched-review,,,No exact curated identity match
iea-2026-0351,Redcar Energy Centre EfW,United Kingdom,unmatched-review,,,No exact curated identity match
iea-2026-0352,Redfield Energy biorefinery (ND),United States,unmatched-review,,,No exact curated identity match
iea-2026-0353,CCS Sakakemang,Indonesia,unmatched-review,,,No exact curated identity match
iea-2026-0355,Ringneck Energy & Feed Onida biorefinery (SD),United States,unmatched-review,,,No exact curated identity match
iea-2026-0357,San Juan Generating Station (NM),United States,unmatched-review,,,No exact curated identity match
iea-2026-0362,SHARC Neste,Finland,unmatched-review,,,No exact curated identity match
iea-2026-0363,Calpine Deer Park Energy Center (TX),United States,unmatched-review,,,No exact curated identity match
iea-2026-0364,Shell Netherlands Refineries biodiesel,Netherlands,unmatched-review,,,No exact curated identity match
iea-2026-0365,Shell Netherlands Pernis Refineries CCU,Netherlands,unmatched-review,,,No exact curated identity match
iea-2026-0366,Humber Hub Blue North Killingholme,United Kingdom,unmatched-review,,,No exact curated identity match
iea-2026-0369,Sinopec Nanjing Chemical Industries CCUS Cooperation Project (Jiangsu),People's Republic of China,unmatched-review,,,No exact curated identity match
iea-2026-0370,Sinopec Qilu Petrochemical Shengli (Shandong),People's Republic of China,unmatched-review,,,No exact curated identity match
iea-2026-0372,Siouxland Energy Cooperative Sioux Center biorefinery (IA),United States,unmatched-review,,,No exact curated identity match
iea-2026-0373,Donghae CCS Project (capture sources under evaluation),South Korea,unmatched-review,,,No exact curated identity match
iea-2026-0374,Sleipner,Norway,unmatched-review,,,No exact curated identity match
iea-2026-0375,Snohvit CO2 capture and storage,Norway,unmatched-review,,,No exact curated identity match
iea-2026-0376,South East Australia carbon capture and storage (SEA CCS) hub,Australia,unmatched-review,,,No exact curated identity match
iea-2026-0377,Kwinana Industrial Area CO2 Aggregation Project,Australia,unmatched-review,,,No exact curated identity match
iea-2026-0378,South West Hub Project,Australia,unmatched-review,,,No exact curated identity match
iea-2026-0379,HyNet Hydrogen Production Project (HPP) Plant 1 (Hynet phase 1),United Kingdom,unmatched-review,,,No exact curated identity match
iea-2026-0381,Northeast Scotland DAC,United Kingdom,unmatched-review,,,No exact curated identity match
iea-2026-0384,Suez Tees Valley / Haverton Hill Waste to Energy CCS,United Kingdom,unmatched-review,,,No exact curated identity match
iea-2026-0385,ATCO Heartland hydrogen hub (ALB),Canada,unmatched-review,,,No exact curated identity match
iea-2026-0386,Kanata CarbonHub (ALB),Canada,unmatched-review,,,No exact curated identity match
iea-2026-0387,TA’ZIZ blue ammonia,United Arab Emirates,unmatched-review,,,No exact curated identity match
iea-2026-0389,Terrell Natural Gas Processing Plant (former Val Verde) (TX),United States,unmatched-review,,,No exact curated identity match
iea-2026-0390,Tharaldson Ethanol Casselton biorefinery (ND),United States,unmatched-review,,,No exact curated identity match
iea-2026-0391,The ZEROS project Chambers & Liberty County (Jefferson) (TX),United States,unmatched-review,,,No exact curated identity match
iea-2026-0392,Gonfreville Raffinerie,France,unmatched-review,,,No exact curated identity match
iea-2026-0394,Twence Hengelo facility (Boeldershoek),Netherlands,unmatched-review,,,No exact curated identity match
iea-2026-0395,Uthmaniyah CO2-EOR demonstration,Saudi Arabia,unmatched-review,,,No exact curated identity match
iea-2026-0396,Växjö Energi CHP CCS Sandviksverket,Sweden,unmatched-review,,,No exact curated identity match
iea-2026-0397,Velocys Bayou Fuels (MS),United States,unmatched-review,,,No exact curated identity match
iea-2026-0398,Venture Global LNG Calcasieu Pass CCS (LA),United States,unmatched-review,,,No exact curated identity match
iea-2026-0399,Venture Global LNG CP2 liquefaction facility CCS (LA),United States,unmatched-review,,,No exact curated identity match
iea-2026-0400,Venture Global LNG Plaquemines CCS (LA),United States,unmatched-review,,,No exact curated identity match
iea-2026-0401,Vestforbrænding's Ejby Glostrup incineration plant,Denmark,unmatched-review,,,No exact curated identity match
iea-2026-0402,Viridor Runcorn CCS project,United Kingdom,unmatched-review,,,No exact curated identity match
iea-2026-0403,Viking CCS Phase 1,United Kingdom,unmatched-review,,,No exact curated identity match
iea-2026-0404,Viking CCS Phase 2,United Kingdom,unmatched-review,,,No exact curated identity match
iea-2026-0405,VPI Immingham CHP plant CCS,United Kingdom,unmatched-review,,,No exact curated identity match
iea-2026-0406,Wabash Valley Resources/Wabash CarbonSAFE (IN),United States,unmatched-review,,,No exact curated identity match
iea-2026-0407,Nutrien Redwater Fertilizer (ALB) phase 1,Canada,unmatched-review,,,No exact curated identity match
iea-2026-0408,Whitetail Clean Energy,United Kingdom,unmatched-review,,,No exact curated identity match
iea-2026-0409,Wilhelmshaven Energy Hub BlueHyNow,Germany,unmatched-review,,,No exact curated identity match
iea-2026-0410,Yamal LNG,Russia,unmatched-review,,,No exact curated identity match
iea-2026-0411,Yulin Coal Chemical CCUS (Shaanxi) Phase 1,People's Republic of China,unmatched-review,,,No exact curated identity match
iea-2026-0412,Azur Zeeland Refinery,Netherlands,unmatched-review,,,No exact curated identity match
iea-2026-0414,Linde hydrogen plant for Beaumont New Ammonia (TX),United States,unmatched-review,,,No exact curated identity match
iea-2026-0415,In Salah,Algeria,unmatched-review,,,No exact curated identity match
iea-2026-0434,Climeworks Orca,Iceland,unmatched-review,,,No exact curated identity match
iea-2026-0437,Global thermostat headquarters plant (CO),United States,unmatched-review,,,No exact curated identity match
iea-2026-0440,Sizewell C nuclear-powered DAC Full-scale,United Kingdom,unmatched-review,,,No exact curated identity match
iea-2026-0441,Climeworks Mammoth Project phase 1,Iceland,unmatched-review,,,No exact curated identity match
iea-2026-0442,Daya Bay CCS Hub phase 1 (Guangdong),People's Republic of China,unmatched-review,,,No exact curated identity match
iea-2026-0443,Nanhai petrochemical plant-Capture for Daya bay CCS (Guangdong),People's Republic of China,unmatched-review,,,No exact curated identity match
iea-2026-0444,Daya Bay CCS Hub phase 2 (Guangdong),People's Republic of China,unmatched-review,,,No exact curated identity match
iea-2026-0446,Hynet Northwest phase 3,United Kingdom,unmatched-review,,,No exact curated identity match
iea-2026-0451,Pecos County Ultra Clean Fuels Refining (TX),United States,unmatched-review,,,No exact curated identity match
iea-2026-0453,Dos Bocas refinery,Mexico,unmatched-review,,,No exact curated identity match
iea-2026-0454,HyDEMO (shelved??),Norway,unmatched-review,,,No exact curated identity match
iea-2026-0455,H2GE Rostock,Germany,unmatched-review,,,No exact curated identity match
iea-2026-0458,CF Industries blue ammonia Donaldsonville (LA),United States,unmatched-review,,,No exact curated identity match
iea-2026-0459,CF Industries blue ammonia Yazoo City (MS),United States,unmatched-review,,,No exact curated identity match
iea-2026-0463,MoU ADNOC ENEOS Mitsui Ruwais Industrial Area,United Arab Emirates,unmatched-review,,,No exact curated identity match
iea-2026-0464,Wesfarmers Mitsui WA low-carbon ammonia,Australia,unmatched-review,,,No exact curated identity match
iea-2026-0465,Yara Sluiskil fertiliser,Netherlands,unmatched-review,,,No exact curated identity match
iea-2026-0470,Project Bison (WY) Phase 1,United States,unmatched-review,,,No exact curated identity match
iea-2026-0471,Project Bison (WY) Phase 2,United States,unmatched-review,,,No exact curated identity match
iea-2026-0472,Project Bison (WY) Phase 3,United States,unmatched-review,,,No exact curated identity match
iea-2026-0473,Project Bison (WY) Phase 4,United States,unmatched-review,,,No exact curated identity match
iea-2026-0474,South Texas DAC Hub (TX),United States,unmatched-review,,,No exact curated identity match
iea-2026-0477,Gemini (formerly Denbury Ascension Parish sequestration) (LA),United States,unmatched-review,,,No exact curated identity match
iea-2026-0484,Ascension Clean Energy (ACE) complex (LA) Phase 1,United States,unmatched-review,,,No exact curated identity match
iea-2026-0486,Centrica Equinor hydrogen hub Easington collaboration,United Kingdom,unmatched-review,,,No exact curated identity match
iea-2026-0487,"BlueBonnet Sequestration Hub (Chambers, Liberty, and Jefferson County) (TX)",United States,unmatched-review,,,No exact curated identity match
iea-2026-0492,Alberta Carbon Grid (ALB) phase 2,Canada,unmatched-review,,,No exact curated identity match
iea-2026-0494,Taiwan Cement Hoping/Heping plant,Chinese Taipei,unmatched-review,,,No exact curated identity match
iea-2026-0495,EnLink midstream network (LA),United States,unmatched-review,,,No exact curated identity match
iea-2026-0496,Athabasca Banks Carbon Hub (ALB),Canada,unmatched-review,,,No exact curated identity match
iea-2026-0497,Battle River Carbon Hub (ALB),Canada,unmatched-review,,,No exact curated identity match
iea-2026-0498,Bow River Hub (ALB),Canada,unmatched-review,,,No exact curated identity match
iea-2026-0500,Central Alberta Hub (ALB),Canada,unmatched-review,,,No exact curated identity match
iea-2026-0501,East Calgary Region Carbon Sequestration Hub (ALB),Canada,unmatched-review,,,No exact curated identity match
iea-2026-0502,Grande Prairie Net Zero Gateway (ALB),Canada,unmatched-review,,,No exact curated identity match
iea-2026-0503,Greenview Region CCS Project (ALB),Canada,unmatched-review,,,No exact curated identity match
iea-2026-0504,Maskwa Project (ALB),Canada,unmatched-review,,,No exact curated identity match
iea-2026-0505,North Drumheller Hub (ALB),Canada,unmatched-review,,,No exact curated identity match
iea-2026-0507,Opal Carbon Hub (ALB),Canada,unmatched-review,,,No exact curated identity match
iea-2026-0508,Captus Pincher Creek Carbon Sequestration Hub (ALB),Canada,unmatched-review,,,No exact curated identity match
iea-2026-0509,Project Clear Horizon (ALB),Canada,unmatched-review,,,No exact curated identity match
iea-2026-0510,Ram River Carbon Sequestration Hub (ALB),Canada,unmatched-review,,,No exact curated identity match
iea-2026-0511,Rocky Mountain Carbon Vault (ALB),Canada,unmatched-review,,,No exact curated identity match
iea-2026-0512,Rolling Hills Carbon Sequestration Hub (ALB),Canada,unmatched-review,,,No exact curated identity match
iea-2026-0513,The Grande Prairie CCS Hub (ALB),Canada,unmatched-review,,,No exact curated identity match
iea-2026-0514,Tourmaline Clearwater CCUS (ALB),Canada,unmatched-review,,,No exact curated identity match
iea-2026-0515,Milford Haven CO2 Project (Part of Pembroke Net Zero Centre (PNZC)),United Kingdom,unmatched-review,,,No exact curated identity match
iea-2026-0518,Competitive Power Ventures CCGT (WV),United States,unmatched-review,,,No exact curated identity match
iea-2026-0519,Bacton CCS,United Kingdom,unmatched-review,,,No exact curated identity match
iea-2026-0520,Cstore 1,Australia,unmatched-review,,,No exact curated identity match
iea-2026-0521,Iowa Fertilizer Complex CCS phase 1 (IA),United States,unmatched-review,,,No exact curated identity match
iea-2026-0522,Iowa Fertilizer Complex CCS phase 2 (IA),United States,unmatched-review,,,No exact curated identity match
iea-2026-0523,Reindeer CCS,Australia,unmatched-review,,,No exact curated identity match
iea-2026-0524,Santos Bonaparte Basin storage,Australia,unmatched-review,,,No exact curated identity match
iea-2026-0525,Heidelberg Materials Mitchell plant (IN),United States,unmatched-review,,,No exact curated identity match
iea-2026-0526,Errai storage project,Norway,unmatched-review,,,No exact curated identity match
iea-2026-0527,CO2nnectNow HES Wilhelmshaven Tank Terminal phase 1,Germany,unmatched-review,,,No exact curated identity match
iea-2026-0528,"CO2T (formerly known as NOR-GE, Windershall DEA - Equinor pipeline)",Netherlands-Norway,unmatched-review,,,No exact curated identity match
iea-2026-0530,Luna storage,Norway,unmatched-review,,,No exact curated identity match
iea-2026-0531,Bonaparte CCS Block G-7 AP,Australia,unmatched-review,,,No exact curated identity match
iea-2026-0532,Ghent Carbon Hub,Belgium,unmatched-review,,,No exact curated identity match
iea-2026-0536,Removr Carbfix Polar plant phase 1,Iceland,unmatched-review,,,No exact curated identity match
iea-2026-0539,Carbon Clean CEMEX Rudersdorf plant phase 1,Germany,unmatched-review,,,No exact curated identity match
iea-2026-0540,Cemex Rudersdorf CO2llect,Germany,unmatched-review,,,No exact curated identity match
iea-2026-0541,Air Liquide Shanghai Chemical Industry Park (SCIP) decarbonisation (Shanghai),People's Republic of China,unmatched-review,,,No exact curated identity match
iea-2026-0543,Net Power Odessa gas plant (TX),United States,unmatched-review,,,No exact curated identity match
iea-2026-0545,Ince Bioenergy Carbon Capture and Storage (InBECCS) scaleup,United Kingdom,unmatched-review,,,No exact curated identity match
iea-2026-0546,Protos CO2 network phase 1,United Kingdom,unmatched-review,,,No exact curated identity match
iea-2026-0547,Protos CO2 network phase 2,United Kingdom,unmatched-review,,,No exact curated identity match
iea-2026-0548,Papua LNG CCS,Papua New Guinea,unmatched-review,,,No exact curated identity match
iea-2026-0549,"Arcelormittal Hot Briquetted Iron (HBI) plant, Portland (TX)",United States,unmatched-review,,,No exact curated identity match
iea-2026-0551,LG&E Cane Run NGCC CR7 (KY),United States,unmatched-review,,,No exact curated identity match
iea-2026-0552,Polk Power station NGCC/Polk carbon storage complex (FL),United States,unmatched-review,,,No exact curated identity match
iea-2026-0553,CEMEX Balcones Cement plant (TX),United States,unmatched-review,,,No exact curated identity match
iea-2026-0556,Hover cement works Hannover phase 2,Germany,unmatched-review,,,No exact curated identity match
iea-2026-0557,GO4ZERO Obourg,Belgium,unmatched-review,,,No exact curated identity match
iea-2026-0560,ANRAV-CCUS (Devnya plant),Bulgaria,unmatched-review,,,No exact curated identity match
iea-2026-0561,VAIA HyNoVi project (Vicat Montalieu plant),France,unmatched-review,,,No exact curated identity match
iea-2026-0563,Project Air Perstorp Oxo capture,Sweden,unmatched-review,,,No exact curated identity match
iea-2026-0564,Hyskies Vattenfall CHP Lanzatech,Sweden,unmatched-review,,,No exact curated identity match
iea-2026-0565,Go4ECOPlanet Kujawy,Poland,unmatched-review,,,No exact curated identity match
iea-2026-0567,Medway CCGT power station,United Kingdom,unmatched-review,,,No exact curated identity match
iea-2026-0568,Grain CCGT power station,United Kingdom,unmatched-review,,,No exact curated identity match
iea-2026-0569,Damhead Creek CCGT power station,United Kingdom,unmatched-review,,,No exact curated identity match
iea-2026-0570,Medway Hub CCS,United Kingdom,unmatched-review,,,No exact curated identity match
iea-2026-0571,Longford gas plant,Australia,unmatched-review,,,No exact curated identity match
iea-2026-0572,Co-op Renewable Diesel Complex (SK),Canada,unmatched-review,,,No exact curated identity match
iea-2026-0573,Co-op Belle Plaine Ethanol Complex (SK),Canada,unmatched-review,,,No exact curated identity match
iea-2026-0574,Southeast Saskatchewan CCUS Hub (Belle Plaine and Weyburn) (SK),Canada,unmatched-review,,,No exact curated identity match
iea-2026-0579,Gulf Coast Sequestration Hub Lake Charles (LA),United States,unmatched-review,,,No exact curated identity match
iea-2026-0581,Grandpuits biorefinery,France,unmatched-review,,,No exact curated identity match
iea-2026-0582,Arcelor Mittal Air Liquide Low-carbon steel,France,unmatched-review,,,No exact curated identity match
iea-2026-0583,Energy Recovery Facility Edmonton EcoPark,United Kingdom,unmatched-review,,,No exact curated identity match
iea-2026-0585,Antwerp@C CO2 Export Hub phase 2,Belgium,unmatched-review,,,No exact curated identity match
iea-2026-0586,Chevron Mitsui CO2 shipping SGP-AUS,Singapore-Australia,unmatched-review,,,No exact curated identity match
iea-2026-0589,Stanlow Oil Refinery,United Kingdom,unmatched-review,,,No exact curated identity match
iea-2026-0591,Beishui cement CCUS project (Beijing),People's Republic of China,unmatched-review,,,No exact curated identity match
iea-2026-0592,Jidong cement carbon capture project (Hebei),People's Republic of China,unmatched-review,,,No exact curated identity match
iea-2026-0593,Huaneng Longdong Energy base/Zhengning coal power plant (Gansu),People's Republic of China,unmatched-review,,,No exact curated identity match
iea-2026-0598,BIGST gas fiels Cluster Heads of Agreement,Malaysia,unmatched-review,,,No exact curated identity match
iea-2026-0599,Carbon TerraVault 1: Lone Cypress Hydrogen project (CA),United States,unmatched-review,,,No exact curated identity match
iea-2026-0601,Jubail CCS Hub (*capture sources under evaluation),Saudi Arabia,unmatched-review,,,No exact curated identity match
iea-2026-0604,Battle River clean hydrogen for power station (AB),Canada,unmatched-review,,,No exact curated identity match
iea-2026-0605,Exshaw Cement Carbon Capture (ALB),Canada,unmatched-review,,,No exact curated identity match
iea-2026-0607,Athabasca Leismer project (ALB),Canada,unmatched-review,,,No exact curated identity match
iea-2026-0608,Nutrien Redwater Fertilizer (ALB) phase 2,Canada,unmatched-review,,,No exact curated identity match
iea-2026-0609,Hinton Bioenergy CCS project (ALB),Canada,unmatched-review,,,No exact curated identity match
iea-2026-0610,Suncor Edmonton Refinery - Fluid Catalytic Cracker Capture (ALB),Canada,unmatched-review,,,No exact curated identity match
iea-2026-0611,Shepard Energy Centre (SEC) (ALB),Canada,unmatched-review,,,No exact curated identity match
iea-2026-0616,"Integratred clean ammonia production, Port of Corpus Christi (TX) phase 1",United States,unmatched-review,,,No exact curated identity match
iea-2026-0617,"Integratred clean ammonia production, Port of Corpus Christi (TX) phase 2",United States,unmatched-review,,,No exact curated identity match
iea-2026-0618,Omifco ammonia capture,Oman,unmatched-review,,,No exact curated identity match
iea-2026-0622,Structure A&E,Lybia,unmatched-review,,,No exact curated identity match
iea-2026-0624,Rohm chemical plant (x2),Germany,unmatched-review,,,No exact curated identity match
iea-2026-0626,Carbon America Bridgeport Ethanol - Voyager carbon storage (NE),United States,unmatched-review,,,No exact curated identity match
iea-2026-0627,ADM Columbus Wet Mill (NE),United States,unmatched-review,,,No exact curated identity match
iea-2026-0628,Bayu-Undan field storage hub Timor-Leste phase 2,Australia-Timor Leste,unmatched-review,,,No exact curated identity match
iea-2026-0629,Woodside Browse CCS Assessment,Australia,unmatched-review,,,No exact curated identity match
iea-2026-0630,Geovault Canning Basin CCS Assessment,Australia,unmatched-review,,,No exact curated identity match
iea-2026-0635,Rockpoint and Inter Pipeline Carbon Sequestration Hub (AB),Canada,unmatched-review,,,No exact curated identity match
iea-2026-0636,CF Fertilisers Billingham Ammonia CCS,United Kingdom,unmatched-review,,,No exact curated identity match
iea-2026-0637,Rookery South Energy Recovery Facility (ERF),United Kingdom,unmatched-review,,,No exact curated identity match
iea-2026-0638,Buxton Lime Net Zero,United Kingdom,unmatched-review,,,No exact curated identity match
iea-2026-0639,Tees Valley Energy Recovery Facility (TVERF),United Kingdom,unmatched-review,,,No exact curated identity match
iea-2026-0640,ZerCal250,United Kingdom,unmatched-review,,,No exact curated identity match
iea-2026-0642,Guanghui Energy CCUS integration project Phase 1 (Xinjiang),People's Republic of China,unmatched-review,,,No exact curated identity match
iea-2026-0643,Jiling Petrochemical CCUS (Nanjing refinery) (Jiangsu) phase 1,People's Republic of China,unmatched-review,,,No exact curated identity match
iea-2026-0645,BIR Waste-to-Energy Bergen,Norway,unmatched-review,,,No exact curated identity match
iea-2026-0646,KVA Linth Waste-to-Energy Niederurnen,Switzerland,unmatched-review,,,No exact curated identity match
iea-2026-0647,Oceania CCS (capture sources under evaluation),Japan,unmatched-review,,,No exact curated identity match
iea-2026-0648,ECO2CEE (previously Poland EU CCS Interconnector) phase 3,"Poland, Latvia, Lithuania",unmatched-review,,,No exact curated identity match
iea-2026-0649,ECO2Normandy phase 1,France,unmatched-review,,,No exact curated identity match
iea-2026-0652,Callisto Mediterranean CO2 Network phase 1,France-Italy,unmatched-review,,,No exact curated identity match
iea-2026-0653,Callisto Mediterranean CO2 Network phase 2,France-Italy,unmatched-review,,,No exact curated identity match
iea-2026-0654,C Zero phase 1,Germany-Netherlands,unmatched-review,,,No exact curated identity match
iea-2026-0655,C Zero phase 2,Germany-Netherlands,unmatched-review,,,No exact curated identity match
iea-2026-0656,C Zero phase 3,Germany-Netherlands,unmatched-review,,,No exact curated identity match
iea-2026-0657,OLYMPUS Holcim Milaki,Greece,unmatched-review,,,No exact curated identity match
iea-2026-0658,KOdeCO net zero project (Koromačno),Croatia,unmatched-review,,,No exact curated identity match
iea-2026-0659,Weyburn-Midale storage (SK),Canada,unmatched-review,,,No exact curated identity match
iea-2026-0660,Heidelberg Materials CBR Antoing Cement Plant (Anthemis),Belgium,unmatched-review,,,No exact curated identity match
iea-2026-0661,EU2NSEA PCI Project,Norway,unmatched-review,,,No exact curated identity match
iea-2026-0662,Marquis Industrial Complex (IL),United States,unmatched-review,,,No exact curated identity match
iea-2026-0663,Hoosier 1 (Cardinal ethanol facility) (IN),United States,unmatched-review,,,No exact curated identity match
iea-2026-0664,"CO2 TransPorts phase 2 (cross-border pipeline, phase 1 is Porthos and Antwerp?)",Belgium-Netherlands,unmatched-review,,,No exact curated identity match
iea-2026-0666,Tohoku Region West Coast CCS,Japan,unmatched-review,,,No exact curated identity match
iea-2026-0667,Tomakomai area CCS,Japan,unmatched-review,,,No exact curated identity match
iea-2026-0669,MOL Szank field CO2 EOR,Hungary,unmatched-review,,,No exact curated identity match
iea-2026-0670,Gassum storage/Fyrkat network (Norne carbon storage hub),Denmark,unmatched-review,,,No exact curated identity match
iea-2026-0671,Havnso storage/Trelleborg network (Norne carbon storage hub),Denmark,unmatched-review,,,No exact curated identity match
iea-2026-0672,Port of Aalborg terminal and pipeline to Fyrkat (Norne carbon storage hub),Denmark,unmatched-review,,,No exact curated identity match
iea-2026-0673,Port of Kalundborg terminal and pipeline to Trelleborg phase 1 (Norne carbon storage hub),Denmark,unmatched-review,,,No exact curated identity match
iea-2026-0674,Port of Kalundborg terminal and pipeline to Trelleborg phase 2 (Norne carbon storage hub),Denmark,unmatched-review,,,No exact curated identity match
iea-2026-0675,German carbon transport grid,Germany,unmatched-review,,,No exact curated identity match
iea-2026-0676,Equinor Smeaheia storage phase 2,Norway,unmatched-review,,,No exact curated identity match
iea-2026-0677,North Sea CO2 corridor (Zeebrugge - Germany),Belgium-Germany,unmatched-review,,,No exact curated identity match
iea-2026-0678,WH2V therminal (Wilhelshaven green energy hub phase 1),Multiple Europe,unmatched-review,,,No exact curated identity match
iea-2026-0679,NL CCS Direct Injection Phase 1,Netherlands,unmatched-review,,,No exact curated identity match
iea-2026-0680,RWE Eemshaven power plant (BECCUS project),Netherlands,unmatched-review,,,No exact curated identity match
iea-2026-0681,RWE Amer power plant (BECCUS project),Netherlands,unmatched-review,,,No exact curated identity match
iea-2026-0682,Project Bifrost Phase 2,Denmark,unmatched-review,,,No exact curated identity match
iea-2026-0683,"CCS Baltic Consortium, Klapeida terminal",Latvia-Lithuania,unmatched-review,,,No exact curated identity match
iea-2026-0684,Geothermal CCS Croatia,Croatia,unmatched-review,,,No exact curated identity match
iea-2026-0685,PYCASSO hub phase 2 - northern and cross-border pipeline,France-Spain,unmatched-review,,,No exact curated identity match
iea-2026-0686,Buzzi Unicem Augusta cement plant,Italy,unmatched-review,,,No exact curated identity match
iea-2026-0687,Augusta C2,Italy-Greece,unmatched-review,,,No exact curated identity match
iea-2026-0688,Prinos CCS phase 1,Greece,unmatched-review,,,No exact curated identity match
iea-2026-0689,Prinos CCS phase 2,Greece,unmatched-review,,,No exact curated identity match
iea-2026-0690,Prinos sigma plant,Greece,unmatched-review,,,No exact curated identity match
iea-2026-0691,Burns Harbour (IN),United States,unmatched-review,,,No exact curated identity match
iea-2026-0695,Advanced CO2 Capture from Hydrogen Production Unit at Phillips 66 Rodeo Refinery (CA),United States,unmatched-review,,,No exact curated identity match
iea-2026-0696,Linde-BASF capture SMR plant Covent (LA),United States,unmatched-review,,,No exact curated identity match
iea-2026-0697,Blue Bison ATR advanced CCUS system (WY),United States,unmatched-review,,,No exact curated identity match
iea-2026-0698,Calpine Delta Energy Center (CA),United States,unmatched-review,,,No exact curated identity match
iea-2026-0699,Carbon Capture Retrofit at Sherman Generating Station (TX),United States,unmatched-review,,,No exact curated identity match
iea-2026-0700,CO2 capture at Duke Energy's East Bend Station (KY),United States,unmatched-review,,,No exact curated identity match
iea-2026-0701,Calpine Baytown Energy Center (Baytown decarbonization project) (TX),United States,unmatched-review,,,No exact curated identity match
iea-2026-0702,Shell Deer Park Chemical complex (TX),United States,unmatched-review,,,No exact curated identity match
iea-2026-0703,North Dakota CarbonSAFE (ND),United States,unmatched-review,,,No exact curated identity match
iea-2026-0704,J-Power Sumitomo joint feasibility clean hydrogen Latrobe Valley (VI),Australia,unmatched-review,,,No exact curated identity match
iea-2026-0705,Viking CCS Phase 3,United Kingdom,unmatched-review,,,No exact curated identity match
iea-2026-0706,RWE CCGT Staythorpe,United Kingdom,unmatched-review,,,No exact curated identity match
iea-2026-0708,Central Louisiana Regional Carbon Storage (CENLA) Hub (Wilcox) (LA) phase 1,United States,unmatched-review,,,No exact curated identity match
iea-2026-0709,Haynesville Shale natural gas (LA),United States,unmatched-review,,,No exact curated identity match
iea-2026-0710,Trudvang storage project (EXL007),Norway,unmatched-review,,,No exact curated identity match
iea-2026-0711,Coastal Bend Carbon Management Project (TX),United States,unmatched-review,,,No exact curated identity match
iea-2026-0712,Coastal Bend Offshore CO2 Storage (TX),United States,unmatched-review,,,No exact curated identity match
iea-2026-0713,Tulare County Carbon Storage Project (CA),United States,unmatched-review,,,No exact curated identity match
iea-2026-0714,Carbon Storage Complex Southeastern Michigan (MI),United States,unmatched-review,,,No exact curated identity match
iea-2026-0715,Mitchell CarbonSAFE (IN),United States,unmatched-review,,,No exact curated identity match
iea-2026-0716,Sutter Decarbonization Project (CA),United States,unmatched-review,,,No exact curated identity match
iea-2026-0717,Project OASIS Shelby County (AL),United States,unmatched-review,,,No exact curated identity match
iea-2026-0718,Project Lochridge (Gulf of Mexico CCS Partnership Hub) (LA),United States,unmatched-review,,,No exact curated identity match
iea-2026-0719,Roughrider Carbon Storage Hub (ND),United States,unmatched-review,,,No exact curated identity match
iea-2026-0720,Unita Basin Carbon SAFE (UT),United States,unmatched-review,,,No exact curated identity match
iea-2026-0721,Calpine Hermiston Power/HERO Basalt CarbonSafe (OR),United States,unmatched-review,,,No exact curated identity match
iea-2026-0725,CO₂ EOR Project Croatia - Žutica South,Croatia,unmatched-review,,,No exact curated identity match
iea-2026-0726,Kutina Petrokemija ammonia (ICORD project?),Croatia,unmatched-review,,,No exact curated identity match
iea-2026-0727,Kalundborg refinery project,Denmark,unmatched-review,,,No exact curated identity match
iea-2026-0729,ARGO waste-to-energy plant,Denmark,unmatched-review,,,No exact curated identity match
iea-2026-0730,BIOFOS Carbon Capture Project,Denmark,unmatched-review,,,No exact curated identity match
iea-2026-0732,DREAM- Decarbonisation of the Rezzato and Mazzano cement plant,Italy,unmatched-review,,,No exact curated identity match
iea-2026-0733,Getica CCS - Turceni power plant,Romania,unmatched-review,,,No exact curated identity match
iea-2026-0745,Danube Removals,Hungary,unmatched-review,,,No exact curated identity match
iea-2026-0746,Norvik Infrastructure CCS East (NICE),Sweden,unmatched-review,,,No exact curated identity match
iea-2026-0747,Cypress DAC Hub (LA),United States,unmatched-review,,,No exact curated identity match
iea-2026-0748,Carbon Capture on Air Liquide US Gulf Coast Steam Methane Reformer Using the CryocapTM FG Process (TX),United States,unmatched-review,,,No exact curated identity match
iea-2026-0749,Combined Carbon Capture Solution on Air Liquide South Texas Steam Methane Reformer (TX),United States,unmatched-review,,,No exact curated identity match
iea-2026-0751,3D DMX ArcelorMittal and IFPEN Dunkirk 'REUZE',France,unmatched-review,,,No exact curated identity match
iea-2026-0752,e-Alto,United Kingdom,unmatched-review,,,No exact curated identity match
iea-2026-0753,HIF Tasmania eFuels Facility (TAS),Australia,unmatched-review,,,No exact curated identity match
iea-2026-0756,Asnæs Power Station,Denmark,unmatched-review,,,No exact curated identity match
iea-2026-0757,Avedøre Power Station CCU (Green Fuels for Denmark),Denmark,unmatched-review,,,No exact curated identity match
iea-2026-0760,Ramba CCUS/EOR,Indonesia,unmatched-review,,,No exact curated identity match
iea-2026-0761,Central Sumatera Basin CCUS hub,Indonesia,unmatched-review,,,No exact curated identity match
iea-2026-0762,Sunda Asri Basin CCUS hub,Indonesia,unmatched-review,,,No exact curated identity match
iea-2026-0764,Gemah field EOR,Indonesia,unmatched-review,,,No exact curated identity match
iea-2026-0765,Kutai Basin CCUS hub,Indonesia,unmatched-review,,,No exact curated identity match
iea-2026-0768,Peak cluster transport,United Kingdom,unmatched-review,,,No exact curated identity match
iea-2026-0769,Trailblazer CO2 pipeline (NE)(WY),United States,unmatched-review,,,No exact curated identity match
iea-2026-0770,Drax US BECCS plant 1,United States,unmatched-review,,,No exact curated identity match
iea-2026-0771,Drax US BECCS plant 2,United States,unmatched-review,,,No exact curated identity match
iea-2026-0772,STARFISH project (Havstjerne CO2 storage/Altera Stella Maris CCS Project Phase 1),Norway,unmatched-review,,,No exact curated identity match
iea-2026-0773,Ferrybridge EfW,United Kingdom,unmatched-review,,,No exact curated identity match
iea-2026-0774,Navigator Terminal train,United Kingdom,unmatched-review,,,No exact curated identity match
iea-2026-0775,Poseidon CO2 storage,Norway,unmatched-review,,,No exact curated identity match
iea-2026-0777,Joint study CCS value chain Japan Malaysia steel,Japan-Malaysia,unmatched-review,,,No exact curated identity match
iea-2026-0779,Fortum waste solutions Nyborg,Denmark,unmatched-review,,,No exact curated identity match
iea-2026-0784,Project Ruby (Rodby) phase 1,Denmark,unmatched-review,,,No exact curated identity match
iea-2026-0785,Project Ruby (Rodby) phase 2,Denmark,unmatched-review,,,No exact curated identity match
iea-2026-0786,Stenlille project (CO2RYLUS),Denmark,unmatched-review,,,No exact curated identity match
iea-2026-0788,Yara Pilbara ammonia,Australia,unmatched-review,,,No exact curated identity match
iea-2026-0789,WAH2 Clean Ammonia Project - phase 1,Australia,unmatched-review,,,No exact curated identity match
iea-2026-0790,WAH2 Clean Ammonia Project - phase 2,Australia,unmatched-review,,,No exact curated identity match
iea-2026-0791,Pembina& Marubeni Hydrogen and Ammonia Complex (AB),Canada,unmatched-review,,,No exact curated identity match
iea-2026-0792,CarbonSAFE Eos (CO),United States,unmatched-review,,,No exact curated identity match
iea-2026-0793,Magnolia sequestration hub (Allen Parish) (LA),United States,unmatched-review,,,No exact curated identity match
iea-2026-0794,Longleaf CCS (AL),United States,unmatched-review,,,No exact curated identity match
iea-2026-0795,Timberland Sequestration project (AL),United States,unmatched-review,,,No exact curated identity match
iea-2026-0796,Illinois Basin West CarbonSAFE (IL),United States,unmatched-review,,,No exact curated identity match
iea-2026-0797,Sweetwater Carbon Storage Hub (SCS Hub) (WY),United States,unmatched-review,,,No exact curated identity match
iea-2026-0798,Project WyoTCH pipeline (WY),United States,unmatched-review,,,No exact curated identity match
iea-2026-0799,Port of Corpus Christi-Mississippi pipeline (TX),United States,unmatched-review,,,No exact curated identity match
iea-2026-0800,Houston-Galveston pipeline (TX),United States,unmatched-review,,,No exact curated identity match
iea-2026-0802,Nihon Shipyard Mistubishi Shipbuilding JV LCO2 carrier,Japan,unmatched-review,,,No exact curated identity match
iea-2026-0803,Removr Carbfix Polar plant phase 2,Iceland,unmatched-review,,,No exact curated identity match
iea-2026-0804,RWE CCGT Stallingborough,United Kingdom,unmatched-review,,,No exact curated identity match
iea-2026-0805,Nucor Steel Convent plant (LA),United States,unmatched-review,,,No exact curated identity match
iea-2026-0806,ExxonMobil Vermilion parish storage: Pecan island (LA),United States,unmatched-review,,,No exact curated identity match
iea-2026-0809,Aluminium Dunkerque feasibility study,France,unmatched-review,,,No exact curated identity match
iea-2026-0810,Metropolitan Area CCS (capture sources under evaluation),Japan,unmatched-review,,,No exact curated identity match
iea-2026-0811,Offshore Western Kyushu CCS,Japan,unmatched-review,,,No exact curated identity match
iea-2026-0812,Offshore Malay CCS (capture sources under evaluation),Japan-Malaysia,unmatched-review,,,No exact curated identity match
iea-2026-0813,CEIC-CNPC CCUS-EOR demonstration (Ningxia) Phase 1,People's Republic of China,unmatched-review,,,No exact curated identity match
iea-2026-0814,Aemetis CCS (CA),United States,unmatched-review,,,No exact curated identity match
iea-2026-0815,Pelican sequestration hub (Livingston Parish) (LA),United States,unmatched-review,,,No exact curated identity match
iea-2026-0816,ADM Decatur Campus CO2 Storage Site Expansion (IL),United States,unmatched-review,,,No exact curated identity match
iea-2026-0818,Hydrogen to Humber (H2H) Saltend phase 2,United Kingdom,unmatched-review,,,No exact curated identity match
iea-2026-0819,H2-gateway,Netherlands,unmatched-review,,,No exact curated identity match
iea-2026-0820,Eleusis oil refinery (Elefsina),Greece,unmatched-review,,,No exact curated identity match
iea-2026-0826,Yara-BASF Gulf Coast,United States,unmatched-review,,,No exact curated identity match
iea-2026-0829,"Mote biomass-to-hydrogen plant, 2nd facility (CA)",United States,unmatched-review,,,No exact curated identity match
iea-2026-0830,Babcock & Wilcox’s (LA),United States,unmatched-review,,,No exact curated identity match
iea-2026-0831,Alberta Carbon Trunk Line (ACTL) - Edmonton Connector Phase 2 (AB),Canada,unmatched-review,,,No exact curated identity match
iea-2026-0835,Midland Basin project: Dusek CCS (TX),United States,unmatched-review,,,No exact curated identity match
iea-2026-0836,Carbon reduced Ammonia plant St Rose (LA),United States,unmatched-review,,,No exact curated identity match
iea-2026-0837,Stryde CO2 storage assessment Brazil,Brazil,unmatched-review,,,No exact curated identity match
iea-2026-0838,Great Carbon Valley DAC,Kenya,unmatched-review,,,No exact curated identity match
iea-2026-0839,Libra (LA),United States,unmatched-review,,,No exact curated identity match
iea-2026-0840,Mountaineer Gigasystem (WV) Phase 1,United States,unmatched-review,,,No exact curated identity match
iea-2026-0841,Equinor Smeaheia storage phase 1 (start up phase),Norway,unmatched-review,,,No exact curated identity match
iea-2026-0845,UK Poseidon CCS project phase 1,United Kingdom,unmatched-review,,,No exact curated identity match
iea-2026-0846,UK Poseidon CCS project phase 2,United Kingdom,unmatched-review,,,No exact curated identity match
iea-2026-0847,UK Poseidon CCS project phase 3,United Kingdom,unmatched-review,,,No exact curated identity match
iea-2026-0849,Enquest CCS Project,United Kingdom,unmatched-review,,,No exact curated identity match
iea-2026-0850,Orion CCS Project Phase 1,United Kingdom,unmatched-review,,,No exact curated identity match
iea-2026-0851,Orion CCS Project Phase 2,United Kingdom,unmatched-review,,,No exact curated identity match
iea-2026-0853,Tellus CCS - CS020 (Area 1),United Kingdom,unmatched-review,,,No exact curated identity match
iea-2026-0854,Tellus CCS - CS021 (Area 5),United Kingdom,unmatched-review,,,No exact curated identity match
iea-2026-0855,Tellus CCS - CS022 (Area 7),United Kingdom,unmatched-review,,,No exact curated identity match
iea-2026-0856,Humberside CCS with Shell and Esso,United Kingdom,unmatched-review,,,No exact curated identity match
iea-2026-0857,Gas power CCUS MoU,Indonesia,unmatched-review,,,No exact curated identity match
iea-2026-0858,Nagoya port cluster (capture sources under evaluation),Japan-Indonesia,unmatched-review,,,No exact curated identity match
iea-2026-0863,Corpus Christi carbon storage hub (TX),United States,unmatched-review,,,No exact curated identity match
iea-2026-0864,Cameron Parish CO2 hub (LA),United States,unmatched-review,,,No exact curated identity match
iea-2026-0865,Orion (AL),United States,unmatched-review,,,No exact curated identity match
iea-2026-0866,Leo (MS),United States,unmatched-review,,,No exact curated identity match
iea-2026-0867,Lorain CCS (OH),United States,unmatched-review,,,No exact curated identity match
iea-2026-0868,Linden (IN),United States,unmatched-review,,,No exact curated identity match
iea-2026-0869,ADM Maroa/Forsyth CO2 Storage Site Development (IL),United States,unmatched-review,,,No exact curated identity match
iea-2026-0870,Heartland Greenway Storage (HGSS) NVC-1 (IL),United States,unmatched-review,,,No exact curated identity match
iea-2026-0871,Heartland Greenway Storage: Vervain (IL),United States,unmatched-review,,,No exact curated identity match
iea-2026-0872,Heartland Greenway Storage: Compass (IL),United States,unmatched-review,,,No exact curated identity match
iea-2026-0873,Minerva (LA),United States,unmatched-review,,,No exact curated identity match
iea-2026-0874,Goose Lake (LA),United States,unmatched-review,,,No exact curated identity match
iea-2026-0875,LA CCS (LA),United States,unmatched-review,,,No exact curated identity match
iea-2026-0876,El Camino (LA),United States,unmatched-review,,,No exact curated identity match
iea-2026-0877,Orchard (TX),United States,unmatched-review,,,No exact curated identity match
iea-2026-0878,River Parish Sequestration (LA),United States,unmatched-review,,,No exact curated identity match
iea-2026-0879,Diamond Vault (LA),United States,unmatched-review,,,No exact curated identity match
iea-2026-0880,Draco (LA),United States,unmatched-review,,,No exact curated identity match
iea-2026-0881,Aries (LA),United States,unmatched-review,,,No exact curated identity match
iea-2026-0883,Pegasus (LA),United States,unmatched-review,,,No exact curated identity match
iea-2026-0884,Dorado (TX),United States,unmatched-review,,,No exact curated identity match
iea-2026-0885,Virgo (LA),United States,unmatched-review,,,No exact curated identity match
iea-2026-0886,Corvus (WY),United States,unmatched-review,,,No exact curated identity match
iea-2026-0887,Cygnus (WY),United States,unmatched-review,,,No exact curated identity match
iea-2026-0888,Harvest Bend CCS White Castle (LA),United States,unmatched-review,,,No exact curated identity match
iea-2026-0889,Osage CCS 1 (OK),United States,unmatched-review,,,No exact curated identity match
iea-2026-0890,San Joaquin Renewables BCCS (CA),United States,unmatched-review,,,No exact curated identity match
iea-2026-0892,Carbon TerraVault 2 (CA),United States,unmatched-review,,,No exact curated identity match
iea-2026-0893,Carbon TerraVault 3 (CA),United States,unmatched-review,,,No exact curated identity match
iea-2026-0894,Carbon TerraVault 4 (CA),United States,unmatched-review,,,No exact curated identity match
iea-2026-0895,Carbon TerraVault 5 (CA),United States,unmatched-review,,,No exact curated identity match
iea-2026-0896,CarbonFrontier (CA),United States,unmatched-review,,,No exact curated identity match
iea-2026-0897,Russel CO2 storage complex (KS),United States,unmatched-review,,,No exact curated identity match
iea-2026-0900,Pelican Rindge Tract CCS Project (CA),United States,unmatched-review,,,No exact curated identity match
iea-2026-0901,Montezuma NorCal Carbon Hub (CA),United States,unmatched-review,,,No exact curated identity match
iea-2026-0902,Carbon TerraVault 1: Verde (CA),United States,unmatched-review,,,No exact curated identity match
iea-2026-0903,Carbon TerraVault 1: InEnTec (CA),United States,unmatched-review,,,No exact curated identity match
iea-2026-0904,Tranmere and Stanlow Terminal,United Kingdom,unmatched-review,,,No exact curated identity match
iea-2026-0905,Parc Adfer CCS,United Kingdom,unmatched-review,,,No exact curated identity match
iea-2026-0906,Sharjah Hub,United Arab Emirates,unmatched-review,,,No exact curated identity match
iea-2026-0907,The Bluestreak CO2 Joint Venture,United Kingdom,unmatched-review,,,No exact curated identity match
iea-2026-0909,Filer City Station plant (MI),United States,unmatched-review,,,No exact curated identity match
iea-2026-0916,HyNet Hydrogen Production Project (HPP) Plant 2 (Hynet phase 2),United Kingdom,unmatched-review,,,No exact curated identity match
iea-2026-0917,Gismarvik CO2 hub,Norway,unmatched-review,,,No exact curated identity match
iea-2026-0919,SK E&S Honeywell gas power plant,South Korea,unmatched-review,,,No exact curated identity match
iea-2026-0920,Aker Carbon Capture mineral production (unknown facilities),United States,unmatched-review,,,No exact curated identity match
iea-2026-0921,Oxy/ADNOC UAE DAC,United Arab Emirates,unmatched-review,,,No exact curated identity match
iea-2026-0923,Gulf Coast Hydrogen Hub HyVelocity (TX),United States,unmatched-review,,,No exact curated identity match
iea-2026-0924,CEIC-CNPC CCUS-EOR demonstration (Ningxia) Phase 2,People's Republic of China,unmatched-review,,,No exact curated identity match
iea-2026-0925,CEIC-CNPC CCUS-EOR demonstration (Ningxia) Phase 3,People's Republic of China,unmatched-review,,,No exact curated identity match
iea-2026-0926,CEIC-CNPC CCUS-EOR demonstration (Ningxia) Phase 3 (dedicated storage),People's Republic of China,unmatched-review,,,No exact curated identity match
iea-2026-0928,ADNOC CO2 storage hub (Phase 2 of fertiglobe pilot),United Arab Emirates,unmatched-review,,,No exact curated identity match
iea-2026-0929,Yulin Energy Chemical (Shaanxi),People's Republic of China,unmatched-review,,,No exact curated identity match
iea-2026-0930,Yulin Coal Chemical CCUS (Shaanxi) Phase 2,People's Republic of China,unmatched-review,,,No exact curated identity match
iea-2026-0931,CPNC coal power Baijiantan Karamay (Xinjiang) Phase 1,People's Republic of China,unmatched-review,,,No exact curated identity match
iea-2026-0933,Mountaineer Gigasystem (WV) Phase 2,United States,unmatched-review,,,No exact curated identity match
iea-2026-0934,Mountaineer Gigasystem (WV) Phase 3,United States,unmatched-review,,,No exact curated identity match
iea-2026-0935,Mountaineer Gigasystem (WV) Phase 4,United States,unmatched-review,,,No exact curated identity match
iea-2026-0937,Tohoku Region West Coast CCS - Kyushu Works Oita Area,Japan,unmatched-review,,,No exact curated identity match
iea-2026-0938,Tohoku Region West Coast CCS - Kawasaki Plant of DC CO,Japan,unmatched-review,,,No exact curated identity match
iea-2026-0939,CO-Creator Pilot Startup program DACCS,Iceland,unmatched-review,,,No exact curated identity match
iea-2026-0940,Waste-to-energy Aker Carbon Capture (unknown facility),France,unmatched-review,,,No exact curated identity match
iea-2026-0946,"Nordbex 1, Nybro",Sweden,unmatched-review,,,No exact curated identity match
iea-2026-0947,East Kalimantan CCUS hub,Indonesia,unmatched-review,,,No exact curated identity match
iea-2026-0948,JSA Pertamina Chevron East Kalimantan,Indonesia,unmatched-review,,,No exact curated identity match
iea-2026-0949,Bapco MOL CCUS value chain,Bahrain,unmatched-review,,,No exact curated identity match
iea-2026-0950,CO2NEXT terminal phase 1,Netherlands,unmatched-review,,,No exact curated identity match
iea-2026-0951,CO2NEXT terminal phase 2,Netherlands,unmatched-review,,,No exact curated identity match
iea-2026-0952,Deep Sky Alpha phase 1 (AB),Canada,unmatched-review,,,No exact curated identity match
iea-2026-0956,Commonwealth LNG CCS (LA),United States,unmatched-review,,,No exact curated identity match
iea-2026-0957,Joint study CCS value chain Japan Malaysia phase 1 (M3 CCS Project/Eastern CCS Hub project),Japan-Malaysia,unmatched-review,,,No exact curated identity match
iea-2026-0958,Joint study CCS value chain Japan Malaysia phase 2 (M3 CCS Project/Eastern CCS Hub project),Japan-Malaysia,unmatched-review,,,No exact curated identity match
iea-2026-0959,William Echo Springs CarbonSAFE (WY),United States,unmatched-review,,,No exact curated identity match
iea-2026-0960,Southeastern Illinois Basin CarbonSAFE (KT),United States,unmatched-review,,,No exact curated identity match
iea-2026-0962,CarbonSAFE Illinois Storage Corridor (IL),United States,unmatched-review,,,No exact curated identity match
iea-2026-0963,Coal creek capture: site characterisation and permitting (ND),United States,unmatched-review,,,No exact curated identity match
iea-2026-0964,San Juan Basin CarbonSAFE (NM),United States,unmatched-review,,,No exact curated identity match
iea-2026-0965,Limeco Waste-to-Energy Dietikon,Switzerland,unmatched-review,,,No exact curated identity match
iea-2026-0968,INNOZHERO Filbornaverket plant Helsingborg,Sweden,unmatched-review,,,No exact curated identity match
iea-2026-0971,Virginia CarbonSafe storage (VA),United States,unmatched-review,,,No exact curated identity match
iea-2026-0972,CANstore (CA),United States,unmatched-review,,,No exact curated identity match
iea-2026-0973,Atlantic Coast CO2 Emissions Storage Sink (ACCESS) (FL),United States,unmatched-review,,,No exact curated identity match
iea-2026-0974,Red Hills CO2 storage hub (MS),United States,unmatched-review,,,No exact curated identity match
iea-2026-0975,Ackerman Combined Cycle Plant (MS),United States,unmatched-review,,,No exact curated identity match
iea-2026-0976,Alaska Railbelt CCS Project (AK),United States,unmatched-review,,,No exact curated identity match
iea-2026-0977,Susitna Power Plant (AK),United States,unmatched-review,,,No exact curated identity match
iea-2026-0978,Monkey Island carbon storage project (LA),United States,unmatched-review,,,No exact curated identity match
iea-2026-0979,"Project Crossroads (IN, IL, MI)",United States,unmatched-review,,,No exact curated identity match
iea-2026-0980,Whiting Refinery,United States,unmatched-review,,,No exact curated identity match
iea-2026-0981,Four corners carbon storage hub (NM),United States,unmatched-review,,,No exact curated identity match
iea-2026-0982,Phoenix project (TX),United States,unmatched-review,,,No exact curated identity match
iea-2026-0983,Oak Grove CCS hub (Tri-state CCS hub) (PA),United States,unmatched-review,,,No exact curated identity match
iea-2026-0985,Tracy DAC facility,United States,unmatched-review,,,No exact curated identity match
iea-2026-0988,FlagshipTWO Sundsvall Korstaverket plant,Sweden,unmatched-review,,,No exact curated identity match
iea-2026-0989,Sundsvall Korstaverket plant CCS,Sweden,unmatched-review,,,No exact curated identity match
iea-2026-0990,FlagshipTHREE Umea Dava plant CCU,Sweden,unmatched-review,,,No exact curated identity match
iea-2026-0994,Waste to energy CCU to TES Wilhemshaven (unknown facility),Germany,unmatched-review,,,No exact curated identity match
iea-2026-0996,Delaware Basin hub (Loving CCS hub) (TX),United States,unmatched-review,,,No exact curated identity match
iea-2026-0998,Tambak Lorok Gas-Fired Power Plant,Indonesia,unmatched-review,,,No exact curated identity match
iea-2026-0999,Lake Charles low carbon ammonia (LA),United States,unmatched-review,,,No exact curated identity match
iea-2026-1000,Northern Gulf of Thailand CCS Exploration project,Thailand,unmatched-review,,,No exact curated identity match
iea-2026-1009,"CO2NNECTION Central Appalachian Basin hub (OH, PA, WV)",United States,unmatched-review,,,No exact curated identity match
iea-2026-1010,"Appalachian basin storage MoU/Capio sequestration (OH, PA, WV)",United States,unmatched-review,,,No exact curated identity match
iea-2026-1011,Tampa Regional Intermodal Carbon HUB (T-RICH) (FL),United States,unmatched-review,,,No exact curated identity match
iea-2026-1012,GeZero carbon capture project (Geseke),Germany,unmatched-review,,,No exact curated identity match
iea-2026-1015,Rumah1 and Rumah 2 plants,Saudi Arabia,unmatched-review,,,No exact curated identity match
iea-2026-1016,Nairyah1 and Nairyah 2 plants,Saudi Arabia,unmatched-review,,,No exact curated identity match
iea-2026-1017,Fife ethylene plant,United Kingdom,unmatched-review,,,No exact curated identity match
iea-2026-1018,Acorn Isle of Grain to Peterhead shipping,United Kingdom,unmatched-review,,,No exact curated identity match
iea-2026-1020,Cormorant Clean Energy project (TX),United States,unmatched-review,,,No exact curated identity match
iea-2026-1021,Polk county hub (TX),United States,unmatched-review,,,No exact curated identity match
iea-2026-1022,West Java sea rig-to-CCS JSA,Indonesia,unmatched-review,,,No exact curated identity match
iea-2026-1024,Sheperd CCS project (capture sources under evaluation),South Korea-Malaysia,unmatched-review,,,No exact curated identity match
iea-2026-1027,Keravan Energia (Kerava),Finland,unmatched-review,,,No exact curated identity match
iea-2026-1028,Tarastenjärvi power (Tampere),Finland,unmatched-review,,,No exact curated identity match
iea-2026-1029,Kymijärvi power (Lahti),Finland,unmatched-review,,,No exact curated identity match
iea-2026-1030,Kotka power (Kotka),Finland,unmatched-review,,,No exact curated identity match
iea-2026-1032,Aittaluoto power (Pori),Finland,unmatched-review,,,No exact curated identity match
iea-2026-1033,Adams Fork Energy clean ammonia project (WV),United States,unmatched-review,,,No exact curated identity match
iea-2026-1034,Plock plant,Poland,unmatched-review,,,No exact curated identity match
iea-2026-1036,Tumbler Ridge e-methanol project (BC),Canada,unmatched-review,,,No exact curated identity match
iea-2026-1038,HIF Cabo Negro eFuels Facility,Chile,unmatched-review,,,No exact curated identity match
iea-2026-1039,HIF Paysandú eFuels Facility Alur bioethanol plant,Uruguay,unmatched-review,,,No exact curated identity match
iea-2026-1042,Brocēni cement plant CCS,Latvia,unmatched-review,,,No exact curated identity match
iea-2026-1043,Linde Clear Lake HyCO Plant (TX),United States,unmatched-review,,,No exact curated identity match
iea-2026-1045,Stade facility Green Methanol,Germany,unmatched-review,,,No exact curated identity match
iea-2026-1047,Hynovera,France,unmatched-review,,,No exact curated identity match
iea-2026-1048,Venture Global CCS Cameron (LA),United States,unmatched-review,,,No exact curated identity match
iea-2026-1049,Pineywoods CCS hub (TX),United States,unmatched-review,,,No exact curated identity match
iea-2026-1050,West bay storage Galveston (TX),United States,unmatched-review,,,No exact curated identity match
iea-2026-1053,Baotou Steel (Baogang Group) (Inner Mongolia) phase 1,People's Republic of China,unmatched-review,,,No exact curated identity match
iea-2026-1054,Baotou Steel (Baogang Group) (Inner Mongolia) phase 2,People's Republic of China,unmatched-review,,,No exact curated identity match
iea-2026-1055,7 Blue Ammonia Facility,Qatar,unmatched-review,,,No exact curated identity match
iea-2026-1058,Great Plains Synfuel Plant to sequestration (ND),United States,unmatched-review,,,No exact curated identity match
iea-2026-1059,Central Louisiana Regional Carbon Storage (CENLA) Hub (Wilcox) (LA) phase 2,United States,unmatched-review,,,No exact curated identity match
iea-2026-1060,Central Louisiana Regional Carbon Storage (CENLA) Hub (Wilcox) (LA) phase 3,United States,unmatched-review,,,No exact curated identity match
iea-2026-1065,Cauldon cement plant,United Kingdom,unmatched-review,,,No exact curated identity match
iea-2026-1066,Gwangyang LNG terminal blue hydrogen,South Korea,unmatched-review,,,No exact curated identity match
iea-2026-1067,SEDAC hub (AL) phase 1,United States,unmatched-review,,,No exact curated identity match
iea-2026-1068,SEDAC hub (AL) phase 2,United States,unmatched-review,,,No exact curated identity match
iea-2026-1069,Thorning storage,Denmark,unmatched-review,,,No exact curated identity match
iea-2026-1070,ENEOS MOL JX CO2 shipping,Japan-Australia,unmatched-review,,,No exact curated identity match
iea-2026-1072,Big spring refinery (TX) pilot,United States,unmatched-review,,,No exact curated identity match
iea-2026-1073,Vicksburg Containerboard Mill (MS),United States,unmatched-review,,,No exact curated identity match
iea-2026-1076,Taiwan Cement Hualien oxyfuel pilot (Heping),Chinese Taipei,unmatched-review,,,No exact curated identity match
iea-2026-1077,Project Hummingbird,Kenya,unmatched-review,,,No exact curated identity match
iea-2026-1079,Kredsløb Energipark Lisbjerg,Denmark,unmatched-review,,,No exact curated identity match
iea-2026-1080,HOFOR Amagerværket,Denmark,unmatched-review,,,No exact curated identity match
iea-2026-1082,Equinor Mongstad refinery,Norway,unmatched-review,,,No exact curated identity match
iea-2026-1084,Permian Regional Carbon Sequestration Hub (TX),United States,unmatched-review,,,No exact curated identity match
iea-2026-1085,Montauk Energy biogas plants (TX),United States,unmatched-review,,,No exact curated identity match
iea-2026-1087,Gärstaverket plant Linkoping,Sweden,unmatched-review,,,No exact curated identity match
iea-2026-1088,Celsio CCS project terminal,Norway,unmatched-review,,,No exact curated identity match
iea-2026-1090,Veolia EfW to fuels,United Kingdom,unmatched-review,,,No exact curated identity match
iea-2026-1091,Tomakomai area CCS - Hokkaido Electric Tomatouatsuma power station,Japan,unmatched-review,,,No exact curated identity match
iea-2026-1092,Tomakomai area CCS - Idemitsu Kosan Hokkaido Refinery,Japan,unmatched-review,,,No exact curated identity match
iea-2026-1093,Everest,Germany,unmatched-review,,,No exact curated identity match
iea-2026-1094,eCapt-Rhone LeTeil,France,unmatched-review,,,No exact curated identity match
iea-2026-1096,OCAP,Netherlands,unmatched-review,,,No exact curated identity match
iea-2026-1097,Aker Carbon Capture power plant Europe (unknown facilities),Unknown,unmatched-review,,,No exact curated identity match
iea-2026-1098,Aker Carbon Capture WtE e-fuels,Finland,unmatched-review,,,No exact curated identity match
iea-2026-1099,Aker Carbon Capture Biomass CHP (unknown facility),Germany,unmatched-review,,,No exact curated identity match
iea-2026-1100,SLB Capturi Swedish energy company (unknown),Sweden,unmatched-review,,,No exact curated identity match
iea-2026-1101,Vattenfall Jordbro CHP plant,Sweden,unmatched-review,,,No exact curated identity match
iea-2026-1102,Aker Carbon Capture waste to energy Northern Europe (unknown facility),Unknown,unmatched-review,,,No exact curated identity match
iea-2026-1104,Lighthouse Green Fuels,United Kingdom,unmatched-review,,,No exact curated identity match
iea-2026-1105,Emerge CCS,United Kingdom,unmatched-review,,,No exact curated identity match
iea-2026-1106,North Lincolnshire Green Energy Park (NLGEP),United Kingdom,unmatched-review,,,No exact curated identity match
iea-2026-1107,Altalto,United Kingdom,unmatched-review,,,No exact curated identity match
iea-2026-1108,Seal Sands TGEPL,United Kingdom,unmatched-review,,,No exact curated identity match
iea-2026-1109,Saint-Gobain glass,United Kingdom,unmatched-review,,,No exact curated identity match
iea-2026-1110,Connah's Quay Low Carbon Power (CQLCP) Phase 1,United Kingdom,unmatched-review,,,No exact curated identity match
iea-2026-1111,Eramet Sauda,Norway,unmatched-review,,,No exact curated identity match
iea-2026-1112,Stakraft Varme Heimdal (Trondheim),Norway,unmatched-review,,,No exact curated identity match
iea-2026-1113,Returkraft Kristiansand,Norway,unmatched-review,,,No exact curated identity match
iea-2026-1114,Grand Ouest CO2 (GOCO₂) transport,France,unmatched-review,,,No exact curated identity match
iea-2026-1115,Neau Lime plant,France,unmatched-review,,,No exact curated identity match
iea-2026-1116,Saint-Pierre-la-Cour cement plant,France,unmatched-review,,,No exact curated identity match
iea-2026-1117,Shand (SK),Canada,unmatched-review,,,No exact curated identity match
iea-2026-1118,NET Power Plant CCS (City of Estevan) (SK),Canada,unmatched-review,,,No exact curated identity match
iea-2026-1120,Elmworth Gas Plant (AB),Canada,unmatched-review,,,No exact curated identity match
iea-2026-1121,K+S Potash CCS (SK),Canada,unmatched-review,,,No exact curated identity match
iea-2026-1122,Lamont Carbon Hub (ALB),Canada,unmatched-review,,,No exact curated identity match
iea-2026-1123,Lloydminster Upgrader,Canada,unmatched-review,,,No exact curated identity match
iea-2026-1124,Minnedosa Ethanol Plant (MB),Canada,unmatched-review,,,No exact curated identity match
iea-2026-1125,Moraine (GE) Power Generation (ALB),Canada,unmatched-review,,,No exact curated identity match
iea-2026-1127,Duke Energy Edwardsport Integrated Gasification Combined Cycle plant (IN),United States,unmatched-review,,,No exact curated identity match
iea-2026-1128,Cypress Carbon Capture Project (LA),United States,unmatched-review,,,No exact curated identity match
iea-2026-1129,Ash Grove Cement Foreman Plant (AR),United States,unmatched-review,,,No exact curated identity match
iea-2026-1130,Lake Charles Power Station Integrated CO2 Capture Project (LA),United States,unmatched-review,,,No exact curated identity match
iea-2026-1131,Four Corners Power Plant Integrated Carbon Capture and Storage (NM),United States,unmatched-review,,,No exact curated identity match
iea-2026-1132,East Niigata area CCS - Tohoku Electric Power,Japan,unmatched-review,,,No exact curated identity match
iea-2026-1133,East Niigata area CCS - Mitsubshi gas chemical,Japan,unmatched-review,,,No exact curated identity match
iea-2026-1134,East Niigata area CCS - Hokuetsu pulp plant,Japan,unmatched-review,,,No exact curated identity match
iea-2026-1135,Metropolitan Area CCS - Nippon steel plant,Japan,unmatched-review,,,No exact curated identity match
iea-2026-1136,Offshore Western Kyushu CCS - Eneos refinery,Japan,unmatched-review,,,No exact curated identity match
iea-2026-1138,CO2NTESSA,Croatia,unmatched-review,,,No exact curated identity match
iea-2026-1139,Natran Group CO2 backbone,France,unmatched-review,,,No exact curated identity match
iea-2026-1140,Motor Oil Hellas (Iris Project),Greece,unmatched-review,,,No exact curated identity match
iea-2026-1141,IFESTOS Carbon Capture (Kamari plant),Greece,unmatched-review,,,No exact curated identity match
iea-2026-1142,Beremend cement factory,Hungary,unmatched-review,,,No exact curated identity match
iea-2026-1143,Orlen Lietuva,Lithuania,unmatched-review,,,No exact curated identity match
iea-2026-1144,AEB Amsterdam,Netherlands,unmatched-review,,,No exact curated identity match
iea-2026-1146,ECOPLANTA (Tarragona),Spain,unmatched-review,,,No exact curated identity match
iea-2026-1148,S-Hub project (*capture sources under evaluation),Singapore,unmatched-review,,,No exact curated identity match
iea-2026-1150,Valero 8 ethanol plants,United States,unmatched-review,,,No exact curated identity match
iea-2026-1151,"Weyerhauser-Lapis Energy CO2 sequestration (AR, LA, MS)",United States,unmatched-review,,,No exact curated identity match
iea-2026-1152,SLB Capturi CO280 Solutions pulp and paper mill,United States,unmatched-review,,,No exact curated identity match
iea-2026-1153,BioCirc biogas plant,Denmark,unmatched-review,,,No exact curated identity match
iea-2026-1154,Capsol feasibility study waste to energy Germany,Germany,unmatched-review,,,No exact curated identity match
iea-2026-1156,Climeworks Enova DAC+S plant,Norway,unmatched-review,,,No exact curated identity match
iea-2026-1160,Lebec Net Zero Cement Plant project (CA),United States,unmatched-review,,,No exact curated identity match
iea-2026-1162,SECURE,United States,unmatched-review,,,No exact curated identity match
iea-2026-1166,Rana ferrosilicon smelter capture,Norway,unmatched-review,,,No exact curated identity match
iea-2026-1167,Rana ferroglobe,Norway,unmatched-review,,,No exact curated identity match
iea-2026-1169,Sindal Biogas Hjørring Municipality,Denmark,unmatched-review,,,No exact curated identity match
iea-2026-1170,ExxonMobil Petrobras CCUS hub MoU (ES) (phase 2/extension of Santos basin EOR?),Brazil,unmatched-review,,,No exact curated identity match
iea-2026-1172,Climeworks Mammoth Project phase 2,Iceland,unmatched-review,,,No exact curated identity match
iea-2026-1173,Shell Netherlands Pernis Refineries CCS,Netherlands,unmatched-review,,,No exact curated identity match
iea-2026-1176,Transport facility Nucor Direct Reduced Iron (LA),United States,unmatched-review,,,No exact curated identity match
iea-2026-1179,CO2 Highway Europe (Zeebrugge offshore CO2 pipeline),France-Belgium-Norway,unmatched-review,,,No exact curated identity match
iea-2026-1182,Kemi mill Rauma,Finland,unmatched-review,,,No exact curated identity match
iea-2026-1184,"Strathcona / Serafina CCS (ALB, SK)",Canada,unmatched-review,,,No exact curated identity match
iea-2026-1185,Methanex Medicine Hat plant (ALB),Canada,unmatched-review,,,No exact curated identity match
iea-2026-1186,Mustasaari waste-to-energy plant,Finland,unmatched-review,,,No exact curated identity match
iea-2026-1188,Middle Arm CO2 import terminal (NT),Australia,unmatched-review,,,No exact curated identity match
iea-2026-1190,Blue Horizon,Oman,unmatched-review,,,No exact curated identity match
iea-2026-1191,Grandpuits DAC hub,France,unmatched-review,,,No exact curated identity match
iea-2026-1192,Yulin geological storage research facility and CCUS demonstration project (Shaanxi),People's Republic of China,unmatched-review,,,No exact curated identity match
iea-2026-1194,K-Line Sumitomo Japan-US study,Japan-United States,unmatched-review,,,No exact curated identity match
iea-2026-1195,JSW Steel's Vijayanagar site,India,unmatched-review,,,No exact curated identity match
iea-2026-1198,GE Vernova FEED studies,Saudi Arabia,unmatched-review,,,No exact curated identity match
iea-2026-1199,Carbon Iceland Nordural plant,Iceland,unmatched-review,,,No exact curated identity match
iea-2026-1201,Eramet Manganese Porsgrunn phase 2,Norway,unmatched-review,,,No exact curated identity match
iea-2026-1203,TarraCO2,Spain,unmatched-review,,,No exact curated identity match
iea-2026-1204,CarboClearTech (Martres-Tolosane cement plant),France,unmatched-review,,,No exact curated identity match
iea-2026-1205,Marcegaglia AdriatiCO2,Italy,unmatched-review,,,No exact curated identity match
iea-2026-1206,Alto ingredient Pekin campus plant (IL),United States,unmatched-review,,,No exact curated identity match
iea-2026-1207,Ammonia Houston Ship Channel (TX),United States,unmatched-review,,,No exact curated identity match
iea-2026-1208,Carbon Dioxide Full Oxygen Combustion Enrichment and Purification Demonstration Project Qingzhou (Shandong),People's Republic of China,unmatched-review,,,No exact curated identity match
iea-2026-1209,CNPC 3 million tons Songliao basin demonstration (Heilongjiang),People's Republic of China,unmatched-review,,,No exact curated identity match
iea-2026-1210,Capsol feasibility study cement Germany,Germany,unmatched-review,,,No exact curated identity match
iea-2026-1211,Malarenergi waste to energy Vasteras,Sweden,unmatched-review,,,No exact curated identity match
iea-2026-1214,GeoDura Carbon Storage Hub (LA),United States,unmatched-review,,,No exact curated identity match
iea-2026-1215,St. Mary Parish Carbon Storage Hub (LA),United States,unmatched-review,,,No exact curated identity match
iea-2026-1216,Whites Bayou (TX),United States,unmatched-review,,,No exact curated identity match
iea-2026-1217,Port Arthur LNG - Titan Carbon sequestration project (TX),United States,unmatched-review,,,No exact curated identity match
iea-2026-1218,Rose carbon capture and storage (TX),United States,unmatched-review,,,No exact curated identity match
iea-2026-1219,Florida DAC hub (FL),United States,unmatched-review,,,No exact curated identity match
iea-2026-1220,Colorado (Pueblo) DAC hub (CO),United States,unmatched-review,,,No exact curated identity match
iea-2026-1221,Redbud CCS hub (Tri-state CCS hub) (WV),United States,unmatched-review,,,No exact curated identity match
iea-2026-1222,Buckeye CCS hub (Tri-state CCS hub) (OH),United States,unmatched-review,,,No exact curated identity match
iea-2026-1223,Beaumont sequestration project (TX),United States,unmatched-review,,,No exact curated identity match
iea-2026-1224,Brown (MI),United States,unmatched-review,,,No exact curated identity match
iea-2026-1225,Windsor FRE ethanol plant - front range 1-1 (CO),United States,unmatched-review,,,No exact curated identity match
iea-2026-1226,Texas Gulf Coast CCS Refugio (TX),United States,unmatched-review,,,No exact curated identity match
iea-2026-1227,Vault Aster storage (IN),United States,unmatched-review,,,No exact curated identity match
iea-2026-1228,Valero Linden plant (IA),United States,unmatched-review,,,No exact curated identity match
iea-2026-1229,Carbon TerraVault 6 (CA),United States,unmatched-review,,,No exact curated identity match
iea-2026-1230,Mountaineer sequestration (WV),United States,unmatched-review,,,No exact curated identity match
iea-2026-1231,High plains carbon storage (NE),United States,unmatched-review,,,No exact curated identity match
iea-2026-1232,Block energy CCS project,Georgia,unmatched-review,,,No exact curated identity match
iea-2026-1233,Sullom voe terminal and Shetland basin hub (SVT) - Thistle injection phase 1,United Kingdom,unmatched-review,,,No exact curated identity match
iea-2026-1234,Shetland Offshore power generation,United Kingdom,unmatched-review,,,No exact curated identity match
iea-2026-1235,Donaldsville CO2 storage (TX),United States,unmatched-review,,,No exact curated identity match
iea-2026-1236,Maurepas WMA sequestration project (LA),United States,unmatched-review,,,No exact curated identity match
iea-2026-1237,Orchard One (WY),United States,unmatched-review,,,No exact curated identity match
iea-2026-1238,Casper Carbon Storage Hub (WY),United States,unmatched-review,,,No exact curated identity match
iea-2026-1240,Aramco gas plants (3 facilities),Saudi Arabia,unmatched-review,,,No exact curated identity match
iea-2026-1241,San Patricio-Aransas-Nueces CO2 Infrastructure Project (TX),United States,unmatched-review,,,No exact curated identity match
iea-2026-1242,Petronas Kuantan hub,Malaysia,unmatched-review,,,No exact curated identity match
iea-2026-1243,Petronas Kerteh hub,Malaysia,unmatched-review,,,No exact curated identity match
iea-2026-1245,BEA Alizay,France,unmatched-review,,,No exact curated identity match
iea-2026-1246,Papetier Sylvamo Saillat sur Vienne,France,unmatched-review,,,No exact curated identity match
iea-2026-1247,ReSTart Usine RYAM Tartas,France,unmatched-review,,,No exact curated identity match
iea-2026-1248,Rayonier carbon storage agreement (AL),United States,unmatched-review,,,No exact curated identity match
iea-2026-1249,Carbon TerraVault 1 (CA),United States,unmatched-review,,,No exact curated identity match
iea-2026-1250,Project Concho (TX) phase 1,United States,unmatched-review,,,No exact curated identity match
iea-2026-1251,Project Concho (TX) phase 2,United States,unmatched-review,,,No exact curated identity match
iea-2026-1252,Ankeron Carbon Management Hub (WA),United States,unmatched-review,,,No exact curated identity match
iea-2026-1253,Grizzly DAC plant,United States,unmatched-review,,,No exact curated identity match
iea-2026-1255,Net-zero 1 (SD),United States,unmatched-review,,,No exact curated identity match
iea-2026-1257,Bayou Bend West onshore (TX),United States,unmatched-review,,,No exact curated identity match
iea-2026-1258,ARCaDe Antwerp Refinery,Belgium,unmatched-review,,,No exact curated identity match
iea-2026-1259,ZETA,Australia,unmatched-review,,,No exact curated identity match
iea-2026-1260,Bluebell (Roanoke Cement Company CCS),United States,unmatched-review,,,No exact curated identity match
iea-2026-1261,Mississippi Lime Company (MLC) CCS,United States,unmatched-review,,,No exact curated identity match
iea-2026-1262,Cypress DAC Hub (LA) - Northwest Heirloom Facility Phase 1,United States,unmatched-review,,,No exact curated identity match
iea-2026-1264,Sisak biorefinery project,Croatia,unmatched-review,,,No exact curated identity match
iea-2026-1265,AirvaultGoCO2 cement plant,France,unmatched-review,,,No exact curated identity match
iea-2026-1267,Carbon Connect Delta,Netherlands-Belgium,unmatched-review,,,No exact curated identity match
iea-2026-1269,Iroko carbon storage,Norway,unmatched-review,,,No exact curated identity match
iea-2026-1270,Kinno carbon storage (EXL010),Norway,unmatched-review,,,No exact curated identity match
iea-2026-1271,Albondigas carbon storage (EXL008),Norway,unmatched-review,,,No exact curated identity match
iea-2026-1272,Atlas carbon storage,Norway,unmatched-review,,,No exact curated identity match
iea-2026-1277,SOMZERO CO2,Spain,unmatched-review,,,No exact curated identity match
iea-2026-1278,Baltic Sea Storage,Poland,unmatched-review,,,No exact curated identity match
iea-2026-1279,NSW CO2 SAP,Australia,unmatched-review,,,No exact curated identity match
iea-2026-1280,Otway CCS Hub,Australia,unmatched-review,,,No exact curated identity match
iea-2026-1281,Cygnus CCS Hub phase 1,Australia,unmatched-review,,,No exact curated identity match
iea-2026-1282,Cygnus CCS Hub phase 2,Australia,unmatched-review,,,No exact curated identity match
iea-2026-1283,Incapture G-15-AP,Australia,unmatched-review,,,No exact curated identity match
iea-2026-1284,Chevron G-20-AP,Australia,unmatched-review,,,No exact curated identity match
iea-2026-1285,Chevron G-18-AP,Australia,unmatched-review,,,No exact curated identity match
iea-2026-1288,Fjernvarme Fyn,Denmark,unmatched-review,,,No exact curated identity match
iea-2026-1291,Fjord-Projekt CIP (Carbon Captured from Nordværk Incineration Plant),Denmark,unmatched-review,,,No exact curated identity match
iea-2026-1298,Jinjiang Chemical CCUS Project (Xinjiang),People's Republic of China,unmatched-review,,,No exact curated identity match
iea-2026-1299,Xinjiang Dunhua Wucaiwan Industrial Park CO2 Capture Project (Xinjiang),People's Republic of China,unmatched-review,,,No exact curated identity match
iea-2026-1305,A2X's CCS Esbjerg (Carbon captured from Energnist Incineration Plant in Esbjerg),Denmark,unmatched-review,,,No exact curated identity match
iea-2026-1306,European Energy/Brønderslev PtX (Biogas or waste incineration plants in Northern Jutland),Denmark,unmatched-review,,,No exact curated identity match
iea-2026-1307,Bantam DAC (OK),United States,unmatched-review,,,No exact curated identity match
iea-2026-1308,Campo Viejo Gas Processing Plant,United States,unmatched-review,,,No exact curated identity match
iea-2026-1309,Xinjiang Guoneng Chemical Co CCU Phase 1 (Xinjiang),People's Republic of China,unmatched-review,,,No exact curated identity match
iea-2026-1310,"Xinjiang Guoneng Chemical Co., Ltd CCU Phase 2 (Xinjiang)",People's Republic of China,unmatched-review,,,No exact curated identity match
iea-2026-1311,Piñon’s Dark Horse Treating Facility and storage,United States,unmatched-review,,,No exact curated identity match
iea-2026-1312,New Generation Gas Gathering (NG3),United States,unmatched-review,,,No exact curated identity match
iea-2026-1313,Shaanxi Coal Group Yulin Chemical CCUS Phase 1 (Shaanxi),People's Republic of China,unmatched-review,,,No exact curated identity match
iea-2026-1314,Shaanxi Coal Group Yulin Chemical CCUS Phase 2 (Shaanxi),People's Republic of China,unmatched-review,,,No exact curated identity match
iea-2026-1315,Shaanxi Coal Group Yulin Chemical CCUS Phase 3 (Shaanxi),People's Republic of China,unmatched-review,,,No exact curated identity match
iea-2026-1317,Waste to hydrogen Boson Energy (H2-BEAM),Spain,unmatched-review,,,No exact curated identity match
iea-2026-1320,Waste to hydrogen Boson Energy (BEH2X DE),Germany,unmatched-review,,,No exact curated identity match
iea-2026-1324,Waste to hydrogen Boson Energy (BEH2X LUX),Luxembourg,unmatched-review,,,No exact curated identity match
iea-2026-1325,Yeosu Myodo Island Blue Hydrogen Plant,South Korea,unmatched-review,,,No exact curated identity match
iea-2026-1326,SK Ulsan Complex,South Korea,unmatched-review,,,No exact curated identity match
iea-2026-1327,Onyx plant - Port of Rotterdam,Netherlands,unmatched-review,,,No exact curated identity match
iea-2026-1328,Koping - Waste-to-Hydrogen,Sweden,unmatched-review,,,No exact curated identity match
iea-2026-1329,"Mitsubishi - Pupuk Indonesia, Blue NH3 Sumatra-Java",Indonesia,unmatched-review,,,No exact curated identity match
iea-2026-1330,H2M Eemshaven,Netherlands,unmatched-review,,,No exact curated identity match
iea-2026-1331,Eneos project (MVCE Gulf Coast),United States,unmatched-review,,,No exact curated identity match
iea-2026-1332,Ashdown Pulp Mill CCS,United States,unmatched-review,,,No exact curated identity match
iea-2026-1334,Pelican-Gulf Coast Origen DAC project (LA),United States,unmatched-review,,,No exact curated identity match
iea-2026-1335,Connah's Quay Low Carbon (CQLCP) Power Phase 2,United Kingdom,unmatched-review,,,No exact curated identity match
iea-2026-1336,Pelican-Gulf Coast DAC Project (LA) phase 1,United States,unmatched-review,,,No exact curated identity match
iea-2026-1337,Origen DAC Demonstration (EERC) (ND),United States,unmatched-review,,,No exact curated identity match
iea-2026-1338,CALDAC San Joaquin (CA),United States,unmatched-review,,,No exact curated identity match
iea-2026-1339,Olea Phase 1,Greece,unmatched-review,,,No exact curated identity match
iea-2026-1340,Olea Phase 2,Greece,unmatched-review,,,No exact curated identity match
iea-2026-1341,Olea Phase 3,Greece,unmatched-review,,,No exact curated identity match
iea-2026-1342,Oak CCS (RepAir Carbon- C-Questra) Phase 1,France,unmatched-review,,,No exact curated identity match
iea-2026-1343,Oak CCS (RepAir Carbon- C-Questra) Phase 2,France,unmatched-review,,,No exact curated identity match
iea-2026-1344,Acacia (RepAir- Cella Partnership Project) Phase 1,Kenya,unmatched-review,,,No exact curated identity match
iea-2026-1345,Acacia (RepAir- Cella Partnership Project) Phase 2,Kenya,unmatched-review,,,No exact curated identity match
iea-2026-1346,Acacia (RepAir- Cella Partnership Project) Phase 3,Kenya,unmatched-review,,,No exact curated identity match
iea-2026-1348,Killingholme Low Carbon Power project,United Kingdom,unmatched-review,,,No exact curated identity match
iea-2026-1349,Kaupang carbon storage (EXL012),Norway,unmatched-review,,,No exact curated identity match
iea-2026-1350,Forsete carbon storage (EXL013),Norway,unmatched-review,,,No exact curated identity match
iea-2026-1352,Linde H2 Plant Jubail,Saudi Arabia,unmatched-review,,,No exact curated identity match
iea-2026-1353,Cypress DAC Hub Heirloom Facility (LA) Phase 2,United States,unmatched-review,,,No exact curated identity match
iea-2026-1354,Cypress DAC Hub Heirloom Facility (LA) Phase 3,United States,unmatched-review,,,No exact curated identity match
iea-2026-1357,GLOBE ( Lhoist Marche-les-Dames CCS),Belgium,unmatched-review,,,No exact curated identity match
iea-2026-1359,Catch4Climate Mergelstetten,Germany,unmatched-review,,,No exact curated identity match
iea-2026-1360,Lynemouth Power Station (BECCS),United Kingdom,unmatched-review,,,No exact curated identity match
iea-2026-1361,NL CCS Direct Injection Phase 2,Netherlands,unmatched-review,,,No exact curated identity match
iea-2026-1363,Yanan Energy Chemical (Shaanxi),People's Republic of China,unmatched-review,,,No exact curated identity match
iea-2026-1366,Idemitsu Biomass Waste to Hydrogen,Japan,unmatched-review,,,No exact curated identity match
iea-2026-1367,Ascension Clean Energy (ACE) complex (LA) Phase 2,United States,unmatched-review,,,No exact curated identity match
iea-2026-1369,Project Jacaranda Phase 1,Kenya,unmatched-review,,,No exact curated identity match
iea-2026-1370,Project Jacaranda Phase 2,Kenya,unmatched-review,,,No exact curated identity match
iea-2026-1371,Project Jacaranda Phase 3,Kenya,unmatched-review,,,No exact curated identity match
iea-2026-1372,Project Jacaranda Phase 4,Kenya,unmatched-review,,,No exact curated identity match
iea-2026-1376,Worsley Alumina CCS,Australia,unmatched-review,,,No exact curated identity match
iea-2026-1378,CopenCapture (CopenHill Wate to Energy Plant),Denmark,unmatched-review,,,No exact curated identity match
iea-2026-1379,EDF Renewables DAC Park (TX),United States,unmatched-review,,,No exact curated identity match
iea-2026-1383,Project Labrador (TX),United States,unmatched-review,,,No exact curated identity match
iea-2026-1384,Barnett Zero CCS (TX) (Bridgeport plant),United States,unmatched-review,,,No exact curated identity match
iea-2026-1388,Hydrogen Canada Clean Hydrogen and Ammonia Production Facility,Canada,unmatched-review,,,No exact curated identity match
iea-2026-1389,Hydrogen Naturally Co-located Hydrogen Hub,Canada,unmatched-review,,,No exact curated identity match
iea-2026-1391,KEZO Carbon Capture Plant,Switzerland,unmatched-review,,,No exact curated identity match
iea-2026-1397,Havstjerne CO2 Storage (FSIU),Norway,unmatched-review,,,No exact curated identity match
iea-2026-1403,Grenaa Port phase 1,Denmark,unmatched-review,,,No exact curated identity match
iea-2026-1404,Grenaa Port phase 2,Denmark,unmatched-review,,,No exact curated identity match
iea-2026-1405,Project Cypress Southwest (LA),United States,unmatched-review,,,No exact curated identity match
iea-2026-1406,Greenview Industrial Gateway blue ammonia and methanol (ALB),Canada,unmatched-review,,,No exact curated identity match
iea-2026-1407,Iillinois basin Regional DAC hub (IL),United States,unmatched-review,,,No exact curated identity match
iea-2026-1408,Aker Carbon Capture refinery (unknown facility),United States,unmatched-review,,,No exact curated identity match
iea-2026-1409,Antwerp CO2 Pipeline Network,Belgium,unmatched-review,,,No exact curated identity match
iea-2026-1410,Madrid Ethanol plant (NE),United States,unmatched-review,,,No exact curated identity match
iea-2026-1414,Enping 15-1 offshore CCS (Hong Kong) (well extension),People's Republic of China,unmatched-review,,,No exact curated identity match
iea-2026-1415,Xinjiang Jinlong Shenwu Thermal Power Plant (Xinjiang),People's Republic of China,unmatched-review,,,No exact curated identity match
iea-2026-1416,CPNC coal power Baijiantan Karamay (Xinjiang) Phase 2,People's Republic of China,unmatched-review,,,No exact curated identity match
iea-2026-1418,1PointFive and Entreprise BlueBonnet transport network (TX),United States,unmatched-review,,,No exact curated identity match
iea-2026-1419,NorthStarH2 Lugnvik plant,Sweden,unmatched-review,,,No exact curated identity match
iea-2026-1420,Kleberg Sequestration Hub (TX),United States,unmatched-review,,,No exact curated identity match
iea-2026-1423,Moringa Phase 1,Oman-United Arab Emirates,unmatched-review,,,No exact curated identity match
iea-2026-1424,Moringa Phase 2,Oman-United Arab Emirates,unmatched-review,,,No exact curated identity match
iea-2026-1425,Granger Carbon terminal (WY) (Project Sprint Carbon-by-Rail BECCS),United States,unmatched-review,,,No exact curated identity match
iea-2026-1426,Bonanza BioEnergy CCUS Dedicated storage (KS),United States,unmatched-review,,,No exact curated identity match
iea-2026-1427,Ichthys LNG (Darwin),Australia,unmatched-review,,,No exact curated identity match
iea-2026-1431,Tamarack (AB),Canada,unmatched-review,,,No exact curated identity match
iea-2026-1432,Port of Nagoya (Aichi Prefecture) to Australia,Australia-Japan,unmatched-review,,,No exact curated identity match
iea-2026-1435,"5,000 TA CO2 (Salvador de Bahia)",Brazil,unmatched-review,,,No exact curated identity match
iea-2026-1439,"5,000 TA CO2 (Australia) phase 1",Australia,unmatched-review,,,No exact curated identity match
iea-2026-1440,Alaska DAC Hub (AK),United States,unmatched-review,,,No exact curated identity match
iea-2026-1445,CPT 01 cement Campulung,Romania,unmatched-review,,,No exact curated identity match
iea-2026-1446,APOLLOCO2-LT Revithoussa Island,Greece,unmatched-review,,,No exact curated identity match
iea-2026-1450,Sandpiper Chemical Blue Methanol plant (TX),United States,unmatched-review,,,No exact curated identity match
iea-2026-1452,Trinity Campus (TX),United States,unmatched-review,,,No exact curated identity match
iea-2026-1453,Trinity Campus (TX),United States,unmatched-review,,,No exact curated identity match
iea-2026-1456,Capsol US utility for gas power,United States,unmatched-review,,,No exact curated identity match
iea-2026-1457,Rexus Wood Waste-to-Energy Plant (Lion),Singapore,unmatched-review,,,No exact curated identity match
iea-2026-1458,Granger Carbon terminal (WY),United States,unmatched-review,,,No exact curated identity match
iea-2026-1459,ECCO2-LH (Lighthouse) LafargeHolcim Carboneras cement factory phase 2,Spain,unmatched-review,,,No exact curated identity match
iea-2026-1460,Deuna cement plant (Thuringia),Germany,unmatched-review,,,No exact curated identity match
iea-2026-1461,VAIA project Montalieu-Vercieu site,France,unmatched-review,,,No exact curated identity match
iea-2026-1462,Beli Net Zero (Beli Izvor plant),Bulgaria,unmatched-review,,,No exact curated identity match
iea-2026-1463,Mosusol netCO2,Spain,unmatched-review,,,No exact curated identity match
iea-2026-1464,Arckaringa,Australia,unmatched-review,,,No exact curated identity match
iea-2026-1466,Moonstone (CA) phase 1,United States,unmatched-review,,,No exact curated identity match
iea-2026-1467,Moonstone (CA) phase 2,United States,unmatched-review,,,No exact curated identity match
iea-2026-1468,Meadowbrook Carbon Storage Hub (MCSH) (ALB) phase 1,Canada,unmatched-review,,,No exact curated identity match
iea-2026-1470,Meadowbrook Carbon Storage Hub (MCSH) (ALB) phase 2,Canada,unmatched-review,,,No exact curated identity match
iea-2026-1471,CarbonBridge,Germany,unmatched-review,,,No exact curated identity match
iea-2026-1472,Huaneng Shanghai Shidongkou Second Power Plant (Shanghai）,People's Republic of China,unmatched-review,,,No exact curated identity match
iea-2026-1473,China Resources Tangshan Caofeidian Power (Hebei),People's Republic of China,unmatched-review,,,No exact curated identity match
iea-2026-1474,CarbonConnect,Belgium-United Kingdom,unmatched-review,,,No exact curated identity match
iea-2026-1475,ECO2FLY (Villaluenga),Spain,unmatched-review,,,No exact curated identity match
iea-2026-1476,CO2necta (Sagunto),Spain,unmatched-review,,,No exact curated identity match
iea-2026-1477,Belgian CO2 Pipeline Network (CO2 backbone for Belgium),Belgium,unmatched-review,,,No exact curated identity match
iea-2026-1478,CO2nscious (Carboneras),Spain,unmatched-review,,,No exact curated identity match
iea-2026-1479,"JetsUp (Jesup, GA)",United States,unmatched-review,,,No exact curated identity match
iea-2026-1480,NorDAC Kollsnes (Øygarden),Norway,unmatched-review,,,No exact curated identity match
iea-2026-1481,Pelican-Gulf Coast DAC Project (LA) phase 2,United States,unmatched-review,,,No exact curated identity match
iea-2026-1482,Pelican-Gulf Coast DAC Project (LA) phase 3,United States,unmatched-review,,,No exact curated identity match
iea-2026-1483,SeaSeaS (Port of Amsterdam),Netherlands,unmatched-review,,,No exact curated identity match
iea-2026-1485,Norske Skog Skogn (Levanger),Norway,unmatched-review,,,No exact curated identity match
iea-2026-1487,Treklyngen Bioforbrenning (Hønefoss),Norway,unmatched-review,,,No exact curated identity match
iea-2026-1488,Fritos carbon storage (EXL014),Norway,unmatched-review,,,No exact curated identity match
iea-2026-1490,RWE CCGT Great Yarmouth (Norfolk),United Kingdom,unmatched-review,,,No exact curated identity match
iea-2026-1492,Project Norway phase 2,Norway,unmatched-review,,,No exact curated identity match
iea-2026-1493,Project Norway phase 3,Norway,unmatched-review,,,No exact curated identity match
iea-2026-1496,Partanna carbon-negative cement facility (Abu Dhabi),United Arab Emirates,unmatched-review,,,No exact curated identity match
iea-2026-1498,CCS Italy - CO2 Transport Network,Italy,unmatched-review,,,No exact curated identity match
iea-2026-1499,Renova CCS (Gothenburg),Sweden,unmatched-review,,,No exact curated identity match
iea-2026-1500,Hedensbyn CCS (Västerbotten),Sweden,unmatched-review,,,No exact curated identity match
iea-2026-1501,CNetSS,Sweden,unmatched-review,,,No exact curated identity match
iea-2026-1502,Cstore 2,Australia,unmatched-review,,,No exact curated identity match
iea-2026-1503,CO2 Storage Kalundborg,Denmark,unmatched-review,,,No exact curated identity match
iea-2026-1504,Projekt Greenstore,Denmark,unmatched-review,,,No exact curated identity match
iea-2026-1505,AffaldPlus Affaldsenergi,Denmark,unmatched-review,,,No exact curated identity match
iea-2026-1506,Basel-Zurich corridor,Switzerland,unmatched-review,,,No exact curated identity match
iea-2026-1507,Highway58 (Baltic Sea CO2 backbone),Sweden-Finland,unmatched-review,,,No exact curated identity match
iea-2026-1508,VAPCO Vung Ang II coal-fired power plant (Ha Tinh Province),Vietnam,unmatched-review,,,No exact curated identity match
iea-2026-1509,Inter terminals Sweden,Sweden,unmatched-review,,,No exact curated identity match
iea-2026-1510,Sullom voe terminal and Shetland basin hub (SVT) - Magnus phase 2,United Kingdom,unmatched-review,,,No exact curated identity match
iea-2026-1511,Sullom voe terminal and Shetland basin hub (SVT) - Regional Expansion phase 3,United Kingdom,unmatched-review,,,No exact curated identity match
iea-2026-1513,E.ON's DH Norrköping plant (Malmö),Sweden,unmatched-review,,,No exact curated identity match
iea-2026-1514,Bio-CCS Malmö (Malmö Energihamn),Sweden,unmatched-review,,,No exact curated identity match
iea-2026-1515,Malmö CO2 Hub,Sweden,unmatched-review,,,No exact curated identity match
iea-2026-1516,E.ON's DH Örebro plant (Malmö),Sweden,unmatched-review,,,No exact curated identity match
iea-2026-1517,SkyZero (Spillepengen),Sweden,unmatched-review,,,No exact curated identity match
iea-2026-1518,Johannes CHP plant (Gävleborg),Sweden,unmatched-review,,,No exact curated identity match
iea-2026-1519,Bio-CCS Kristinehed and Oceanen (Halmstad),Sweden,unmatched-review,,,No exact curated identity match
iea-2026-1520,Bio-CCS Jönköping DH plant (Torsvik),Sweden,unmatched-review,,,No exact curated identity match
iea-2026-1521,BECCS Skövde Energi,Sweden,unmatched-review,,,No exact curated identity match
iea-2026-1523,CCS Bodens Energi,Sweden,unmatched-review,,,No exact curated identity match
iea-2026-1525,Fieni-Botești,Romania,unmatched-review,,,No exact curated identity match
iea-2026-1526,Deep Sky Thetford Mines (QC),Canada,unmatched-review,,,No exact curated identity match
iea-2026-1527,Deep Sky Bécancour (QC),Canada,unmatched-review,,,No exact curated identity match
iea-2026-1528,Deep Sky Manitoba (MB),Canada,unmatched-review,,,No exact curated identity match
iea-2026-1529,Golianovo CO₂ Storage Site,Slovakia,unmatched-review,,,No exact curated identity match
iea-2026-1530,Genesis Belle Plaine CCS (SK),Canada,unmatched-review,,,No exact curated identity match
iea-2026-1531,Innisfail Waste to Energy Project (AB),Canada,unmatched-review,,,No exact curated identity match
iea-2026-1533,NG power plant with CCS in Southeast US,United States,unmatched-review,,,No exact curated identity match
iea-2026-1534,McMahon Energy Complex (BC),Canada,unmatched-review,,,No exact curated identity match
iea-2026-1536,NorthStar CCS (SK),Canada,unmatched-review,,,No exact curated identity match
iea-2026-1537,Oceania CCS - Nippon steel plant,Japan,unmatched-review,,,No exact curated identity match
iea-2026-1538,Oceania CCS - Mitsubishi chemical plant,Japan,unmatched-review,,,No exact curated identity match
iea-2026-1539,La Paloma CPX facility (CA),United States,unmatched-review,,,No exact curated identity match
iea-2026-1540,North Tees Hydrogen CO2 capture,United Kingdom,unmatched-review,,,No exact curated identity match
iea-2026-1541,Tourmaline Banshee facility (AB),Canada,unmatched-review,,,No exact curated identity match
iea-2026-1542,Big River (IL),United States,unmatched-review,,,No exact curated identity match
