source_project_id,project_name,country,region,project_partners,project_type,lifecycle_stage,source_status,project_phase,sector,subsector,capacity_basis,capacity_mtpa,announced_capacity_mtpa,cdr_capacity_mtpa,announcement_year,fid_year,announced_start_year,suspension_or_cancellation_year,co2_destination,parent_hub,reference_urls,source_vintage,source_url,source_form,canonical_project_id,mapping_status
iea-2026-0001,3D DMX ArcelorMittal and IFPEN Dunkirk (full-scale),France,Europe,"ArcelorMittal, IFP (project lead), Axens, Uetikon, Grassco, brevik, TotalEnergies (T&S)",Capture,cancelled,Cancelled,2,Industry,Iron and steel,capture_capacity,0.7,0.7,,2019,,2025,2024,Unknown/unspecified,,https://automotive.arcelormittal.com/news_and_stories/news/2019DMXproject|https://3d-ccus.com/3d-overview/|https://eurometal.net/arcelormittal-suspends-major-decarbonisation-project-in-france/|https://www.lemonde.fr/economie/article/2025/09/24/a-dunkerque-arcelormittal-renonce-a-son-projet-de-four-a-chaux-decarbone_6642752_3234.html,2026-03-27,https://www.iea.org/data-and-statistics/data-product/ccus-projects-database,official_workbook,,unmatched-review
iea-2026-0003,8Rivers H2 (8RH2) (WY),United States,North America,"8Rivers, Wyoming Energy Authority",Capture,concept,Planned,,Fuel transformation,Hydrogen or ammonia,capture_capacity,,,,2022,,,,Dedicated storage,,https://8rivers.com/portfolio/8-rivers-hydrogen/#,2026-03-27,https://www.iea.org/data-and-statistics/data-product/ccus-projects-database,official_workbook,,unmatched-review
iea-2026-0004,Emirates Steel Industries,United Arab Emirates,Middle East,"ADNOC, Masdar",Full chain,operating,Operational,,Industry,Iron and steel,capture_capacity,0.8,0.8,,2007,2012,2016,,EOR,,https://hgeo.energy.gov/archives/cslf/Projects/AlReyadah.html|https://www.emsteel.com/wp-content/uploads/2025/05/emsteel-investor-presentation-may-2025.pdf,2026-03-27,https://www.iea.org/data-and-statistics/data-product/ccus-projects-database,official_workbook,,unmatched-review
iea-2026-0005,Habshan-Bab gas plant,United Arab Emirates,Middle East,"ADNOC, Petrofac (EPC), Levidian",Full chain,construction,Under construction,,Fuel transformation,Natural gas processing/LNG,capture_capacity,1.5,1.5,,2020,2023,2026,,EOR,,https://adnoc.ae/en/news-and-media/press-releases/2020/adnoc-to-build-on-its-position-as-one-of-the-least-carbon-intensive-oil-and-gas-producers|https://www.petrofac.com/media/news/adnoc-gas-awards-petrofac-contract-for-landmark-carbon-capture-utilisation-and-storage-project/|https://www.adnoc.ae/en/News-and-Media/Press-Releases/2023/ADNOC-to-Invest-in-One-of-the-Largest-Integrated-Carbon-Capture-Projects-in-MENA,2026-03-27,https://www.iea.org/data-and-statistics/data-product/ccus-projects-database,official_workbook,,unmatched-review
iea-2026-0006,Shah gas plant (Abu Dhabi CCS Phase 2),United Arab Emirates,Middle East,ADNOC,Full chain,concept,Planned,2,Fuel transformation,Natural gas processing/LNG,capture_capacity,2.3,2.3,,2020,,2030,,EOR,,https://adnoc.ae/en/news-and-media/press-releases/2020/adnoc-to-build-on-its-position-as-one-of-the-least-carbon-intensive-oil-and-gas-producers,2026-03-27,https://www.iea.org/data-and-statistics/data-product/ccus-projects-database,official_workbook,,unmatched-review
iea-2026-0007,Acorn CCS phase 1-Capture at St Fergus,United Kingdom,Europe,"Storegga(30%), Shell (30%), Harbour (30%), North Sea Midstream partners (10%)",Capture,concept,Planned,1,Fuel transformation,Natural gas processing/LNG,capture_capacity,0.3,0.3,,2016,,,,Dedicated storage,Acorn CCS,https://www.upstreamonline.com/energy-transition/five-proposed-uk-carbon-capture-projects-meet-governments-eligibility-test/2-1-1047222|https://www.offshore-energy.biz/carbon-clean-to-carry-out-feed-on-acorn-carbon-capture-plant/|https://www.backthescottishcluster.co.uk/the-scottish-cluster-supply-chain|https://www.storegga.earth/news/2021/news/acorn-project-partners-storegga-shell-u-k-and-harbour-energy-sign-mou-with-the-owners-of-the-segal-and-fuka-gas-terminals-at-st-fergus/|https://www.scottishconstructionnow.com/articles/acorn-project-partners-select-carbon-clean-to-deliver-st-fergus-carbon-capture-plant-feed-study|https://www.energyvoice.com/oilandgas/north-sea/370332/st-fergus-terminal-owner-joins-acorn-ccs-project-as-partner,2026-03-27,https://www.iea.org/data-and-statistics/data-product/ccus-projects-database,official_workbook,,unmatched-review
iea-2026-0008,Acorn CCS phase 1-T&S,United Kingdom,Europe,"Storegga(30%), Shell (30%), Harbour (30%), North Sea Midstream partners (10%)",T&S,concept,Planned,1,CO2 T&S,CO2 T&S,storage_injection_capacity,0.8,0.3,,2016,,2028,,Dedicated storage,Acorn CCS,https://www.upstreamonline.com/energy-transition/five-proposed-uk-carbon-capture-projects-meet-governments-eligibility-test/2-1-1047222|https://www.offshore-energy.biz/carbon-clean-to-carry-out-feed-on-acorn-carbon-capture-plant/|https://www.backthescottishcluster.co.uk/the-scottish-cluster-supply-chain|https://www.storegga.earth/news/2021/news/acorn-project-partners-storegga-shell-u-k-and-harbour-energy-sign-mou-with-the-owners-of-the-segal-and-fuka-gas-terminals-at-st-fergus/|https://www.scottishconstructionnow.com/articles/acorn-project-partners-select-carbon-clean-to-deliver-st-fergus-carbon-capture-plant-feed-study|https://www.energyvoice.com/oilandgas/north-sea/370332/st-fergus-terminal-owner-joins-acorn-ccs-project-as-partner,2026-03-27,https://www.iea.org/data-and-statistics/data-product/ccus-projects-database,official_workbook,,unmatched-review
iea-2026-0009,Acorn CCS phase 2,United Kingdom,Europe,"Storegga(30%), Shell (30%), Harbour (30%), North Sea Midstream partners (10%)",T&S,concept,Planned,2,CO2 T&S,CO2 T&S,storage_injection_capacity,5.0,5.0,,2017,,,,Dedicated storage,Acorn CCS,https://www.upstreamonline.com/energy-transition/five-proposed-uk-carbon-capture-projects-meet-governments-eligibility-test/2-1-1047222|https://www.offshore-energy.biz/carbon-clean-to-carry-out-feed-on-acorn-carbon-capture-plant/|https://www.backthescottishcluster.co.uk/the-scottish-cluster-supply-chain|https://www.storegga.earth/news/2021/news/acorn-project-partners-storegga-shell-u-k-and-harbour-energy-sign-mou-with-the-owners-of-the-segal-and-fuka-gas-terminals-at-st-fergus/|https://www.scottishconstructionnow.com/articles/acorn-project-partners-select-carbon-clean-to-deliver-st-fergus-carbon-capture-plant-feed-study|https://www.energyvoice.com/oilandgas/north-sea/370332/st-fergus-terminal-owner-joins-acorn-ccs-project-as-partner|https://www.theacornproject.uk/news-and-events/nsta-grants-carbon-storage-licences-to-acorn,2026-03-27,https://www.iea.org/data-and-statistics/data-product/ccus-projects-database,official_workbook,,unmatched-review
iea-2026-0010,Acorn H2,United Kingdom,Europe,"Storegga, Chrysaor",Capture,concept,Planned,,Fuel transformation,Hydrogen or ammonia,capture_capacity,0.4,0.4,,2018,,,,Dedicated storage,Acorn CCS,https://assets.publishing.service.gov.uk/government/uploads/system/uploads/attachment_data/file/866380/Phase_1_-_Pale_Blue_Dot_Energy_-_Acorn_Hydrogen.pdf,2026-03-27,https://www.iea.org/data-and-statistics/data-product/ccus-projects-database,official_workbook,,unmatched-review
iea-2026-0011,Adbri Project,Australia,Australia and New Zealand,"Leilac, Adbri, CarbonTP, Heavy Industry Low Emissions Technology Co-Operative Research Centre",Capture,cancelled,Cancelled,,Industry,Lime,capture_capacity,,,,2021,,,2022,Dedicated storage,South West Hub Project,https://calix.global/co2-mitigation-focus-area/awarded-11m-in-government-funding-for-low-emissions-lime-project-with-adbri/|https://www.leilac.com/project-adbri/,2026-03-27,https://www.iea.org/data-and-statistics/data-product/ccus-projects-database,official_workbook,,unmatched-review
iea-2026-0012,Mt Simon Hub CCS Pipeline (IA),United States,North America,"ADM, Wolf Carbon Solutions (Wolf Midstream)",Transport,cancelled,Cancelled,,CO2 T&S,CO2 transport,transport_capacity,12.0,12.0,,2022,,2028,2023,Dedicated storage,Mt Simon Hub CCS Pipeline (IA),https://www.businesswire.com/news/home/20220110006079/en/|https://www.howden.com/en-us/news/chart-wolf-mou|https://www.adm.com/globalassets/standalone-pages/carbon-sequestration--storage/cp-221047_ccscampaignmaterialswolfpipeline_fly_eng_220803_r4.pdf|https://www.adm.com/globalassets/standalone-pages/carbon-sequestration--storage/cp-221047_ccscampaignmaterialswolfpipeline_fly_eng_220803_r4.pdf/|https://www.reuters.com/business/energy/wolf-carbon-solutions-seeks-end-carbon-pipeline-application-illinois-2023-11-21/,2026-03-27,https://www.iea.org/data-and-statistics/data-product/ccus-projects-database,official_workbook,,unmatched-review
iea-2026-0013,ADM Cedar rapids bioethanol (IA),United States,North America,ADM,Capture,concept,Planned,,Fuel transformation,Bioethanol,capture_capacity,,,,2022,,2028,,Dedicated storage,Mt Simon Hub CCS Pipeline (IA),https://www.businesswire.com/news/home/20220110006079/en/,2026-03-27,https://www.iea.org/data-and-statistics/data-product/ccus-projects-database,official_workbook,,unmatched-review
iea-2026-0014,ADM Clinton bioethanol (IA),United States,North America,ADM,Capture,concept,Planned,,Fuel transformation,Bioethanol,capture_capacity,,,,2022,,2028,,Dedicated storage,Mt Simon Hub CCS Pipeline (IA),https://www.businesswire.com/news/home/20220110006079/en/,2026-03-27,https://www.iea.org/data-and-statistics/data-product/ccus-projects-database,official_workbook,,unmatched-review
iea-2026-0015,Aemetis CCS Keyes facility (CA),United States,North America,Aemetis,Capture,concept,Planned,,Fuel transformation,Bioethanol,capture_capacity,0.2,0.2,0.2,2021,,2028,,Dedicated storage,Aemetis CCS,https://www.globenewswire.com/news-release/2021/08/18/2282675/0/en/Aemetis-CCS-Drilling-Study-by-Baker-Hughes-Confirms-Feasibility-of-Sequestering-Two-Million-MT-per-Year-of-CO2-at-California-Ethanol-Plant-Sites.html|https://www.aemetis.com/products/carbon-capture/|https://www.aemetis.com/products/carbon-capture/|https://www.aemetis.com/aemetis-awarded-the-first-co2-sequestration-characterization-well-permit-issued-by-the-state-of-california/,2026-03-27,https://www.iea.org/data-and-statistics/data-product/ccus-projects-database,official_workbook,,unmatched-review
iea-2026-0016,Aemetis CCS Riverbank facility (CA),United States,North America,Aemetis,Capture,concept,Planned,,Fuel transformation,Biodiesel,capture_capacity,0.2,0.2,0.2,2021,,2028,,Dedicated storage,Aemetis CCS,https://www.globenewswire.com/news-release/2021/08/18/2282675/0/en/Aemetis-CCS-Drilling-Study-by-Baker-Hughes-Confirms-Feasibility-of-Sequestering-Two-Million-MT-per-Year-of-CO2-at-California-Ethanol-Plant-Sites.html|https://www.aemetis.com/products/carbon-capture/|https://www.aemetis.com/products/carbon-capture/|https://www.aemetis.com/aemetis-awarded-the-first-co2-sequestration-characterization-well-permit-issued-by-the-state-of-california/,2026-03-27,https://www.iea.org/data-and-statistics/data-product/ccus-projects-database,official_workbook,,unmatched-review
iea-2026-0018,Air Liquide hydrogen facility Rotterdam (Porthos),Netherlands,Europe,"Air Liquide (build, own, operate)",Capture,construction,Under construction,,Fuel transformation,Refining,capture_capacity,0.5,0.5,,2012,2023,2026,,Dedicated storage,Porthos,https://netherlandsnewslive.com/the-botlek-oil-industry-wants-2-1-billion-euros-for-co2-storage/62256/|https://www.pbl.nl/sites/default/files/downloads/pbl-2022-decarbonisation-of-the-industry-cluster-botlek-pernis-rotterdam-4946.pdf|https://www.airliquide.com/group/press-releases-news/2023-12-19/air-liquide-build-world-scale-co2-capture-unit-contribute-rotterdams-industrial-basin|https://www.hydrogeninsight.com/production/second-major-blue-hydrogen-project-reaches-final-investment-decision-in-rotterdam/2-1-1574743,2026-03-27,https://www.iea.org/data-and-statistics/data-product/ccus-projects-database,official_workbook,,unmatched-review
iea-2026-0019,Aramis CCS transport phase 1,Netherlands,Europe,"TotalEnergies, Shell, EBN, Gasunie, Vopak (op.)",Transport,concept,Planned,1,CO2 T&S,CO2 transport,transport_capacity,12.9,22.0,,2019,2027,2030,,Dedicated storage,Aramis CCS,https://www.frontiersin.org/articles/10.3389/fenrg.2021.644796/full|https://www.aramis-ccs.com/faq|https://ec.europa.eu/eusurvey/runner/Consultation_PCIcandidates_CO2networks|https://www.staten-generaal.nl/9370000/1/j4nvgs5kjg27kof_j9vvkfvj6b325az/vlutrvd2g2y4|https://energy.ec.europa.eu/news/connecting-europe-facility-nearly-eu600-million-energy-infrastructure-contributing-decarbonisation-2023-12-08_en|https://www.tweedekamer.nl/downloads/document?id=2024D26054|https://www.aramis-ccs.com/news/aramis-takes-next-step-towards-investment-decision/,2026-03-27,https://www.iea.org/data-and-statistics/data-product/ccus-projects-database,official_workbook,nl-aramis,matched-exact
iea-2026-0020,Net-zero Hydrogen Energy Complex (ALB),Canada,North America,Air Products,Capture,construction,Under construction,,Fuel transformation,Hydrogen or ammonia,capture_capacity,3.0,3.0,,2021,2022,2028,,Unknown/unspecified,Alberta Carbon Trunk Line (ACTL),https://fuelcellsworks.com/news/air-products-announces-1-3-billion-dollar-net-zero-hydrogen-energy-complex-in-edmonton-alberta-canada/|https://fuelcellsworks.com/news/air-products-announces-1-3-billion-dollar-net-zero-hydrogen-energy-complex-in-edmonton-alberta-canada/|https://www.airproducts.com/news-center/2022/11/1108-air-products-receive-475-million-cad-net-zero-hydrogen-complex-funding|https://www.airproducts.com/news-center/2022/09/0906-imperial-advances-renewable-diesel-plans-awards-hydrogen-contract-to-air-products|https://majorprojects.alberta.ca/details/Air-Products-Hydrogen-Production-and-Liquefaction-Facility/4461/|https://www.airproducts.com/company/innovation/carbon-capture|https://www.gasworld.com/story/air-products-ceo-bemoans-self-inflicted-failures-on-delayed-alberta-project/2155614.article/,2026-03-27,https://www.iea.org/data-and-statistics/data-product/ccus-projects-database,official_workbook,,unmatched-review
iea-2026-0021,AirCapture DACU at Nutrien Kennewick Fertilizer (WA),United States,North America,"AirCapture, Nutrien",CCU,concept,Planned,,DAC,Direct Air Capture,capture_capacity,,,,2022,,,,Use,,https://www.energy.gov/fecm/articles/selections-funding-opportunity-announcement-2560-direct-air-capture-combined,2026-03-27,https://www.iea.org/data-and-statistics/data-product/ccus-projects-database,official_workbook,,unmatched-review
iea-2026-0022,AirCapture Nuclear DAC at JM Farley Nuclear (AL),United States,North America,"Southern Company, Battelle, AirCapture LLC",Capture,concept,Planned,,DAC,Direct Air Capture,capture_capacity,,,,2022,,,,Dedicated storage,,https://www.energy.gov/fecm/articles/selections-funding-opportunity-announcement-2560-direct-air-capture-combined|https://www.power-eng.com/emissions/doe-funds-direct-air-capture-project-at-alabama-nuclear-plant/,2026-03-27,https://www.iea.org/data-and-statistics/data-product/ccus-projects-database,official_workbook,,unmatched-review
iea-2026-0023,Merritt Electrofuels Project DAC (BC),Canada,North America,"Huron Clean Energy, Occidental, Carbon Engineering (Oxy)",CCU,concept,Planned,,DAC,Direct Air Capture,capture_capacity,0.25,0.25,,2021,,,,Use,,https://carbonengineering.com/news-updates/large-scale-commercial-facility-fuel-from-air/|https://news.gov.bc.ca/releases/2021EMLI0063-001970,2026-03-27,https://www.iea.org/data-and-statistics/data-product/ccus-projects-database,official_workbook,,unmatched-review
iea-2026-0024,Alberta Carbon Grid (ALB) phase 1 (Industrial heartland),Canada,North America,"Pembina Pipeline Corporation, TC Energy",T&S,concept,Planned,1,CO2 T&S,CO2 T&S,storage_injection_capacity,10.0,10.0,,2021,2026,2028,,Dedicated storage,Alberta Carbon Grid (ALB),https://albertacarbongrid.ca/|https://albertacarbongrid.ca/news/acg-secures-rights-to-evaluate-one-of-the-largest-carbon-storage-areas-in-alberta/,2026-03-27,https://www.iea.org/data-and-statistics/data-product/ccus-projects-database,official_workbook,,unmatched-review
iea-2026-0025,Alberta Carbon Trunk Line (ACTL) (ALB),Canada,North America,"Wolf Midstream, Enhance Energy",Transport,operating,Operational,,CO2 T&S,CO2 transport,transport_capacity,14.6,14.6,,2011,2018,2020,,EOR,Alberta Carbon Trunk Line (ACTL)/Enhance Clive Sequestration Facility,https://majorprojects.alberta.ca/details/Alberta-Carbon-Trunk-Line/622,2026-03-27,https://www.iea.org/data-and-statistics/data-product/ccus-projects-database,official_workbook,,unmatched-review
iea-2026-0028,Altera Stella Maris CCS Project Phase 2,Norway,Europe,"Altera, Hoegh LNG, Wintershall Dea (Harbour Energy)",T&S,concept,Planned,2,CO2 T&S,CO2 T&S,storage_injection_capacity,3.0,3.0,,2020,,,,Dedicated storage,Altera Stella Maris CCS/ Havstjerne,https://alterainfra.com/what-we-do/ccs|https://alterainfra.com/articles/one-step-closer-to-realising-stella-maris-ccs|https://www.regjeringen.no/en/aktuelt/award-of-two-new-licences-for-co2-storage-on-the-norwegian-continental-shelf/id2970248/|https://alterainfra.com/what-we-do/ccs|https://alterainfra.com/articles/one-step-closer-to-realising-stella-maris-ccs,2026-03-27,https://www.iea.org/data-and-statistics/data-product/ccus-projects-database,official_workbook,,unmatched-review
iea-2026-0031,Antwerp@ C CO2 Export Hub phase 1,Belgium,Europe,"Air Liquide (lead), BASF, Borealis, ExxonMobil, INEOS, TotalEnergies, Fluxys, Port of Antwerp",Transport,concept,Planned,1,CO2 T&S,CO2 transport,transport_capacity,2.5,2.5,,2019,2027,2030,,Dedicated storage,Antwerp@C CO2 Export Hub,https://newsroom.portofantwerpbruges.com/the-antwerpc-project-takes-a-major-next-step-towards-halving-co2-footprint#|https://www.airliquide.com/group/press-releases-news/2022-12-12/air-liquide-fluxys-belgium-and-port-antwerp-bruges-awarded-eu-funding-building-antwerpc-co2-export|https://energy.ec.europa.eu/news/connecting-europe-facility-over-eu-600-million-energy-infrastructure-support-european-green-deal-and-2022-12-08_en|https://cinea.ec.europa.eu/news-events/news/cef-energy-antwerpc-co2-export-hub-receives-1446-million-eu-funding-co2-capture-infrastructure-2023-06-26_en,2026-03-27,https://www.iea.org/data-and-statistics/data-product/ccus-projects-database,official_workbook,,unmatched-review
iea-2026-0032,Aramis CCS storage phase 1,Netherlands,Europe,"TotalEnergies, Shell, EBN, Gasunie",Storage,concept,Planned,1,CO2 T&S,CO2 storage,storage_injection_capacity,7.5,7.5,,2019,2027,2030,,Dedicated storage,Aramis CCS,https://www.frontiersin.org/articles/10.3389/fenrg.2021.644796/full|https://www.aramis-ccs.com/faq|https://ec.europa.eu/eusurvey/runner/Consultation_PCIcandidates_CO2networks|https://www.staten-generaal.nl/9370000/1/j4nvgs5kjg27kof_j9vvkfvj6b325az/vlutrvd2g2y4|https://energy.ec.europa.eu/news/connecting-europe-facility-nearly-eu600-million-energy-infrastructure-contributing-decarbonisation-2023-12-08_en|https://www.tweedekamer.nl/downloads/document?id=2024D26054,2026-03-27,https://www.iea.org/data-and-statistics/data-product/ccus-projects-database,official_workbook,nl-aramis,matched-exact
iea-2026-0033,Aramis CCS storage phase 2,Netherlands,Europe,"TotalEnergies, Shell, EBN, Gasunie",Storage,concept,Planned,2,CO2 T&S,CO2 storage,storage_injection_capacity,3.1,3.1,,2019,,2033,,Dedicated storage,Aramis CCS,https://www.frontiersin.org/articles/10.3389/fenrg.2021.644796/full|https://ec.europa.eu/eusurvey/runner/Consultation_PCIcandidates_CO2networks|https://energy.ec.europa.eu/news/connecting-europe-facility-nearly-eu600-million-energy-infrastructure-contributing-decarbonisation-2023-12-08_en|https://www.tweedekamer.nl/downloads/document?id=2024D26054,2026-03-27,https://www.iea.org/data-and-statistics/data-product/ccus-projects-database,official_workbook,nl-aramis,matched-exact
iea-2026-0034,Arcelor LanzaTech Carbalyst (Steelanol) Ghent,Belgium,Europe,"ArcelorMittal, LanzaTech, Primetals Technologies, E4tech",CCU,operating,Operational,,Industry,Iron and steel,capture_capacity,0.125,0.125,,2011,2015,2022,,Use,,http://www.steelanol.eu/en|https://corporate.arcelormittal.com/climate-action/decarbonisation-technologies/carbalyst-capturing-and-re-using-our-carbon-rich-waste-gases-to-make-valuable-chemical-products|https://www.eib.org/en/projects/pipelines/all/20170622|https://www.globenewswire.com/news-release/2022/12/08/2569976/0/en/ArcelorMittal-S-A-ArcelorMittal-inaugurates-flagship-carbon-capture-and-utilisation-project-at-its-steel-plant-in-Ghent-Belgium.html,2026-03-27,https://www.iea.org/data-and-statistics/data-product/ccus-projects-database,official_workbook,,unmatched-review
iea-2026-0035,Arkalon CO2 Compression Facility (KS),United States,North America,Conestoga Energy,Full chain,operating,Operational,,Fuel transformation,Bioethanol,capture_capacity,0.31,0.19,,,,2009,,EOR,,https://www.energy.gov/sites/prod/files/2017/12/f46/jordan_bioeconomy_2017.pdf|https://www.netl.doe.gov/sites/default/files/2018-11/Farnsworth-Unit-Project.pdf,2026-03-27,https://www.iea.org/data-and-statistics/data-product/ccus-projects-database,official_workbook,,unmatched-review
iea-2026-0036,Arthit offshore gas field CCS,Thailand,Other Asia Pacific,"PTTEP, MOECO (Mitsui, 4.7619%)",Full chain,concept,Planned,,Fuel transformation,Natural gas processing/LNG,capture_capacity,1.0,1.0,,2021,,2028,,Dedicated storage,,https://www.pttep.com/en/Newsandnmedia/Mediacorner/Pressreleases/Pttep-Initiates-Thailand-First-Ccs-Project-Pushing-Towards-Net-Zero-Green-House-Gas-Emissions.aspx|https://en.prnasia.com/releases/apac/honeywell-provides-carbon-capture-technology-for-pttep-391078.shtml|https://www.pttep.com/en/Sustainability/Carbon-Capture-And-Storage.aspx?mode=print|https://www.mitsui.com/jp/en/topics/2025/1252244_14859.html,2026-03-27,https://www.iea.org/data-and-statistics/data-product/ccus-projects-database,official_workbook,,unmatched-review
iea-2026-0037,Arun CCS,Indonesia,Other Asia Pacific,"Carbon Aceh, PEMA (JV)",Storage,concept,Planned,,CO2 T&S,CO2 storage,storage_injection_capacity,,,,2022,,2029,,Dedicated storage,Arun CCS,https://www.upstreamonline.com/energy-transition/reinvigorating-indonesian-giant-as-ccs-project/2-1-1190849|https://www.carbonaceh.com/press-release-1|https://acnf.jp/program/file/presentation/7_Panelist_MEMR-IDN.pdf,2026-03-27,https://www.iea.org/data-and-statistics/data-product/ccus-projects-database,official_workbook,,unmatched-review
iea-2026-0038,Eastern Louisiana Clean Energy Complex (LA),United States,North America,Air Products,Full chain,concept,Planned,,Fuel transformation,Hydrogen or ammonia,capture_capacity,5.0,5.0,,2021,,2029,,Dedicated storage,,https://www.airproducts.com/campaigns/la-blue-hydrogen-project|https://carbonherald.com/air-products-to-go-ahead-with-7-billion-hydrogen-project-in-louisiana-with-carbon-capture-included/|https://news.oilandgaswatch.org/post/company-announces-major-shakeup-of-controversial-louisiana-hydrogen-plant,2026-03-27,https://www.iea.org/data-and-statistics/data-product/ccus-projects-database,official_workbook,,unmatched-review
iea-2026-0039,Atlas Carbon Sequestration Hub Phase 1 (ALB),Canada,North America,"Shell Canada Limited, ATCO EnPower",T&S,construction,Under construction,1,CO2 T&S,CO2 T&S,storage_injection_capacity,0.65,0.65,,2021,2024,2028,,Dedicated storage,Atlas Carbon Sequestration Hub (ALB),https://www.linkedin.com/pulse/alberta-selects-shell-suncor-atco-atlas-carbon-hub-proposal-/|https://www.beaver.ab.ca/public/download/files/231170|https://www.keyera.com/investors/news/keyera-and-shell-sign-agreement-to-advance-clean-energy/|https://www.shell.com/news-and-insights/newsroom/news-and-media-releases/2024/shell-to-build-carbon-capture-and-storage-projects-in-canada.html|https://www.atco.com/en-ca/about-us/news/2024/123013-atco-enpower-to-proceed-with-atlas-carbon-storage-hub-a-signific.html|https://www.atco.com/en-ca/about-us/projects/atlas-carbon-storage-hub.html,2026-03-27,https://www.iea.org/data-and-statistics/data-product/ccus-projects-database,official_workbook,,unmatched-review
iea-2026-0040,Atlas Carbon Sequestration Hub Phase 2 (ALB),Canada,North America,"Shell Canada Limited, ATCO Energy Solutions",T&S,concept,Planned,2,CO2 T&S,CO2 T&S,storage_injection_capacity,9.25,9.25,,2022,,2028,,Dedicated storage,Atlas Carbon Sequestration Hub (ALB),https://www.upstreamonline.com/energy-transition/shell-unveils-plans-for-giant-canadian-carbon-capture-and-storage-project/2-1-1039795|https://www.shell.ca/en_ca/about-us/projects-and-sites/scotford.html|https://www.shell.ca/en_ca/media/news-and-media-releases/news-releases-2021/shell-proposes-large-scale-ccs-facility-in-alberta.html|https://www.energyvoice.com/renewables-energy-transition/ccs/americas-ccs/336709/shell-polaris-ccs-alberta/|https://www.linkedin.com/pulse/alberta-selects-shell-suncor-atco-atlas-carbon-hub-proposal-/?trk=organization-update-content_share-article|https://www.atco.com/en-ca/about-us/projects/atlas-carbon-storage-hub.html,2026-03-27,https://www.iea.org/data-and-statistics/data-product/ccus-projects-database,official_workbook,,unmatched-review
iea-2026-0041,Aukra Hydrogen Hub,Norway,Europe,"Aker Horizons, Shell, CapeOmega",Full chain,cancelled,Cancelled,,Fuel transformation,Hydrogen or ammonia,capture_capacity,,,,2021,,2030,2024,Unknown/unspecified,,"https://news.cision.com/aker-clean-hydrogen/r/aker-clean-hydrogen-to-explore-hydrogen-production-facility-opportunities-in-aukra-in-norway,c3382436|https://akerhorizons.com/what-we-do/aukra/",2026-03-27,https://www.iea.org/data-and-statistics/data-product/ccus-projects-database,official_workbook,,unmatched-review
iea-2026-0042,Avedøre Power Station CCS,Denmark,Europe,"Orsted, Aker Carbon Capture (tech)",Capture,construction,Under construction,1,Power and heat,Power (bioenergy),capture_capacity,0.15,0.15,0.15,2021,2023,2026,,Dedicated storage,Kalundborg hub/Northern Lights,https://orsted.com/en/media/newsroom/news/2021/06/857452362384936|https://orsted.com/en/media/newsroom/news/2022/06/20220613532911|https://orsted.com/en/media/newsroom/news/2022/06/20220613532911|https://orsted.com/en/media/newsroom/news/2023/12/oersted-begins-construction-of-denmarks-first-carb-13757543,2026-03-27,https://www.iea.org/data-and-statistics/data-product/ccus-projects-database,official_workbook,,unmatched-review
iea-2026-0043,Balikpapan Refinery,Indonesia,Other Asia Pacific,"Pertamina, Air Liquide",Full chain,concept,Planned,,Fuel transformation,Refining,capture_capacity,,,,2022,,2030,,Mixed,Kutai Basin CCUS hub,https://www.pertamina.com/en/news-room/news-release/pertamina-air-liquide-agree-to-collaborate-in-developing-ccu-technology-at-the-balikpapan-refinery|https://acnf.jp/program/file/presentation/7_Panelist_MEMR-IDN.pdf,2026-03-27,https://www.iea.org/data-and-statistics/data-product/ccus-projects-database,official_workbook,,unmatched-review
iea-2026-0044,Barents Blue ammonia project Train 1,Norway,Europe,Horisont Energi,Capture,concept,Planned,1,Fuel transformation,Hydrogen or ammonia,capture_capacity,2.0,1.84,,2021,2026,2031,,Dedicated storage,Polaris offshore storage facility (Errai project),https://www.ammoniaenergy.org/articles/barents-blue-ammonia-plant-gains-new-partners-set-to-triple-in-size/|https://www.horisontenergi.no/esa-approves-state-aid-for-barents-blue-project/|https://horisontenergi.no/news/commercial-progress-for-the-barents-blue-project/|https://www.offshore-energy.biz/horisont-energi-inks-new-ammonia-sales-deal-for-barents-blue-project/,2026-03-27,https://www.iea.org/data-and-statistics/data-product/ccus-projects-database,official_workbook,,unmatched-review
iea-2026-0045,Barents Blue ammonia project Train 2,Norway,Europe,Horisont Energi,Capture,concept,Planned,2,Fuel transformation,Hydrogen or ammonia,capture_capacity,2.0,1.84,,2021,,,,Dedicated storage,Polaris offshore storage facility (Errai project),https://www.ammoniaenergy.org/articles/barents-blue-ammonia-plant-gains-new-partners-set-to-triple-in-size/|https://www.horisontenergi.no/esa-approves-state-aid-for-barents-blue-project/,2026-03-27,https://www.iea.org/data-and-statistics/data-product/ccus-projects-database,official_workbook,,unmatched-review
iea-2026-0046,Barents Blue ammonia project Train 3,Norway,Europe,Horisont Energi,Capture,concept,Planned,3,Fuel transformation,Hydrogen or ammonia,capture_capacity,2.0,1.84,,2021,,,,Dedicated storage,Polaris offshore storage facility (Errai project),https://www.ammoniaenergy.org/articles/barents-blue-ammonia-plant-gains-new-partners-set-to-triple-in-size/|https://www.horisontenergi.no/esa-approves-state-aid-for-barents-blue-project/,2026-03-27,https://www.iea.org/data-and-statistics/data-product/ccus-projects-database,official_workbook,,unmatched-review
iea-2026-0047,Barossa and Darwin liquefied natural gas (DLNG) CCUS,Australia,Australia and New Zealand,"Santos (43.4%), SK E&S, JERA",Capture,concept,Planned,,Fuel transformation,Natural gas processing/LNG,capture_capacity,2.3,2.3,,2021,,2028,,Dedicated storage,Bayu-Undan field storage hub,https://www.upstreamonline.com/energy-transition/santos-betting-big-on-carbon-capture-in-bid-to-drive-down-emissions/2-1-1053585|https://www.oedigital.com/news/491510-santos-could-store-co2-from-barossa-field-in-depleted-bayu-undan-reservoir|https://www.santos.com/news/globally-significant-carbon-capture-and-storage-project-a-step-closer/|https://www.energyvoice.com/renewables-energy-transition/393749/santos-enters-feed-for-giant-ccs-project-at-bayu-undan-offshore-east-timor/|https://www.spglobal.com/commodityinsights/en/ci/research-analysis/santos-darwin-pipeline-duplication-dpd-project-confirmed-au.html|https://www.prnewswire.com/apac/news-releases/honeywell-to-collaborate-with-sk-es-to-deploy-carbon-capture-technology-across-korea-and-southeast-asia-301941319.html|https://www.santos.com/news/santos-and-sk-es-to-collaborate-on-cross-border-carbon-capture-and-storage/,2026-03-27,https://www.iea.org/data-and-statistics/data-product/ccus-projects-database,official_workbook,,unmatched-review
iea-2026-0049,Bayou Bend East offshore (TX),United States,North America,"Chevron (50%), Talos Energy (TotalEnergies) (25% and operator), Equinor (25%)",T&S,concept,Planned,,CO2 T&S,CO2 T&S,storage_injection_capacity,,,,2021,,,,Dedicated storage,Bayou Bend CCS offshore (TX),https://www.talosenergy.com/operations/carbon-capture-and-sequestration/default.aspx|https://www.offshore-mag.com/energy-transition/article/14298218/equinor-joins-chevron-talos-on-bayou-bend-ccs-project|https://www.sulmara.com/article/bayou-bend-ccs-selects-sulmara-for-offshore-geophysical-survey-at-the-bayou-bend|https://www.worley.com/en/insights/our-news/conventional-energy/2024/providing-design-and-evaluation-services-for-bayou-bend-ccs-llc-carbon-capture-storage-facility|https://bayoubend.com/|https://totalenergies.com/fr/medias/actualite/communiques-de-presse/totalenergies-acquiert-talos-low-carbon-solutions-un,2026-03-27,https://www.iea.org/data-and-statistics/data-product/ccus-projects-database,official_workbook,,unmatched-review
iea-2026-0050,Bayu-Undan field storage hub Timor-Leste phase 1,Australia-Timor Leste,Australia and New Zealand,"Santos (36.5%), SK E&S (21%), Timor GAP (16%), INPEX (9.6%), Eni SPA (9.2%), Tokyo Timor Sea Resources Pty Ltd. (7.6%).",T&S,concept,Planned,1,CO2 T&S,CO2 T&S,storage_injection_capacity,2.3,2.3,,2021,2026,2028,,Dedicated storage,Bayu-Undan field storage hub,https://www.santos.com/news/globally-significant-carbon-capture-and-storage-project-a-step-closer/|https://www.spglobal.com/commodityinsights/en/ci/research-analysis/santos-darwin-pipeline-duplication-dpd-project-confirmed-au.html|https://www.santos.com/wp-content/uploads/2022/03/Santos-2022-Climate-Change-Report_web.pdf|https://www.santos.com/news/mous-executed-for-potential-co2-supply-to-underpin-santos-bayu-undan-ccs-project/|https://www.santos.com/news/bayu-undan-joint-venture-and-timor-gap-sign-mou-to-cooperate-on-carbon-capture-and-storage/,2026-03-27,https://www.iea.org/data-and-statistics/data-product/ccus-projects-database,official_workbook,,unmatched-review
iea-2026-0051,Soderenergi Igelsta plant,Sweden,Europe,"Soderenergi, SLB Capturi (feasibility) (first feasibility by biorecro)",Capture,cancelled,Cancelled,,Power and heat,Power (bioenergy),capture_capacity,0.5,0.5,0.5,2020,2026,,,Dedicated storage,,http://www.energimyndigheten.se/forskning-och-innovation/projektdatabas/sokresultat/?projectid=32420|https://www.biorecro.com/breaking-new-ground-with-beccs/|https://bioenergyinternational.com/soderenergi-pauses-beccs-project/,2026-03-27,https://www.iea.org/data-and-statistics/data-product/ccus-projects-database,official_workbook,,unmatched-review
iea-2026-0053,Bonanza BioEnergy CCUS EOR (KS),United States,North America,"Conestoga Energy, Gary Climate Solutions Gary Climate Solutions",Full chain,operating,Operational,,Fuel transformation,Bioethanol,capture_capacity,0.16,0.1,,2010,,2012,2028,EOR,Bonanza Storage (KS),https://www.geos.ed.ac.uk/sccs/project-info/2042|http://epubs.democratprinting.com/publication/?m=5729&i=39669&p=30&ver=html5|https://www.energy.gov/sites/prod/files/2017/12/f46/jordan_bioeconomy_2017.pdf,2026-03-27,https://www.iea.org/data-and-statistics/data-product/ccus-projects-database,official_workbook,,unmatched-review
iea-2026-0054,Berrima cement plant (NSW),Australia,Australia and New Zealand,"Boral, Calix",CCU,cancelled,Cancelled,,Industry,Lime,capture_capacity,0.1,0.1,,2022,,,2024,Use,,https://calix.global/co2-mitigation-focus-area/calix-and-boral-to-develop-carbon-abatement-project/|https://www.leilac.com/project-boral/,2026-03-27,https://www.iea.org/data-and-statistics/data-product/ccus-projects-database,official_workbook,,unmatched-review
iea-2026-0055,Borealis Antwerp CCS,Belgium,Europe,Borealis,Capture,concept,Planned,,Industry,Chemicals,capture_capacity,,,,2021,,2030,,Unknown/unspecified,,,2026-03-27,https://www.iea.org/data-and-statistics/data-product/ccus-projects-database,official_workbook,,unmatched-review
iea-2026-0056,Borregaard / SAE (Borg CO2) (2 facilities),Norway,Europe,"Borg Havn, Borregaard",Capture,concept,Planned,,Power and heat,Power and heat (waste),capture_capacity,0.15,0.15,0.084,2019,,2035,,Dedicated storage,Northern Lights,https://www.borgco2.no/reports|https://www.geos.ed.ac.uk/sccs/project-info/2222|https://norsus.no/wp-content/uploads/LCA-of-CCS-and-CCU_OR-28.21_final-report-1-1.pdf|https://static1.squarespace.com/static/5cdba5274d546e0576dc53c7/t/633d7d156e8e6e430cfc71c5/1664974127440/220227_sluttrapp_CLIMIT_UMS_endelig.pdf,2026-03-27,https://www.iea.org/data-and-statistics/data-product/ccus-projects-database,official_workbook,,unmatched-review
iea-2026-0057,Boryeong Blue hydrogen,South Korea,Other Asia Pacific,"SK E&S, Air Liquide Engineering and Construction (H2 production and liquefaction), GE Vernova, Korea Midland Power, Santos, etc.",Capture,concept,Planned,,Fuel transformation,Hydrogen or ammonia,capture_capacity,2.0,2.0,,2021,,,,Dedicated storage,Bayu-Undan field storage hub,https://www.argusmedia.com/en/news/2249753-south-koreas-sk-es-plans-hydrogen-lng-expansion|https://www.skens.com/en/sk/press/view.do?seq=3306&head=&keyword=&type=|http://www.businesskorea.co.kr/news/articleView.html?idxno=106374,2026-03-27,https://www.iea.org/data-and-statistics/data-product/ccus-projects-database,official_workbook,,unmatched-review
iea-2026-0059,Boundary Dam CCS (SASK),Canada,North America,Saskpower,Capture,operating,Operational,,Power and heat,Power (coal),capture_capacity,1.0,1.0,,2008,2011,2014,,EOR,,http://sequestration.mit.edu/tools/projects/boundary_dam.html|https://sequestration.mit.edu/tools/projects/boundary_dam.html|https://www.saskpower.com/about-us/our-company/blog/2023/bd3-status-update-q4-2022|https://publications.ieaghg.org/technicalreports/2015-06%20Integrated%20CCS%20Project%20at%20SaskPower's%20Boundary%20Dam%20Power%20Station.pdf,2026-03-27,https://www.iea.org/data-and-statistics/data-product/ccus-projects-database,official_workbook,,unmatched-review
iea-2026-0060,Bridgeport Energy Moonie CCUS Project,Australia,Australia and New Zealand,Bridgeport Energy Limited,T&S,cancelled,Cancelled,,CO2 T&S,CO2 T&S,storage_injection_capacity,0.12,0.12,,2018,,2025,2024,EOR,Bridgeport Energy Moonie CCUS Project,,2026-03-27,https://www.iea.org/data-and-statistics/data-product/ccus-projects-database,official_workbook,,unmatched-review
iea-2026-0062,Broadwing Clean Energy Complex (IL),United States,North America,"Warwick, ADM, Google, Broadwing",Capture,concept,Planned,,Power and heat,Power (gas),capture_capacity,2.0,2.0,,2021,2026,2030,,Dedicated storage,ADM Decatur Campus CO2 Storage Site Expansion (IL),https://www.prnewswire.com/news-releases/8-rivers-capital-adm-announce-intention-to-make-illinois-home-to-game-changing-zero-emissions-project-301269296.html|https://broadwing.energy/|https://www.prnewswire.com/news-releases/8-rivers-capital-adm-announce-intention-to-make-illinois-home-to-game-changing-zero-emissions-project-301269296.html,2026-03-27,https://www.iea.org/data-and-statistics/data-product/ccus-projects-database,official_workbook,,unmatched-review
iea-2026-0063,Bushmills Ethanol Atwater (MN),United States,North America,"Bushmills Ethanol, Summit Carbon Solutions",Capture,concept,Planned,,Fuel transformation,Bioethanol,capture_capacity,0.23,0.23,0.23,2022,,2028,,Dedicated storage,Midwest carbon express,https://summitcarbonsolutions.com/summit-carbon-solutions-partners-with-bushmills-ethanol%ef%bf%bc/,2026-03-27,https://www.iea.org/data-and-statistics/data-product/ccus-projects-database,official_workbook,,unmatched-review
iea-2026-0064,CalCapture CCPP (Elk Hills) (CA),United States,North America,"Next carbon solutions (NextDecade), California Resource Corporation (Carbon TerraVault)",Capture,concept,Planned,,Power and heat,Power (gas),capture_capacity,1.4,1.4,,2019,2026,2028,,Dedicated storage,Carbon TerraVault 1,https://www.energy.gov/fecm/articles/foa-2187-and-foa-2188-project-selections|https://www.spglobal.com/commodityinsights/en/market-insights/latest-news/natural-gas/022820-californias-elk-hills-carbon-capture-plant-gets-backing-from-oil-and-gas-industry-fund|https://poweringcalifornia.com/newsletter/crc-designing-californias-first-carbon-capture-and-sequestration-project/|https://www.nsenergybusiness.com/news/fluor-crcs-cal-capture-project/|https://www.carboncapturejournal.com/ViewNews.aspx?NewsID=6592,2026-03-27,https://www.iea.org/data-and-statistics/data-product/ccus-projects-database,official_workbook,,unmatched-review
iea-2026-0065,Caledonia Clean Energy (previously Captain Clean Energy),United Kingdom,Europe,Summit Power,Full chain,concept,Planned,,Power and heat,Power (gas),capture_capacity,3.0,3.0,,2012,,2028,,Dedicated storage,,https://ukccsrc.ac.uk/sites/default/files/documents/event/Stephen-kerr-calendonia.pdf,2026-03-27,https://www.iea.org/data-and-statistics/data-product/ccus-projects-database,official_workbook,,unmatched-review
iea-2026-0068,Carbon America Sterling ethanol (CO),United States,North America,Carbon America,Full chain,concept,Planned,,Fuel transformation,Bioethanol,capture_capacity,0.35,0.35,0.35,2022,2026,2029,,Dedicated storage,,http://www.ethanolproducer.com/articles/19256/carbon-america-plans-ccs-projects-at-2-colorado-ethanol-plants%20https://coloradosun.com/2022/05/12/carbon-capture-colorado-ethanol-plants-greenhouse-gas-emissions/,2026-03-27,https://www.iea.org/data-and-statistics/data-product/ccus-projects-database,official_workbook,,unmatched-review
iea-2026-0069,Carbon America Yuma ethanol (CO),United States,North America,Carbon America,Full chain,concept,Planned,,Fuel transformation,Bioethanol,capture_capacity,,,,2022,2026,2029,,Dedicated storage,,http://www.ethanolproducer.com/articles/19256/carbon-america-plans-ccs-projects-at-2-colorado-ethanol-plants%20https://coloradosun.com/2022/05/12/carbon-capture-colorado-ethanol-plants-greenhouse-gas-emissions/,2026-03-27,https://www.iea.org/data-and-statistics/data-product/ccus-projects-database,official_workbook,,unmatched-review
iea-2026-0070,Carbon Capture at Ince Fertiliser Site,United Kingdom,Europe,CF Fertilisers,Capture,cancelled,Cancelled,,Industry,Fertiliser,capture_capacity,0.4,0.4,,2018,,,2022,Dedicated storage,Liverpool Bay CO2 storage (Hynet),https://hynet.co.uk/wp-content/uploads/2022/03/Creating-HyNet-webinar-slides-March-2022.pdf,2026-03-27,https://www.iea.org/data-and-statistics/data-product/ccus-projects-database,official_workbook,,unmatched-review
iea-2026-0072,Carbon2ProductAustria (C2PAT) - Lafarge Mannersdorf,Austria,Europe,"Holcim Group, OMV (potential utilisation), Verbund, Borealis",CCU,concept,Planned,1,Industry,Cement,capture_capacity,0.75,0.75,,2020,,2030,,Mixed,,https://www.borealisgroup.com/news/lafarge-omv-verbund-and-borealis-join-hands-to-capture-and-utilize-co2-on-an-industrial-scale|https://www.europeanfiles.eu/environment/carbon2productaustria-c2pat|https://www.holcim.com/sites/holcim/files/documents/holcim_ccus_july_2021.docx.pdf|https://www.holcim.at/sites/austria/files/docs/holcim_leaflet_c2patplus_mannersdorf_en_20241212.pdf,2026-03-27,https://www.iea.org/data-and-statistics/data-product/ccus-projects-database,official_workbook,,unmatched-review
iea-2026-0073,CarbonCapture DACU Carbon Cure at Gary Works (IN),United States,North America,"CarbonCapture, CarbonCure, US Steel",CCU,concept,Planned,,DAC,Direct Air Capture,capture_capacity,0.005,0.005,,2022,,,,Use,,https://www.energy.gov/fecm/articles/selections-funding-opportunity-announcement-2560-direct-air-capture-combined|https://netl.doe.gov/sites/default/files/netl-file/22CM_CDR17_OBrien_2.pdf,2026-03-27,https://www.iea.org/data-and-statistics/data-product/ccus-projects-database,official_workbook,,unmatched-review
iea-2026-0075,CarbonNet,Australia,Australia and New Zealand,"Victorian Government/Australian Government, (DNV)",T&S,concept,Planned,,CO2 T&S,CO2 T&S,storage_injection_capacity,6.0,6.0,,2010,,2030,,Dedicated storage,CarbonNet,"https://earthresources.vic.gov.au/projects/carbonnet-project|https://www.dnv.com/cases/advancing-ccs-for-victoria-australia-the-carbonnet-project-181994|https://earthresources.vic.gov.au/projects/carbonnet-project/about-the-project#:~:text=The%20CarbonNet%20Project%20aims%20to,sites%20in%20the%20Gippsland%20Basin.|https://djsir.vic.gov.au/carbonnet/about-the-project|https://djsir.vic.gov.au/carbonnet/about-the-project",2026-03-27,https://www.iea.org/data-and-statistics/data-product/ccus-projects-database,official_workbook,au-carbonnet,matched-exact
iea-2026-0077,CCUS at Red Hills natural gas processing complex (NM) EOR Phase 2,United States,North America,Targa Resources Group,Full chain,construction,Under construction,1,Fuel transformation,Natural gas processing/LNG,capture_capacity,0.36,0.36,,2022,2022,,,EOR,,https://www.upstreamonline.com/energy-transition/epa-approves-lucid-energy-ccs-project-the-largest-in-the-permian-basin/2-1-1145816|https://www.mrt.com/business/energy/article/EPA-approves-Lucid-s-plan-for-major-Permian-CCS-16772892.php,2026-03-27,https://www.iea.org/data-and-statistics/data-product/ccus-projects-database,official_workbook,,unmatched-review
iea-2026-0078,CCUS at Red Hills natural gas processing complex (NM) EOR Phase 3,United States,North America,Targa Resources Group,Full chain,concept,Planned,2,Fuel transformation,Natural gas processing/LNG,capture_capacity,0.26,0.26,,2022,,2028,,EOR,,https://www.lucid-energy.com/news/lucid-energy-group-receives-milestone-approval-epa-plans-develop-largest-carbon-capture-and|https://www.upstreamonline.com/energy-transition/epa-approves-lucid-energy-ccs-project-the-largest-in-the-permian-basin/2-1-1145816|https://www.mrt.com/business/energy/article/EPA-approves-Lucid-s-plan-for-major-Permian-CCS-16772892.php,2026-03-27,https://www.iea.org/data-and-statistics/data-product/ccus-projects-database,official_workbook,,unmatched-review
iea-2026-0079,Cementa Slite plant,Sweden,Europe,"Heidelberg Materials, Cementa",Capture,concept,Planned,,Industry,Cement,capture_capacity,1.8,1.8,0.297,2021,2026,2032,,Dedicated storage,,https://www.heidelbergcement.com/en/pr-02-06-2021|https://www.heidelbergcement.com/en/pr-30-05-2022|https://www.cemnet.com/News/story/174370/work-accelerates-on-slite-ccs-plant.html|https://www.sliteccs.se/en/the-worlds-eyes-turn-to-slite|https://www.sliteccs.se/en/timeline-beyond-net-zero|https://www.cement.heidelbergmaterials.se/sv/heidelberg-materials-ansoker-om-tillstand-for-storskalig-koldioxidfangning-i-slite-pa-gotland|https://www.cement.heidelbergmaterials.se/sv/ccs-satsningen-vid-cementfabriken-i-slite-pausas,2026-03-27,https://www.iea.org/data-and-statistics/data-product/ccus-projects-database,official_workbook,,unmatched-review
iea-2026-0080,Century plant (TX),United States,North America,"Mitchell group, Sandridge Energy",Full chain,operating,Operational,,Fuel transformation,Natural gas processing/LNG,capture_capacity,4.32,4.32,,2008,2008,2010,,EOR,,https://www.industryweek.com/leadership/companies-executives/article/21946093/occidental-to-develop-enhanced-oil-recovery-assets-in-texas|https://www.nsenergybusiness.com/features/top-carbon-capture-storage-projects/|https://carboncredits.com/occidental-petroleum-quietly-abandons-biggest-carbon-capture-plant/|https://carboncredits.com/occidental-petroleum-quietly-abandons-biggest-carbon-capture-plant/,2026-03-27,https://www.iea.org/data-and-statistics/data-product/ccus-projects-database,official_workbook,,unmatched-review
iea-2026-0081,Cerilon gas-to-liquids complex (ND),United States,North America,Cerilon GTL,Full chain,concept,Planned,1,Industry,Gas-to-liquids,capture_capacity,2.0,2.0,,2021,,2029,,Dedicated storage,,https://www.bicmagazine.com/projects-expansions/downstream/cerilon-gtl-facility-to-be-be-built-in-north-dakota/|https://new.abb.com/news/detail/100584/abb-wins-automation-contract-for-cerilons-first-gas-to-liquids-plant|https://www.williamsnd.com/williams-county-issues-loan-to-cerilon-gtl-nd-as-development-plans-advance/,2026-03-27,https://www.iea.org/data-and-statistics/data-product/ccus-projects-database,official_workbook,,unmatched-review
iea-2026-0082,Blue Point Number One Ammonia Complex (LA),United States,North America,"CF Industries 40%, JERA 35% , Mitsui 25%",Full chain,construction,Under construction,,Fuel transformation,Hydrogen or ammonia,capture_capacity,2.3,2.3,,2022,2025,2029,,Dedicated storage,Pelican sequestration hub (Livingston Parish) (LA),https://www.cfindustries.com/newsroom/2022/cf-mitsui-update|https://www.gasworld.com/story/cf-industries-unveils-2bn-ammonia-complex-plans-in-louisiana/2095031.article/?red=1|https://www.cfindustries.com/newsroom/2025/blue-point-joint-venture|https://www.bakerhughes.com/company/news/baker-hughes-supply-key-technology-blue-point-number-one-worlds-largest-lowcarbon,2026-03-27,https://www.iea.org/data-and-statistics/data-product/ccus-projects-database,official_workbook,,unmatched-review
iea-2026-0083,Changling Gas plant /Jilin Oil Field CO2-EOR Full-scale (Jilin),People's Republic of China,Other Asia Pacific,"PetroChina, CNPC",Full chain,operating,Operational,,Fuel transformation,Natural gas processing/LNG,capture_capacity,0.6,0.43,,2006,2015,2018,,EOR,,https://www.sciencedirect.com/science/article/abs/pii/S1364032119308093|https://news.bjx.com.cn/html/20221230/1280026.shtml|http://www.sasac.gov.cn/n2588025/n2588139/c31732431/content.html|http://www.tanpaifang.com/CCUS/202505/14112257.html,2026-03-27,https://www.iea.org/data-and-statistics/data-product/ccus-projects-database,official_workbook,,unmatched-review
iea-2026-0085,China Energy Taizhou power (Jiangsu),People's Republic of China,Other Asia Pacific,China Energy,Full chain,operating,Operational,,Power and heat,Power (coal),capture_capacity,0.5,0.5,,2021,2021,2023,,Mixed,,https://www.ogci.com/new-ogci-report-on-ccus-in-china/|https://www.globaltimes.cn/page/202112/1241339.shtml|https://www.reuters.com/business/energy/china-energy-starts-operations-asias-largest-coal-carbon-capture-facility-2023-06-02/,2026-03-27,https://www.iea.org/data-and-statistics/data-product/ccus-projects-database,official_workbook,,unmatched-review
iea-2026-0086,China Energy Guohua Jinjie Power (Shaanxi),People's Republic of China,Other Asia Pacific,China Energy,Full chain,operating,Operational,,Power and heat,Power (coal),capture_capacity,0.15,0.15,,2018,2019,2021,,Mixed,,https://www.ogci.com/new-ogci-report-on-ccus-in-china/|https://news.bjx.com.cn/html/20210628/1160627.shtml|https://www.sohu.com/a/474302630_100273878,2026-03-27,https://www.iea.org/data-and-statistics/data-product/ccus-projects-database,official_workbook,,unmatched-review
iea-2026-0087,CinfraCap (Carbon Infrastructure Capture) - Port of Gothenburg,Sweden,Europe,"Nordion Energi, Göteborg Energi, Renova, Gothenburg Port Authority, Preem, St1.",Transport,concept,Planned,,CO2 T&S,CO2 transport,transport_capacity,4.0,4.0,,2020,,,,Dedicated storage,CinfraCap,https://nordionenergi.se/download/18.11d52c40197a1b26e2329b/1750772049126/NORDION%20HA%CC%8AR%20LA%CC%88NK%20ENG_PUBL_28maj.pdf|https://breakbulk.com/Articles/stocking-the-carbon-stores|https://nordionenergi.se/projekt/koldioxidinfangning/cinfracap,2026-03-27,https://www.iea.org/data-and-statistics/data-product/ccus-projects-database,official_workbook,,unmatched-review
iea-2026-0089,Amager Bakke/Amager Resource Centre (ARC),Denmark,Europe,"ARC, Babcock & Wilcox, Copenhagen Port",Capture,cancelled,Cancelled,,Power and heat,Power and heat (waste),capture_capacity,0.5,0.5,0.45,2020,,2026,2025,Dedicated storage,,https://www.maritime-executive.com/article/copenhagen-port-participates-in-carbon-capture-and-storage-project|https://www.energy-supply.dk/procurement/view/138997/market_dialogue_project_climaid_copenhagen_delivery_and_commissioning_of_a_carbon_capture_unit_at_arc_premises|https://a-r-c.dk/klima-og-miljo/co2-fangst/|https://a-r-c.dk/about-arc/carbon-capture/|https://energywatch.com/EnergyNews/ccs/article18474721.ece,2026-03-27,https://www.iea.org/data-and-statistics/data-product/ccus-projects-database,official_workbook,,unmatched-review
iea-2026-0090,Climeworks DAC at Brawley Geothermal (CA),United States,North America,"University of Illinios, Climeworks",Full chain,concept,Planned,,DAC,Direct Air Capture,capture_capacity,0.005,0.005,0.005,2022,,,,Dedicated storage,,https://www.energy.gov/fecm/articles/selections-funding-opportunity-announcement-2560-direct-air-capture-combined|https://www.ideals.illinois.edu/items/126230,2026-03-27,https://www.iea.org/data-and-statistics/data-product/ccus-projects-database,official_workbook,,unmatched-review
iea-2026-0091,Climeworks Norsk e fuel phase 1,Norway,Europe,"Sunfire GmbH, Climeworks AG, Paul Wurth SA (SMS group), Valinor (Norsk Vind)",CCU,concept,Planned,1,DAC,Direct Air Capture,capture_capacity,0.039,0.039,,2020,,,,Use,,https://www.norsk-e-fuel.com/articles/coming-soon-green-jet-fuel-from-mosjoen|https://www.transportenvironment.org/uploads/files/2024_01_E-kerosene_Tracker_TE_2024-04-29-155012_cevi.pdf,2026-03-27,https://www.iea.org/data-and-statistics/data-product/ccus-projects-database,official_workbook,,unmatched-review
iea-2026-0092,Climeworks Norsk e fuel phase 2,Norway,Europe,"Sunfire GmbH, Climeworks AG, Paul Wurth SA (SMS group), Valinor (Norsk Vind)",CCU,concept,Planned,2,DAC,Direct Air Capture,capture_capacity,0.035,0.035,,2020,,2028,,Use,,https://www.norsk-e-fuel.com/articles/coming-soon-green-jet-fuel-from-mosjoen|https://www.transportenvironment.org/uploads/files/2024_01_E-kerosene_Tracker_TE_2024-04-29-155012_cevi.pdf,2026-03-27,https://www.iea.org/data-and-statistics/data-product/ccus-projects-database,official_workbook,,unmatched-review
iea-2026-0093,Climeworks Norsk e fuel phase 3,Norway,Europe,"Sunfire GmbH, Climeworks AG, Paul Wurth SA (SMS group), Valinor (Norsk Vind)",CCU,concept,Planned,3,DAC,Direct Air Capture,capture_capacity,0.184,0.184,,2020,,2030,,Use,,https://www.norsk-e-fuel.com/articles/coming-soon-green-jet-fuel-from-mosjoen|https://www.transportenvironment.org/uploads/files/2024_01_E-kerosene_Tracker_TE_2024-04-29-155012_cevi.pdf,2026-03-27,https://www.iea.org/data-and-statistics/data-product/ccus-projects-database,official_workbook,,unmatched-review
iea-2026-0094,Enhance Clive Sequestration Facility (ALB),Canada,North America,Enhance Energy,Storage,operating,Operational,,CO2 T&S,CO2 storage,storage_injection_capacity,1.5,1.5,,2011,2018,2020,,EOR,Alberta Carbon Trunk Line (ACTL)/Enhance Clive Sequestration Facility (ALB),https://enhanceenergy.com/our-operations/|https://alberta.csaregistries.ca/GHGR_Listing/AEOR_ListingDetail.aspx?ProjectId=157,2026-03-27,https://www.iea.org/data-and-statistics/data-product/ccus-projects-database,official_workbook,,unmatched-review
iea-2026-0095,Enping 15-1 offshore CCS (Hong Kong),People's Republic of China,Other Asia Pacific,CNOOC,Full chain,operating,Operational,,Fuel transformation,Oil and gas extraction,capture_capacity,0.3,0.3,,2021,2021,2023,,Dedicated storage,,https://www.reuters.com/business/sustainable-business/chinas-cnooc-launches-first-offshore-carbon-capture-project-2021-08-30/|https://48qdhih3uxxncvf45h3e296c-wpengine.netdna-ssl.com/wp-content/uploads/2021/09/China_CCUS_paper_September_2021.pdf|https://www.reuters.com/business/environment/chinas-cnooc-completes-first-offshore-carbon-capture-site-2022-06-15/,2026-03-27,https://www.iea.org/data-and-statistics/data-product/ccus-projects-database,official_workbook,,unmatched-review
iea-2026-0096,Junggar Basin Hub - Northwest phase 1 (Xinjiang),People's Republic of China,Other Asia Pacific,"CNPC, OGCI",T&S,concept,Planned,1,CO2 T&S,CO2 T&S,storage_injection_capacity,1.0,1.0,,2019,,2028,,EOR,Junggar Basin Hub,https://ccushub.ogci.com/focus_hubs/junggar-basin/|https://news.cnpc.com.cn/system/2025/12/29/030182498.shtml|https://www.ts.cn/xwzx/shxw/202601/t20260107_32415504.shtml,2026-03-27,https://www.iea.org/data-and-statistics/data-product/ccus-projects-database,official_workbook,,unmatched-review
iea-2026-0097,Junggar Basin Hub - Northwest phase 2 (Xinjiang),People's Republic of China,Other Asia Pacific,"CNPC, OGCI",T&S,concept,Planned,2,CO2 T&S,CO2 T&S,storage_injection_capacity,2.0,2.0,,2019,,2030,,EOR,Junggar Basin Hub,https://ccushub.ogci.com/focus_hubs/junggar-basin/,2026-03-27,https://www.iea.org/data-and-statistics/data-product/ccus-projects-database,official_workbook,,unmatched-review
iea-2026-0099,Junggar Basin Hub - Refinery Hydrogen (Xinjiang),People's Republic of China,Other Asia Pacific,"CNPC, OGCI",Capture,concept,Planned,,Fuel transformation,Refining,capture_capacity,1.0,1.0,,2019,,2028,,EOR,Junggar Basin Hub,,2026-03-27,https://www.iea.org/data-and-statistics/data-product/ccus-projects-database,official_workbook,,unmatched-review
iea-2026-0100,CO2 capture at Coal Creek (ND),United States,North America,"EERC, NDIC, Rainbow Energy, Mitshubishi HI, Kiewit",Capture,concept,Planned,,Power and heat,Power (coal),capture_capacity,,,,2021,2026,,,Dedicated storage,Coal creek capture: site characterisation and permitting (ND),https://insideclimatenews.org/news/17072021/north-dakota-coal-energy-transition-jobs-carbon-capture/,2026-03-27,https://www.iea.org/data-and-statistics/data-product/ccus-projects-database,official_workbook,,unmatched-review
iea-2026-0101,CO2 TO METHANOL Finnfjord Ferrosilicon,Norway,Europe,"Statkraft, Carbon Recycling International",CCU,concept,Planned,,Industry,Iron and steel,capture_capacity,0.3,0.3,,2017,2026,,,Use,,https://www.carbonrecycling.is/projects#finnfjord-emethanol|https://industrienergi.no/nyhet/finnfjord-vil-lage-fiskefor-av-co2/|https://carbonrecycling.com/projects/finnfjord,2026-03-27,https://www.iea.org/data-and-statistics/data-product/ccus-projects-database,official_workbook,,unmatched-review
iea-2026-0102,Coda terminal Phase 1,Island,Europe,"Carbfix, Dan-unity CO2",T&S,concept,Planned,1,CO2 T&S,CO2 T&S,storage_injection_capacity,0.7,0.7,,2021,2026,2029,,Dedicated storage,Coda terminal,https://www.carbfix.com/codaterminal|https://bcforum.net/presentations2021/0301_K%C3%A1ri_Helgason.pdf|https://www.linkedin.com/posts/carbfix_eu-cinea-environment-activity-7021767287204409344-DI_z/?utm_source=share&utm_medium=member_desktop|https://www.carbfix.com/operations/codaterminal/about,2026-03-27,https://www.iea.org/data-and-statistics/data-product/ccus-projects-database,official_workbook,,unmatched-review
iea-2026-0103,Coda terminal Phase 2,Island,Europe,"Carbfix, Dan-unity CO2",T&S,concept,Planned,2,CO2 T&S,CO2 T&S,storage_injection_capacity,0.7,0.7,,2021,,2030,,Dedicated storage,Coda terminal,https://www.carbfix.com/codaterminal|https://bcforum.net/presentations2021/0301_K%C3%A1ri_Helgason.pdf|https://www.linkedin.com/posts/carbfix_eu-cinea-environment-activity-7021767287204409344-DI_z/?utm_source=share&utm_medium=member_desktop|https://www.carbfix.com/operations/codaterminal/about,2026-03-27,https://www.iea.org/data-and-statistics/data-product/ccus-projects-database,official_workbook,,unmatched-review
iea-2026-0104,Coda terminal phase 3,Island,Europe,"Carbfix, Dan-unity CO2",T&S,concept,Planned,3,CO2 T&S,CO2 T&S,storage_injection_capacity,1.6,1.6,,2021,,2032,,Dedicated storage,Coda terminal,https://www.carbfix.com/codaterminal|https://bcforum.net/presentations2021/0301_K%C3%A1ri_Helgason.pdf|https://www.linkedin.com/posts/carbfix_eu-cinea-environment-activity-7021767287204409344-DI_z/?utm_source=share&utm_medium=member_desktop|https://www.carbfix.com/operations/codaterminal/about,2026-03-27,https://www.iea.org/data-and-statistics/data-product/ccus-projects-database,official_workbook,,unmatched-review
iea-2026-0105,Coffeyville fertiliser Plant (KS),United States,North America,"Coffeyville Resources, Chaparral Energy, Coffeyville Resource Nitrogen Fertilizers",Full chain,operating,Operational,,Industry,Fertiliser,capture_capacity,0.9,0.7,,2011,2011,2013,,EOR,,https://www.geos.ed.ac.uk/sccs/project-info/89|https://www.globenewswire.com/news-release/2011/03/29/443163/10562/en/Chaparral-Energy-Agrees-to-a-CO2-Purchase-and-Sale-Agreement-With-CVR-Energy-for-Capture-of-CO2-for-Enhanced-Oil-Recovery.html|https://sequestration.mit.edu/tools/projects/coffeyville.html|https://ghgdata.epa.gov/ghgp/service/facilityDetail/2021?id=1010975&ds=A&et=&popup=true,2026-03-27,https://www.iea.org/data-and-statistics/data-product/ccus-projects-database,official_workbook,,unmatched-review
iea-2026-0106,Core Energy CO2-EOR South Chester plant (MI),United States,North America,Core Energy,Full chain,operating,Operational,,Fuel transformation,Natural gas processing/LNG,capture_capacity,0.35,0.35,,,,2003,,EOR,,https://www.osti.gov/servlets/purl/1547301|https://ghgdata.epa.gov/ghgp/service/facilityDetail/2020?id=1010117&ds=A&et=&popup=true,2026-03-27,https://www.iea.org/data-and-statistics/data-product/ccus-projects-database,official_workbook,,unmatched-review
iea-2026-0107,Corn LP Goldfield biorefinery (IA),United States,North America,"Corn LP, Summit Carbon Solutions",Capture,concept,Planned,,Fuel transformation,Bioethanol,capture_capacity,0.215,0.18,0.215,2021,2026,2028,,Dedicated storage,Midwest carbon express,https://www.summitcarbonsolutions.com/our-partners|https://www.reuters.com/markets/commodities/giant-pipeline-us-midwest-tests-future-carbon-capture-2021-11-23/|https://www.summitcarbonsolutions.com/news/scsexpansionannouncement,2026-03-27,https://www.iea.org/data-and-statistics/data-product/ccus-projects-database,official_workbook,,unmatched-review
iea-2026-0110,CORY EfW plant Belvedere,United Kingdom,Europe,"Cory, Technip, Shell (tech provider)",Full chain,concept,Planned,,Power and heat,Power and heat (waste),capture_capacity,1.3,1.3,0.65,2021,,2030,,Dedicated storage,Viking CCS,https://www.corygroup.co.uk/media/news-insights/cory-announces-plans-worlds-biggest-energy-waste-decarbonisation-project/|https://www.letsrecycle.com/news/cory-in-187m-accounting-loss-despite-record-2021/|https://www.harbourenergy.com/news-and-media/latest-news/2023/cory-group-sign-exclusive-agreement-with-viking-ccs/|https://www.corygroup.co.uk/media/news-insights/cory-launches-statutory-consultation-decarbonisation-plans/|https://www.corygroup.co.uk/media/news-insights/cory-launches-statutory-consultation-decarbonisation-plans/|https://www.carboncapturejournal.com/ViewNews.aspx?NewsID=6376|https://www.carboncapturejournal.com/news/cory-ccs-plans-approved-by-uk-ministry/7024.aspx?Category=all,2026-03-27,https://www.iea.org/data-and-statistics/data-product/ccus-projects-database,official_workbook,,unmatched-review
iea-2026-0111,Coyote Clean Power Project (CO),United States,North America,"8Rivers, Southern Ute Indian Reservation (SUGF)",Full chain,concept,Planned,,Power and heat,Power (gas),capture_capacity,0.865,0.865,,2021,,,,Unknown/unspecified,,https://www.prnewswire.com/news-releases/8-rivers-capital-and-the-southern-ute-growth-fund-announce-joint-development-of-zero-emissions-net-power-plant-301269105.html,2026-03-27,https://www.iea.org/data-and-statistics/data-product/ccus-projects-database,official_workbook,,unmatched-review
iea-2026-0112,CRP Haifeng Project (Guangdong),People's Republic of China,Other Asia Pacific,China Resources Power,Capture,concept,Planned,1,Power and heat,Power (coal),capture_capacity,1.0,1.0,,2013,,2030,,Unknown/unspecified,,http://www.gdccus.org/en/nd.jsp?id=560|https://new.qq.com/rain/a/20201016A0DS3100|https://www.cmenhu.cn/13268.html,2026-03-27,https://www.iea.org/data-and-statistics/data-product/ccus-projects-database,official_workbook,,unmatched-review
iea-2026-0114,CTSCo Project,Australia,Australia and New Zealand,"Glencore Carbon Transport Storage Company (CTSCo), China Huaneng (capture tech, MoU)",Full chain,cancelled,Cancelled,,Power and heat,Power (coal),capture_capacity,0.11,0.11,,2010,2022,2026,2024,Dedicated storage,,https://www.ctsco.com.au/|https://www.heiderefinery.com/en/energy-transition-large-scale-hydrogen-technology-project-qualifies-for-the-next-round|https://www.glencore.com/media-and-insights/news/china-huaneng-and-glencore-sign-mou-on-ccus-project|https://www.detsi.qld.gov.au/our-department/news-media/mediareleases/2024/ctsco-project-not-suitable-to-proceed,2026-03-27,https://www.iea.org/data-and-statistics/data-product/ccus-projects-database,official_workbook,,unmatched-review
iea-2026-0115,STRATOS (TX) - phase 1,United States,North America,"1PointFive (Occidental), Blackrock",Full chain,construction,Under construction,1,DAC,Direct Air Capture,capture_capacity,0.25,0.25,0.25,2019,2022,2026,,Mixed,,https://www.1pointfive.com/1pointfive-selects-worley-for-feed|https://pboilandgasmagazine.com/oxy-outlines-plans-for-direct-air-carbon-capture-plant-in-permian-basin/|https://www.reuters.com/business/energy/occidental-misses-fourth-quarter-profit-estimates-2023-02-27/|https://carbonherald.com/epa-issues-three-draft-permits-for-carbon-storage-to-oxy-low-carbon-ventures/|https://www.carboncapturejournal.com/ViewNews.aspx?NewsID=6583|https://www.energyintel.com/00000198-13c7-d9f4-a19d-7bcf8d1e0000|https://www.oxy.com/news/news-releases/occidental-and-1pointfive-secure-class-vi-permits-for-stratos-direct-air-capture-facility/,2026-03-27,https://www.iea.org/data-and-statistics/data-product/ccus-projects-database,official_workbook,us-stratos,matched-exact
iea-2026-0116,STRATOS (TX) - phase 2,United States,North America,"1PointFive (Occidental), Blackrock",Full chain,construction,Under construction,2,DAC,Direct Air Capture,capture_capacity,0.25,0.25,0.25,2019,2022,2026,,Mixed,,https://www.1pointfive.com/1pointfive-selects-worley-for-feed|https://pboilandgasmagazine.com/oxy-outlines-plans-for-direct-air-carbon-capture-plant-in-permian-basin/|https://pboilandgasmagazine.com/oxy-outlines-plans-for-direct-air-carbon-capture-plant-in-permian-basin/|https://www.oxy.com/news/news-releases/occidental-and-1pointfive-secure-class-vi-permits-for-stratos-direct-air-capture-facility/,2026-03-27,https://www.iea.org/data-and-statistics/data-product/ccus-projects-database,official_workbook,us-stratos,matched-exact
iea-2026-0117,Dakota Ethanol Wentworth biorefinery (SD),United States,North America,"Dakota Ethanol, Summit Carbon Solutions",Capture,concept,Planned,,Fuel transformation,Bioethanol,capture_capacity,0.257,0.22,0.257,2021,2026,2028,,Dedicated storage,Midwest carbon express,https://www.summitcarbonsolutions.com/our-partners|https://www.reuters.com/markets/commodities/giant-pipeline-us-midwest-tests-future-carbon-capture-2021-11-23/|https://www.summitcarbonsolutions.com/news/scsexpansionannouncement,2026-03-27,https://www.iea.org/data-and-statistics/data-product/ccus-projects-database,official_workbook,,unmatched-review
iea-2026-0118,Dakota H2 Hub (ND),United States,North America,"Bakken Energy, Mistubishi Heavy Industries (as Mitsubishi Power Americas), Mandan, Hidatsa, Arikara Nation",Full chain,concept,Planned,,Fuel transformation,Hydrogen or ammonia,capture_capacity,2.712,,,2021,,2027,,Dedicated storage,,https://www.greencarcongress.com/2021/08/20210819-bakken.html|https://www.bakkenenergy.com/press-releases/mha-nation-partnering-with-bakken-energy-and-mitsubishi-power-on-great-plains-hydrogen-hub/|https://www.ammoniaenergy.org/articles/decarbonising-the-great-plains-synfuel-plant/,2026-03-27,https://www.iea.org/data-and-statistics/data-product/ccus-projects-database,official_workbook,,unmatched-review
iea-2026-0119,Dalmia Cement (Bharat) Tamil Nadu,India,Other Asia Pacific,"Dalmia Cement, Carbon Clean",CCU,concept,Planned,,Industry,Cement,capture_capacity,0.5,0.5,,2019,,2040,,Use low impact,,https://www.globalccsinstitute.com/news-media/latest-news/dalmia-cement-bharat-limited-and-carbon-clean-solutions-team-up-to-build-cement-industrys-largest-carbon-capture-plant/|https://www.adlittle.com/en/insights/viewpoints/green-cement-next-frontier-indian-cement-industry|https://www.dalmiacement.com/media/press-release/dalmia-cement-bharat-limited-and-carbon-clean-solutions-team-up-to-build-cement-industrys-largest-carbon-capture-plant,2026-03-27,https://www.iea.org/data-and-statistics/data-product/ccus-projects-database,official_workbook,,unmatched-review
iea-2026-0120,Dalstur Energy Coal India coal hydrogen,India,Other Asia Pacific,"Dalstur Energy (Kolkata), Coal India (CIL)",Capture,concept,Planned,,Fuel transformation,Hydrogen or ammonia,capture_capacity,,,,2022,,,,Unknown/unspecified,,https://energy.economictimes.indiatimes.com/news/coal/dastur-energy-to-set-up-blue-hydrogen-unit-with-coal-india/91455574,2026-03-27,https://www.iea.org/data-and-statistics/data-product/ccus-projects-database,official_workbook,,unmatched-review
iea-2026-0121,D'Artagnan Dunkirk CO2 Hub Phase 1,France,Europe,"Air Liquide France Industrie (ALFI), Terminal CO2 Dunkerque (JV: ALFI and Dunkerque LNG), Fluxys",Transport,concept,Planned,1,CO2 T&S,CO2 transport,transport_capacity,1.5,1.5,,2021,,2027,,Dedicated storage,D'Artagnan/Nautilus/Cap Decarbonisation,https://ec.europa.eu/energy/maps/pci_fiches/PciFiche_12.8.pdf|https://ec.europa.eu/energy/sites/default/files/detailed_information_regarding_the_candidate_projects_in_co2_network.pdf|https://energy.ec.europa.eu/news/connecting-europe-facility-over-eu-600-million-energy-infrastructure-support-european-green-deal-and-2022-12-08_en|https://energy.ec.europa.eu/news/connecting-europe-facility-nearly-eu600-million-energy-infrastructure-contributing-decarbonisation-2023-12-08_en|https://www.cap-decarbonation.fr/fr/|https://www.fluxys.com/en/news/dunkerque-lng/2024/240618_decarbonisation-dunkerque-basin-co2-infrastructure-project-takes-major-step|https://www.airliquide.com/group/press-releases-news/2024-06-18/decarbonization-dunkirk-basin-air-liquide-and-dunkerque-lng-co2-infrastructure-project-takes-major,2026-03-27,https://www.iea.org/data-and-statistics/data-product/ccus-projects-database,official_workbook,,unmatched-review
iea-2026-0122,D'Artagnan Dunkirk CO2 Hub Phase 2,France,Europe,"ArcelorMittal, Port of Dunkerque, Chaux et Dolomines du boulonnais, Verdalis, Air Liquide",Transport,concept,Planned,2,CO2 T&S,CO2 transport,transport_capacity,1.4,1.4,,2021,,2031,,Dedicated storage,D'Artagnan/Nautilus,https://ec.europa.eu/energy/maps/pci_fiches/PciFiche_12.8.pdf|https://ec.europa.eu/energy/sites/default/files/detailed_information_regarding_the_candidate_projects_in_co2_network.pdf|https://energy.ec.europa.eu/news/connecting-europe-facility-over-eu-600-million-energy-infrastructure-support-european-green-deal-and-2022-12-08_en|https://energy.ec.europa.eu/news/connecting-europe-facility-nearly-eu600-million-energy-infrastructure-contributing-decarbonisation-2023-12-08_en,2026-03-27,https://www.iea.org/data-and-statistics/data-product/ccus-projects-database,official_workbook,,unmatched-review
iea-2026-0123,D'Artagnan Dunkirk CO2 Hub Phase 3,France,Europe,"ArcelorMittal, Port of Dunkerque, Chaux et Dolomines du boulonnais, Verdalis, Air Liquide",Transport,concept,Planned,3,CO2 T&S,CO2 transport,transport_capacity,5.6,5.6,,2021,,2035,,Dedicated storage,D'Artagnan/Nautilus,https://ec.europa.eu/energy/maps/pci_fiches/PciFiche_12.8.pdf|https://ec.europa.eu/energy/sites/default/files/detailed_information_regarding_the_candidate_projects_in_co2_network.pdf|https://energy.ec.europa.eu/news/connecting-europe-facility-over-eu-600-million-energy-infrastructure-support-european-green-deal-and-2022-12-08_en|https://energy.ec.europa.eu/news/connecting-europe-facility-nearly-eu600-million-energy-infrastructure-contributing-decarbonisation-2023-12-08_en,2026-03-27,https://www.iea.org/data-and-statistics/data-product/ccus-projects-database,official_workbook,,unmatched-review
iea-2026-0124,Illinois Basin Decatur Project (IL),United States,North America,"ADM, Midwest Geological Sequestration Consortium",Full chain,closed,Decommissioned,,Fuel transformation,Bioethanol,capture_capacity,0.33,0.33,0.33,2009,2011,2011,2014,Dedicated storage,ADM Decatur Campus CO2 Storage Site Expansion (IL),https://pubs.naruc.org/pub.cfm?id=4AE5E75F-2354-D714-51B7-59DE74C41F5E,2026-03-27,https://www.iea.org/data-and-statistics/data-product/ccus-projects-database,official_workbook,,unmatched-review
iea-2026-0125,DelpHYnus hydrogen production Theddlethorpe,United Kingdom,Europe,Neptune Energy (Eni),Capture,cancelled,Cancelled,,Fuel transformation,Hydrogen or ammonia,capture_capacity,5.0,5.0,,2021,,2027,2023,Dedicated storage,Delphynus,https://www.upstreamonline.com/energy-transition/five-proposed-uk-carbon-capture-projects-meet-governments-eligibility-test/2-1-1047222|https://www.neptuneenergy.com/esg/delphynus-project,2026-03-27,https://www.iea.org/data-and-statistics/data-product/ccus-projects-database,official_workbook,,unmatched-review
iea-2026-0126,Delta Rhyne Corridor,Germany-Netherlands,Europe,"Gasunie, OGE, Shell, and BASF",Transport,concept,Planned,,CO2 T&S,CO2 transport,transport_capacity,22.0,22.0,,2021,,2032,,Dedicated storage,,https://www.shell.nl/media/persberichten/2022-media-releases/delta-corridor-links-industry-with-clean-h2-and-offshore-ccs-sol.html|https://www.shell.nl/media/persberichten/2022-media-releases/delta-corridor-links-industry-with-clean-h2-and-offshore-ccs-sol.html|https://www.delta-rhine-corridor.com/en/press/cooperation-agreement-signed|https://www.gasunie.nl/en/news/start-of-public-project-procedure-for-the-delta-rhine-corridor-marks-major-milestone-in-european-energy-infrastructure|https://breakbulk.news/delays-in-delta-rhine-corridor-put-energy-transition-in-port-of-rotterdam-behind-schedule/,2026-03-27,https://www.iea.org/data-and-statistics/data-product/ccus-projects-database,official_workbook,,unmatched-review
iea-2026-0127,Denbury / Mitsubishi Gulf Coast ammonia project (TBD),United States,North America,"Mitsubishi, ExxonMobil (formerly Denbury carbon solutions)",T&S,concept,Planned,,CO2 T&S,CO2 T&S,storage_injection_capacity,1.8,1.8,,2021,,,,Dedicated storage,,https://www.businesswire.com/news/home/20210921005260/en/Denbury-Executes-Term-Sheet-with-Mitsubishi-Corporation-for-CO2-Transport-and-Storage-from-Ammonia-Project|https://www.mitsubishicorp.com/jp/en/pr/archive/2021/html/0000047790.html,2026-03-27,https://www.iea.org/data-and-statistics/data-product/ccus-projects-database,official_workbook,,unmatched-review
iea-2026-0129,Linde hydrogen to Dow Fort Saskatchewan Path2Zero (ALB),Canada,North America,"Dow Chemical, Linde, Fluor, Wolf Midstream",Capture,construction,Under construction,,Industry,Chemicals,capture_capacity,2.0,2.0,,2021,2023,2029,,Unknown/unspecified,Alberta Carbon Trunk Line (ACTL),"https://corporate.dow.com/en-us/news/press-releases/dow-announces-plan-to-build-world-s-first-net-zero-carbon-emissi|https://cen.acs.org/environment/greenhouse-gases/Dow-details-plan-decarbonize-petrochemical/99/i37#:~:text=Its%20biggest%20initiative%20is%20to,the%20entire%20site%20by%202029|https://fuelcellsworks.com/news/dow-selects-linde-as-clean-hydrogen-and-nitrogen-partner-for-its-proposed-net-zero-carbon-emissions-ethylene-and-derivatives-complex-in-canada/|https://www.nsenergybusiness.com/news/dow-feed-contract-fluor-canadian-ethylene-derivatives-complex/|https://www.linde.com/news-and-media/2024/linde-signs-long-term-agreement-to-supply-clean-hydrogen-to-dow%E2%80%99s-path2zero-project-in-canada|https://www.icis.com/explore/resources/news/2025/09/11/11136832/dow-mulls-1-2-year-delay-for-path2zero-cracker-project-in-canada/",2026-03-27,https://www.iea.org/data-and-statistics/data-product/ccus-projects-database,official_workbook,,unmatched-review
iea-2026-0130,Drax BECCS Project (Phase 1),United Kingdom,Europe,Drax,Capture,concept,Planned,1,Power and heat,Power (bioenergy),capture_capacity,4.3,4.3,4.3,2019,2026,2028,,Dedicated storage,Northern Endurance Partnership,https://www.drax.com/press_release/drax-and-mitsubishi-heavy-industries-sign-pioneering-deal-to-deliver-the-worlds-largest-carbon-capture-power-project/|https://biomassmagazine.com/articles/18574/drax-to-invest-l40m-in-next-stage-of-beccs-project|https://www.drax.com/press_release/british-steel-forges-new-partnership-to-support-draxs-world-leading-carbon-capture-project/|https://www.gov.uk/government/news/environment-agency-consults-on-drax-carbon-capture-plans|https://www.drax.com/press_release/uk-government-approves-planning-application-for-beccs-at-drax-power-station/|https://www.drax.com/press_release/drax-signs-mou-with-harbour-energy-and-bp-to-explore-options-to-transport-and-store-co2/,2026-03-27,https://www.iea.org/data-and-statistics/data-product/ccus-projects-database,official_workbook,uk-drax-beccs,matched-exact
iea-2026-0131,Drax BECCS Project (Phase 2),United Kingdom,Europe,Drax,Capture,concept,Planned,2,Power and heat,Power (bioenergy),capture_capacity,3.7,3.7,3.7,2019,2026,2030,,Dedicated storage,Northern Endurance Partnership,https://www.drax.com/press_release/drax-and-mitsubishi-heavy-industries-sign-pioneering-deal-to-deliver-the-worlds-largest-carbon-capture-power-project/|https://biomassmagazine.com/articles/18574/drax-to-invest-l40m-in-next-stage-of-beccs-project|https://www.gov.uk/government/news/environment-agency-consults-on-drax-carbon-capture-plans|https://www.drax.com/press_release/drax-signs-mou-with-harbour-energy-and-bp-to-explore-options-to-transport-and-store-co2/,2026-03-27,https://www.iea.org/data-and-statistics/data-product/ccus-projects-database,official_workbook,uk-drax-beccs,matched-exact
iea-2026-0132,Dry Fork Integrated Commercial CCS/Wyoming CarbonSafe (WY),United States,North America,"MTR Carbon Capture, Basin Electric Power Cooperative, Electric Power Research Institute, University of Wyoming, Bismarck",Full chain,concept,Planned,1,Power and heat,Power (coal),capture_capacity,3.0,3.0,,2016,,2028,,Dedicated storage,Wyoming CarbonSAFE (WY),https://www.basinelectric.com/News-Center/news-releases/carbon-capture-project-at-dry-fork-station-begins-phase-3-testing|https://www.coalage.com/breaking-news/wyoming-carbonsafe-project-drills-second-exploratory-well-at-dry-fork-station/|https://www.netl.doe.gov/node/1303|http://www.uwyo.edu/cegr/research-projects/wyoming-carbonsafe.html|https://www.energy.gov/fecm/foa-1999-project-selections|https://www.mining.com/co2-storage-project-in-americas-coal-country-one-step-closer-to-becoming-a-reality/|https://www.osti.gov/biblio/1897679,2026-03-27,https://www.iea.org/data-and-statistics/data-product/ccus-projects-database,official_workbook,,unmatched-review
iea-2026-0133,Eastern Wyoming Sequestration Hub (WY) (Juniper I-1),United States,North America,Tallgrass energy,Storage,operating,Operational,,CO2 T&S,CO2 storage,storage_injection_capacity,1.5,1.5,,2022,,2025,,Dedicated storage,Trailblazer CO2 pipeline (NE-WY)/Eastern Wyoming Sequestration Hub (WY),https://www.tallgrass.com/newsroom/press-releases/tallgrass-to-capture-and-sequester-co2-emissions-from-adm-corn-processing-complex-in-nebraska|https://www.epa.gov/system/files/documents/2025-04/juniper_i-1_decision.pdf,2026-03-27,https://www.iea.org/data-and-statistics/data-product/ccus-projects-database,official_workbook,,unmatched-review
iea-2026-0135,Edmonton Blue Hydrogen plant (ALB),Canada,North America,"Mitsubishi Corporation, Shell Canada",Capture,concept,Planned,,Fuel transformation,Hydrogen or ammonia,capture_capacity,1.443,2.4,,2021,,,,Dedicated storage,Atlas Carbon Sequestration Hub (ALB),https://www.mitsubishicorp.com/jp/en/pr/archive/2021/html/0000047710.html,2026-03-27,https://www.iea.org/data-and-statistics/data-product/ccus-projects-database,official_workbook,,unmatched-review
iea-2026-0136,Enbridge Ingleside Energy Center Low carbon ammonia (TX),United States,North America,"Enbridge, Yara",Capture,concept,Planned,,Fuel transformation,Hydrogen or ammonia,capture_capacity,1.89,,,2022,,2028,,Dedicated storage,Corpus Christi CO2 pipeline (TX)/BlueBonnet sequestration hub (TX),"https://www.enbridge.com/media-center/news/details?id=123722&lang=en|https://www.ammoniaenergy.org/articles/enbridge-and-yara-ccs-based-ammonia-in-texas/#:~:text=The%20ammonia%20production%20facility%2C%20pending,the%20facility%20is%20fully%20operational.",2026-03-27,https://www.iea.org/data-and-statistics/data-product/ccus-projects-database,official_workbook,,unmatched-review
iea-2026-0137,Offshore Western Kyushu CCS - J-Power power plant,Japan,Other Asia Pacific,J-Power,Capture,concept,Planned,,Power and heat,Power (coal),capture_capacity,,,,2022,2026,2030,,Dedicated storage,Offshore Western Kyushu CCS,https://www.argusmedia.com/en/news/2329764-japans-eneos-jpower-to-study-domestic-ccs-project|https://www.argusmedia.com/en//news/2458762-japan-to-fund-seven-projects-to-advance-ccs-strategy|https://www.meti.go.jp/english/press/2023/0613_001.html|https://www.meti.go.jp/english/press/2024/0628_005.html|https://www.jpower.co.jp/english/news_release/pdf/news241015_2e.pdf,2026-03-27,https://www.iea.org/data-and-statistics/data-product/ccus-projects-database,official_workbook,,unmatched-review
iea-2026-0138,Energean hydrogen plant,Greece,Europe,Energean Plc,Capture,concept,Planned,,Fuel transformation,Hydrogen or ammonia,capture_capacity,2.5,2.5,,2021,,2030,,Dedicated storage,Prinos CO2 storage,https://www.worldoil.com/news/2021/2/25/energean-proposes-500mm-carbon-storage-facility-in-northern-greece|https://www.halliburton.com/en/about-us/press-release/energean-selects-halliburton-carbon-storage-subsurface-study-greece,2026-03-27,https://www.iea.org/data-and-statistics/data-product/ccus-projects-database,official_workbook,,unmatched-review
iea-2026-0142,ENI Ravenna power plant,Italy,Europe,Eni,Capture,concept,Planned,1,Power and heat,Power (gas),capture_capacity,0.8,0.8,,2020,,2030,,Dedicated storage,Ravenna CCS,https://www.eni.com/en-IT/operations/italy-ravenna-upstream-activities.html,2026-03-27,https://www.iea.org/data-and-statistics/data-product/ccus-projects-database,official_workbook,,unmatched-review
iea-2026-0143,ENI Venice bio-refinery Porto Marghera,Italy,Europe,Eni,Capture,concept,Planned,,Fuel transformation,Refining,capture_capacity,0.2,0.2,,2020,,2030,,Dedicated storage,Ravenna CCS,,2026-03-27,https://www.iea.org/data-and-statistics/data-product/ccus-projects-database,official_workbook,,unmatched-review
iea-2026-0144,Enid fertiliser (OK),United States,North America,"Koch Nitrogen Company, Daylight Petroleum",Full chain,operating,Operational,,Industry,Fertiliser,capture_capacity,0.68,0.68,,,,1982,,EOR,,http://www.zeroco2.no/projects/enid-fertiliser-plant|https://www.osti.gov/servlets/purl/1547301|https://applications.deq.ok.gov/permitspublic/storedpermits/7971.pdf,2026-03-27,https://www.iea.org/data-and-statistics/data-product/ccus-projects-database,official_workbook,,unmatched-review
iea-2026-0145,Ervia Cork CCS - Aghada CCGT,Ireland,Europe,"Aghata, Ervia Cork",Capture,concept,Planned,,Power and heat,Power (gas),capture_capacity,,,,2018,,2030,,Unknown/unspecified,Ervia Cork CCS,https://www.ervia.ie/who-we-are/carbon-capture-storage/Cork-CCUS-CEF-PreFEED-Study-Presentation-Final-Report.pdf,2026-03-27,https://www.iea.org/data-and-statistics/data-product/ccus-projects-database,official_workbook,,unmatched-review
iea-2026-0146,Ervia Cork CCS - Irving refinery,Ireland,Europe,"Irving Oil, Ervia Cork",Capture,concept,Planned,,Fuel transformation,Refining,capture_capacity,2.5,2.5,,2018,,2030,,Dedicated storage,Ervia Cork CCS,https://www.ervia.ie/who-we-are/carbon-capture-storage/Cork-CCUS-CEF-PreFEED-Study-Presentation-Final-Report.pdf,2026-03-27,https://www.iea.org/data-and-statistics/data-product/ccus-projects-database,official_workbook,,unmatched-review
iea-2026-0147,Ervia Cork CCS - Whitegate CCGT,Ireland,Europe,"Whitegate, Ervia Cork",Capture,concept,Planned,,Power and heat,Power (gas),capture_capacity,,,,2018,,2030,,Unknown/unspecified,Ervia Cork CCS,https://www.ervia.ie/who-we-are/carbon-capture-storage/Cork-CCUS-CEF-PreFEED-Study-Presentation-Final-Report.pdf,2026-03-27,https://www.iea.org/data-and-statistics/data-product/ccus-projects-database,official_workbook,,unmatched-review
iea-2026-0148,ExxonMobil Baytown petrochemical site (TX),United States,North America,"ExxonMobil, JERA",Capture,concept,Planned,,Fuel transformation,Refining,capture_capacity,7.0,7.0,,2022,,,,Dedicated storage,Houston CCS Hub,https://corporate.exxonmobil.com/News/Newsroom/News-releases/2022/0301_ExxonMobil-planning-hydrogen-production-carbon-capture-and-storage-at-Baytown-complex|https://corporate.exxonmobil.com/news/newsroom/news-releases/2023/0130_exxonmobil-awards-feed-for-worlds-largest-low-carbon-hydrogen-facility?sf174743581=1|https://www.jera.co.jp/en/news/information/20240325_1852|https://www.honeywell.com/us/en/press/2023/02/exxonmobil-to-deploy-honeywell-carbon-capture-technology|https://corporate.exxonmobil.com/news/news-releases/2024/1211_exxonmobil-announces-plans-to-2030-that-build-on-its-unique-advantages|ExxonMobil shelves flagship blue hydrogen complex in the US due to lack of customers: report | Hydrogen Insight,2026-03-27,https://www.iea.org/data-and-statistics/data-product/ccus-projects-database,official_workbook,,unmatched-review
iea-2026-0149,Exxonmobil Antwerp Refinery CCS,Belgium,Europe,Exxonmobil,Capture,concept,Planned,,Fuel transformation,Refining,capture_capacity,,,,2021,,2030,,Unknown/unspecified,,,2026-03-27,https://www.iea.org/data-and-statistics/data-product/ccus-projects-database,official_workbook,,unmatched-review
iea-2026-0150,Air Products for Exxonmobil Botlek Rotterdam refinery,Netherlands,Europe,"Exxonmobil, Air Products",Capture,construction,Under construction,,Fuel transformation,Refining,capture_capacity,0.958,,,2019,2023,2026,,Dedicated storage,Porthos,https://netherlandsnewslive.com/the-botlek-oil-industry-wants-2-1-billion-euros-for-co2-storage/62256/|https://www.airproducts.com/company/news-center/2023/11/1106-air-products-blue-hydrogen-plant-europe-and-exxonmobil-long-term-agreement|https://www.hydrogeninsight.com/production/largest-in-europe-air-products-announces-blue-hydrogen-plant-at-rotterdam-linked-to-dutch-offshore-ccs-network/2-1-1549667|https://www.h2-view.com/story/carbon-capture-modules-arrive-at-air-products-rotterdam-grey-hydrogen-plant/2134666.article/?utm_source=dlvr.it&utm_medium=twitter&utm_campaign=rss,2026-03-27,https://www.iea.org/data-and-statistics/data-product/ccus-projects-database,official_workbook,,unmatched-review
iea-2026-0152,Fidelis Project Cyclus Baton Rouge (LA) AtmosClear BECCS,United States,North America,"Fidelis new energy (Cyclus Steam & Power, Gron Fuels, Capio Sequestration), ExxonMobil (T&S)",Full chain,concept,Planned,,Power and heat,Power (bioenergy),capture_capacity,0.68,0.68,0.68,2022,2026,2029,,Dedicated storage,Baton Rouge (LA),https://www.babcock.com/home/about/corporate/news/babcock-and-wilcox-with-kiewit-industrial-to-develop-and-deliver-worlds-largest-net-negative-co2-biomass-to-energy-facility-oxybright-carbon-capture-technologies|https://www.prnewswire.com/news-releases/atmosclear-selects-exxonmobil-for-co-transportation-and-storage-302562371.html?tc=eml_cleartime|https://www.reuters.com/sustainability/cop/microsoft-signs-large-carbon-removal-deal-backing-atmosclears-louisiana-project-2025-04-15/|https://www.prnewswire.com/news-releases/fidelis-atmosclear-signs-agreement-with-microsoft-for-high-quality-carbon-removal-from-project-in-louisiana-302428296.html|https://www.prnewswire.com/news-releases/atmosclear-selects-exxonmobil-for-co-transportation-and-storage-302562371.html,2026-03-27,https://www.iea.org/data-and-statistics/data-product/ccus-projects-database,official_workbook,,unmatched-review
iea-2026-0154,Freeport LNG CCS (TX),United States,North America,"Freeport LNG, Storegga",Full chain,concept,Planned,,Fuel transformation,Natural gas processing/LNG,capture_capacity,0.5,0.5,,2021,,2028,,Dedicated storage,,https://www.talosenergy.com/news/press-release-details/2021/Talos-Energy-And-Freeport-LNG-To-Develop-Carbon-Capture-And-Sequestration-Project-On-Texas-Gulf-Coast/default.aspx|https://environmentalintegrity.org/wp-content/uploads/2024/04/OGW_TexasCCSProjects_FactSheet_4.10_Final.pdf|https://www.linkedin.com/posts/decarbonfuse_before-lng-decarbonization-became-a-boardroom-activity-7424832872802492418-YRj5/,2026-03-27,https://www.iea.org/data-and-statistics/data-product/ccus-projects-database,official_workbook,,unmatched-review
iea-2026-0155,Frevar KF / Kvitebjorn BIO-EL (Borg CO2) (2 facilities),Norway,Europe,"Borg Havn, Kvitebjørn Bio-El, FREVAR",Capture,concept,Planned,,Power and heat,Power and heat (waste),capture_capacity,0.12,0.12,0.06,2019,,2035,,Dedicated storage,Northern Lights,https://www.borgco2.no/reports|https://www.geos.ed.ac.uk/sccs/project-info/2222,2026-03-27,https://www.iea.org/data-and-statistics/data-product/ccus-projects-database,official_workbook,,unmatched-review
iea-2026-0156,Frog Lake Power Plant (ALB),Canada,North America,"Net Power, Kanata Clean Power, WSP Canada, VAULT 44.01",Capture,cancelled,Cancelled,,Power and heat,Power (gas),capture_capacity,0.8,0.7,,2021,,2025,,Dedicated storage,Kanata CarbonHub,https://kanataclean.com/2022/01/31/510/,2026-03-27,https://www.iea.org/data-and-statistics/data-product/ccus-projects-database,official_workbook,,unmatched-review
iea-2026-0157,FS Lucas do Rio Verde ethanol biorefinery complex,Brazil,Central and South America,"Summit Agricultural group, Tapajós Participações S.A, FS Bioenergy, Schlumberger (Storage studies)",Full chain,concept,Planned,,Fuel transformation,Bioethanol,capture_capacity,0.423,0.423,0.423,2021,,2030,,Dedicated storage,,https://bioenergyinternational.com/biofuels-oils/fs-plans-south-americas-first-beccs-project-at-fs-lucas-do-rio-verde-in-brazil|https://api.mziq.com/mzfilemanager/v2/d/34aeec8a-d08e-440f-ad7f-324e1e1e7745/68cf1f6d-4617-75a2-7b52-410a119594ca?origin=2|https://bioenergyinternational.com/fs-plans-south-americas-first-beccs-project-at-fs-lucas-do-rio-verde-in-brazil/|https://www.fs.agr.br/en/sustainability/sustainability-reports/|https://petroleohoje.editorabrasilenergia.com.br/schlumberger-perto-de-perfurar-poco-para-ccs-no-mato-grosso/,2026-03-27,https://www.iea.org/data-and-statistics/data-product/ccus-projects-database,official_workbook,,unmatched-review
iea-2026-0158,Future Biogas plants phase 1,United Kingdom,Europe,Future Biogas,Capture,concept,Planned,1,Fuel transformation,Biogas,capture_capacity,0.2,0.2,0.2,2021,,,,Dedicated storage,Northern Lights,https://northernlightsccs.com/news/northern-lights-signs-memorandum-of-understanding-mou-with-future-biogas/,2026-03-27,https://www.iea.org/data-and-statistics/data-product/ccus-projects-database,official_workbook,,unmatched-review
iea-2026-0159,Future Biogas plants phase 2,United Kingdom,Europe,Future Biogas,Capture,concept,Planned,2,Fuel transformation,Biogas,capture_capacity,0.345,0.345,0.345,2021,,2028,,Dedicated storage,Northern Lights,https://northernlightsccs.com/news/northern-lights-signs-memorandum-of-understanding-mou-with-future-biogas/,2026-03-27,https://www.iea.org/data-and-statistics/data-product/ccus-projects-database,official_workbook,,unmatched-review
iea-2026-0160,G2 Net-Zero (LA),United States,North America,"Net Power, Siemens, EJM",Capture,concept,Planned,,Fuel transformation,Natural gas processing/LNG,capture_capacity,4.0,4.0,,2020,,2027,,Unknown/unspecified,,https://www.offshore-energy.biz/g2-advances-its-net-zero-lng-export-project/|https://lngprime.com/americas/mcdermott-bags-g2-power-plant-feed-gig/38487/,2026-03-27,https://www.iea.org/data-and-statistics/data-product/ccus-projects-database,official_workbook,,unmatched-review
iea-2026-0161,Hail and Gasha CO2 Management,United Arab Emirates,Middle East,"ADNOC (70%), Eni (10% - Only CO2 capture), Wintershall Dea (Harbour Energy) (10%), OMV (5%), Lukoil (5%)",Full chain,construction,Under construction,,Fuel transformation,Natural gas processing/LNG,capture_capacity,1.5,1.5,,2021,2023,2028,,Dedicated storage,,https://www.adnoc.ae/our-projects/hail-ghasha/ghasha-mega-project|https://www.h2-view.com/story/adnoc-takes-fid-on-17bn-carbon-capture-and-hydrogen-project/2100053.article.article/|https://www.linde-engineering.com/news-and-events/press-releases/2024/linde-selected-by-nextchem-to-supply-new-carbon-capture-technology-to-adnocs-hail-and-ghasha-project,2026-03-27,https://www.iea.org/data-and-statistics/data-product/ccus-projects-database,official_workbook,,unmatched-review
iea-2026-0162,Genesee CCS (ALB),Canada,North America,"Capital Power, Enbridge (T&S provider)",Capture,cancelled,Cancelled,,Power and heat,Power (gas),capture_capacity,3.0,3.0,,2021,,2027,2024,Dedicated storage,Open Access Wabamun Carbon Hub (ALB),"https://www.capitalpower.com/media/media_releases/capital-power-and-enbridge-collaborate-to-reduce-co2-emissions-in-alberta/|https://www.capitalpower.com/media/media_releases/capital-power-advances-carbon-capture-project-at-genesee/|https://edmontonjournal.com/news/local-news/edmonton-based-capital-power-pulls-plug-carbon-capture-project|https://teitimes.com/post/cancelled-canadian-genesee-ccs-project-wasn-t-economically-feasible#:~:text=Cancelled%20Canadian%20Genesee%20CCS%20project%20wasn't%20economically%20feasible&text=Capital%20Power%20Generation%20has%20cancelled,viable%20but%20not%20economically%20feasible.%E2%80%9D",2026-03-27,https://www.iea.org/data-and-statistics/data-product/ccus-projects-database,official_workbook,,unmatched-review
iea-2026-0163,Gerald Gentleman Station Carbon Capture (NE),United States,North America,"ION Engineering, Nebraska Public Power District, Siemens, Koch Modular, Sargent & Lundy",Capture,concept,Planned,,Power and heat,Power (coal),capture_capacity,3.8,3.8,,2013,,,,EOR,,https://www.nppd.com/press-releases/department-of-energy-awards-funding-for-phase-ii-of-carbon-capture-study-for-gentleman-station?locale=en,2026-03-27,https://www.iea.org/data-and-statistics/data-product/ccus-projects-database,official_workbook,,unmatched-review
iea-2026-0166,Glacial Lakes Energy Aberdeen biorefinery (SD),United States,North America,"Glacial Lakes Energy, Summit Carbon Solutions",Capture,concept,Planned,,Fuel transformation,Bioethanol,capture_capacity,0.14,0.12,0.14,2021,2026,2028,,Dedicated storage,Midwest carbon express,https://www.summitcarbonsolutions.com/our-partners|https://www.reuters.com/markets/commodities/giant-pipeline-us-midwest-tests-future-carbon-capture-2021-11-23/|https://www.summitcarbonsolutions.com/news/scsexpansionannouncement,2026-03-27,https://www.iea.org/data-and-statistics/data-product/ccus-projects-database,official_workbook,,unmatched-review
iea-2026-0168,Glacial Lakes Energy Mina biorefinery (SD),United States,North America,"Glacial Lakes Energy, Summit Carbon Solutions",Capture,concept,Planned,,Fuel transformation,Bioethanol,capture_capacity,0.4,0.34,0.4,2021,2026,2028,,Dedicated storage,Midwest carbon express,https://www.summitcarbonsolutions.com/our-partners|https://www.reuters.com/markets/commodities/giant-pipeline-us-midwest-tests-future-carbon-capture-2021-11-23/|https://www.summitcarbonsolutions.com/news/scsexpansionannouncement,2026-03-27,https://www.iea.org/data-and-statistics/data-product/ccus-projects-database,official_workbook,,unmatched-review
iea-2026-0169,Glacial Lakes Energy Watertown biorefinery (SD),United States,North America,"Glacial Lakes Energy, Summit Carbon Solutions",Capture,concept,Planned,,Fuel transformation,Bioethanol,capture_capacity,0.372,0.32,0.372,2021,2026,2028,,Dedicated storage,Midwest carbon express,https://www.summitcarbonsolutions.com/our-partners|https://www.reuters.com/markets/commodities/giant-pipeline-us-midwest-tests-future-carbon-capture-2021-11-23/|https://www.summitcarbonsolutions.com/news/scsexpansionannouncement,2026-03-27,https://www.iea.org/data-and-statistics/data-product/ccus-projects-database,official_workbook,,unmatched-review
iea-2026-0171,Glacier CCS (ALB) phase 2,Canada,North America,"Entropy Inc., University of Regina, Brookfield Renewable Partners, Clean Energy Technologies Research Institute",Full chain,construction,Under construction,2,Power and heat,Power (gas),capture_capacity,0.23,0.23,,2021,2024,2026,,Dedicated storage,,https://www.newswire.ca/news-releases/advantage-announces-advanced-modular-carbon-capture-and-storage-mccs-technology-first-commercial-mccs-deployment-at-glacier-and-founding-of-entropy-inc--817009085.html|https://entropyinc.com/|https://www.newswire.ca/news-releases/entropy-inc-provides-operational-update-on-glacier-ccs-project-854756477.html|https://www.energyintel.com/0000018c-ace3-dd84-a3fd-bfe3ee4d0000|https://cdn.prod.website-files.com/64e61c8741db7617c22cc2eb/668d1a5509e3ecb0c4143798_2024_07_09%20Entropy%20Q2%20Update.pdf|https://www.entropyinc.com/glacier,2026-03-27,https://www.iea.org/data-and-statistics/data-product/ccus-projects-database,official_workbook,,unmatched-review
iea-2026-0172,Golden Grain Energy Mason City biorefinery (IA),United States,North America,"Golden Grain Energy, Summit Carbon Solutions",Capture,concept,Planned,,Fuel transformation,Bioethanol,capture_capacity,0.343,0.29,0.343,2021,2026,2028,,Dedicated storage,Midwest carbon express,https://www.summitcarbonsolutions.com/our-partners|https://www.reuters.com/markets/commodities/giant-pipeline-us-midwest-tests-future-carbon-capture-2021-11-23/|https://www.summitcarbonsolutions.com/news/scsexpansionannouncement,2026-03-27,https://www.iea.org/data-and-statistics/data-product/ccus-projects-database,official_workbook,,unmatched-review
iea-2026-0173,Gorgon CCS,Australia,Australia and New Zealand,"Chevron (47.3%, operator), Shell (25%), ExxonMobil (25%), Osaka Gas (1.25%), MidOcean Energy (1 %), JERA (0.417%)",Full chain,operating,Operational,,Fuel transformation,Natural gas processing/LNG,capture_capacity,1.6,3.4,,2009,2009,2019,,Dedicated storage,,https://australia.chevron.com/our-businesses/gorgon-project/carbon-capture-and-storage|https://www.chevron.com/-/media/shared-media/documents/chevron-sustainability-report-2021.pdf,2026-03-27,https://www.iea.org/data-and-statistics/data-product/ccus-projects-database,official_workbook,au-gorgon-ccs,matched-exact
iea-2026-0175,Granite Falls biorefinery (MN),United States,North America,"Granite Falls Energy, Summit Carbon Solutions",Capture,concept,Planned,,Fuel transformation,Bioethanol,capture_capacity,0.18,0.15,0.18,2021,2026,2028,,Dedicated storage,Midwest carbon express,https://www.summitcarbonsolutions.com/our-partners|https://www.reuters.com/markets/commodities/giant-pipeline-us-midwest-tests-future-carbon-capture-2021-11-23/|https://www.summitcarbonsolutions.com/news/scsexpansionannouncement,2026-03-27,https://www.iea.org/data-and-statistics/data-product/ccus-projects-database,official_workbook,,unmatched-review
iea-2026-0176,Great Plains Synfuel Plant (ND) Weyburn-Midale (SK),United States-Canada,North America,"Dakota Gasification company, Cenovus, Whitecap, Cardinal",Full chain,operating,Operational,1,Fuel transformation,Coal-to-gas,capture_capacity,3.0,3.0,,1997,,2000,,EOR,Weyburn storage unit,https://www.greencarcongress.com/2021/08/20210819-bakken.html|http://www.zeroco2.no/projects/the-great-plains-synfuels-plant|https://www.dakotagas.com/about-us/co2-capture-and-storage/|https://www.wcap.ca/sustainability/co2-sequestration,2026-03-27,https://www.iea.org/data-and-statistics/data-product/ccus-projects-database,official_workbook,,unmatched-review
iea-2026-0177,Green Plains Atkinson biorefinery (NE),United States,North America,"Green Plains Atkinson, Summit Carbon Solutions",Capture,concept,Planned,,Fuel transformation,Bioethanol,capture_capacity,0.157,0.14,0.157,2021,2026,2028,,Dedicated storage,Midwest carbon express,https://www.summitcarbonsolutions.com/our-partners|https://www.reuters.com/markets/commodities/giant-pipeline-us-midwest-tests-future-carbon-capture-2021-11-23/|https://www.summitcarbonsolutions.com/news/scsexpansionannouncement|https://investor.gpreinc.com/news/news-details/2024/Green-Plains-Announces-Updates-on-Advantage-Nebraska-Carbon-Capture-Project/default.aspx,2026-03-27,https://www.iea.org/data-and-statistics/data-product/ccus-projects-database,official_workbook,,unmatched-review
iea-2026-0178,Green Plains Advantage Nebraska - Central City biorefinery (NE),United States,North America,"Green Plains Central City, Summit Carbon Solutions",Capture,operating,Operational,,Fuel transformation,Bioethanol,capture_capacity,0.332,0.3,0.332,2021,2024,2025,,Dedicated storage,Trailblazer CO2 pipeline (NE-WY)/Eastern Wyoming Sequestration Hub (WY),https://www.summitcarbonsolutions.com/our-partners|https://www.reuters.com/markets/commodities/giant-pipeline-us-midwest-tests-future-carbon-capture-2021-11-23/|https://www.summitcarbonsolutions.com/news/scsexpansionannouncement|https://investor.gpreinc.com/news/news-details/2024/Green-Plains-Announces-Updates-on-Advantage-Nebraska-Carbon-Capture-Project/default.aspx|https://s201.q4cdn.com/120229500/files/doc_news/Green-Plains-Announces-Updates-on-Advantage-Nebraska-Carbon-Capture-Project-2024.pdf|https://investor.gpreinc.com/news/news-details/2025/Green-Plains-Achieves-a-Milestone-as-CO2-from-Nebraska-is-Sequestered-in-Wyoming/default.aspx,2026-03-27,https://www.iea.org/data-and-statistics/data-product/ccus-projects-database,official_workbook,,unmatched-review
iea-2026-0179,Green Plains Fairmont biorefinery (MN),United States,North America,"Green Plains Fairmont, Summit Carbon Solutions",Capture,concept,Planned,,Fuel transformation,Bioethanol,capture_capacity,0.343,0.3,0.343,2021,2026,2028,,Dedicated storage,Midwest carbon express,https://www.summitcarbonsolutions.com/our-partners|https://www.reuters.com/markets/commodities/giant-pipeline-us-midwest-tests-future-carbon-capture-2021-11-23/|https://www.summitcarbonsolutions.com/news/scsexpansionannouncement,2026-03-27,https://www.iea.org/data-and-statistics/data-product/ccus-projects-database,official_workbook,,unmatched-review
iea-2026-0180,Green Plains Otter Tail (Fergus Falls) biorefinery (MN),United States,North America,"Green Plains Otter Tail, Summit Carbon Solutions",Capture,concept,Planned,,Fuel transformation,Bioethanol,capture_capacity,0.172,0.172,0.172,2021,2026,2028,,Dedicated storage,Midwest carbon express,https://www.summitcarbonsolutions.com/our-partners|https://www.reuters.com/markets/commodities/giant-pipeline-us-midwest-tests-future-carbon-capture-2021-11-23/|https://www.summitcarbonsolutions.com/news/scsexpansionannouncement,2026-03-27,https://www.iea.org/data-and-statistics/data-product/ccus-projects-database,official_workbook,,unmatched-review
iea-2026-0181,Green Plains Shenandoah biorefinery (MN),United States,North America,"Green Plains Shenandoah, Summit Carbon Solutions",Capture,concept,Planned,,Fuel transformation,Bioethanol,capture_capacity,0.235,0.21,0.235,2021,2026,2028,,Dedicated storage,Midwest carbon express,https://www.summitcarbonsolutions.com/our-partners|https://www.reuters.com/markets/commodities/giant-pipeline-us-midwest-tests-future-carbon-capture-2021-11-23/|https://www.summitcarbonsolutions.com/news/scsexpansionannouncement,2026-03-27,https://www.iea.org/data-and-statistics/data-product/ccus-projects-database,official_workbook,,unmatched-review
iea-2026-0182,Green Plains Superior biorefinery (IA),United States,North America,"Green Plains Superior, Summit Carbon Solutions",Capture,concept,Planned,,Fuel transformation,Bioethanol,capture_capacity,0.172,0.15,0.172,2021,2026,2028,,Dedicated storage,Midwest carbon express,https://www.summitcarbonsolutions.com/our-partners|https://www.reuters.com/markets/commodities/giant-pipeline-us-midwest-tests-future-carbon-capture-2021-11-23/|https://www.summitcarbonsolutions.com/news/scsexpansionannouncement,2026-03-27,https://www.iea.org/data-and-statistics/data-product/ccus-projects-database,official_workbook,,unmatched-review
iea-2026-0183,Green Plains Advantage Nebraska - Wood River biorefinery (NE),United States,North America,"Green Plains Wood River, Summit Carbon Solutions",Capture,operating,Operational,,Fuel transformation,Bioethanol,capture_capacity,0.346,0.31,0.346,2021,2024,2025,,Dedicated storage,Trailblazer CO2 pipeline (NE-WY)/Eastern Wyoming Sequestration Hub (WY),https://www.summitcarbonsolutions.com/our-partners|https://www.reuters.com/markets/commodities/giant-pipeline-us-midwest-tests-future-carbon-capture-2021-11-23/|https://www.summitcarbonsolutions.com/news/scsexpansionannouncement|https://investor.gpreinc.com/news/news-details/2024/Green-Plains-Announces-Updates-on-Advantage-Nebraska-Carbon-Capture-Project/default.aspx|https://s201.q4cdn.com/120229500/files/doc_news/Green-Plains-Announces-Updates-on-Advantage-Nebraska-Carbon-Capture-Project-2024.pdf|https://investor.gpreinc.com/news/news-details/2025/Green-Plains-Achieves-a-Milestone-as-CO2-from-Nebraska-is-Sequestered-in-Wyoming/default.aspx,2026-03-27,https://www.iea.org/data-and-statistics/data-product/ccus-projects-database,official_workbook,,unmatched-review
iea-2026-0184,Green Plains Advantage Nebraska - York biorefinery (NE),United States,North America,"Green Plains York, Summit Carbon Solutions",Capture,operating,Operational,,Fuel transformation,Bioethanol,capture_capacity,0.143,0.13,0.143,2021,2024,2025,,Dedicated storage,Trailblazer CO2 pipeline (NE-WY)/Eastern Wyoming Sequestration Hub (WY),https://www.summitcarbonsolutions.com/our-partners|https://www.reuters.com/markets/commodities/giant-pipeline-us-midwest-tests-future-carbon-capture-2021-11-23/|https://www.summitcarbonsolutions.com/news/scsexpansionannouncement|https://investor.gpreinc.com/news/news-details/2024/Green-Plains-Announces-Updates-on-Advantage-Nebraska-Carbon-Capture-Project/default.aspx|https://s201.q4cdn.com/120229500/files/doc_news/Green-Plains-Announces-Updates-on-Advantage-Nebraska-Carbon-Capture-Project-2024.pdf|https://investor.gpreinc.com/news/news-details/2025/Green-Plains-Announces-Startup-of-Carbon-Capture-System-at-York-Facility/default.aspx,2026-03-27,https://www.iea.org/data-and-statistics/data-product/ccus-projects-database,official_workbook,,unmatched-review
iea-2026-0186,GreenGen Huaneng IGCC Project Phase III (Tianjin),People's Republic of China,Other Asia Pacific,Huaneng,Full chain,concept,Planned,1,Power and heat,Power (coal),capture_capacity,2.0,2.0,,2011,,2030,,Unknown/unspecified,,https://www.chng.com.cn/detail_zdgjjs/-/article/jXCQ2CQLyPh3/v/839195.html,2026-03-27,https://www.iea.org/data-and-statistics/data-product/ccus-projects-database,official_workbook,,unmatched-review
iea-2026-0187,Gundih CCUS EGR,Indonesia,Other Asia Pacific,"Pertamina, ITB, JGC, J-Power, JANUS (supported by METI Japan)",Full chain,concept,Planned,,Fuel transformation,Natural gas processing/LNG,capture_capacity,0.3,0.3,,2020,,2030,,EOR,,https://www.upstreamonline.com/energy-transition/pertamina-drives-forward-with-ambitious-indonesia-ccus-project-plans/2-1-1032284,2026-03-27,https://www.iea.org/data-and-statistics/data-product/ccus-projects-database,official_workbook,,unmatched-review
iea-2026-0188,H21 Leeds City Gate - Teesside hydrogen,United Kingdom,Europe,Northern Gas Networks,Capture,concept,Planned,,Fuel transformation,Hydrogen or ammonia,capture_capacity,1.5,1.5,,2014,,2035,,Dedicated storage,,https://h21.green/projects/h21-leeds-city-gate/,2026-03-27,https://www.iea.org/data-and-statistics/data-product/ccus-projects-database,official_workbook,,unmatched-review
iea-2026-0190,H2BE,Belgium,Europe,"Equinor, Engie",Capture,concept,Planned,,Fuel transformation,Hydrogen or ammonia,capture_capacity,1.7,1.7,,2021,,2031,,Dedicated storage,,https://www.equinor.com/en/news/20211215-launch-h2be-project-hydrogen-belgium.html,2026-03-27,https://www.iea.org/data-and-statistics/data-product/ccus-projects-database,official_workbook,,unmatched-review
iea-2026-0193,H2NorthEast Phase 1,United Kingdom,Europe,"Kellas Midstream, SSE Thermal (50%)",Capture,concept,Planned,1,Fuel transformation,Hydrogen or ammonia,capture_capacity,0.823,,,2021,2026,2028,,Dedicated storage,Northern Endurance Partnership,"https://www.kellasmidstream.com/news-kellas/kellas-announces-the-development-of-h2northeast-a-low-carbon-blue-hydrogen-production-site-in-teesside-uk#:~:text=H2%20NorthEast%20is%20being%20developed,blue%20hydrogen%20capacity%20by%202030.|https://www.gov.uk/government/publications/cluster-sequencing-phase-2-eligible-projects-power-ccus-hydrogen-and-icc/cluster-sequencing-phase-2-track-1-project-negotiation-list-march-2023|https://www.nof.co.uk/news/2023/october/kellas-midstream-enters-feed-for-its-h2northeast-hydrogen-project-on-teesside/|https://www.sse.com/news-and-views/2023/12/sse-thermal-acquires-50-stake-in-h2northeast-hydrogen-project/",2026-03-27,https://www.iea.org/data-and-statistics/data-product/ccus-projects-database,official_workbook,,unmatched-review
iea-2026-0194,H2NorthEast Phase 2,United Kingdom,Europe,"Kellas Midstream, SSE Thermal (50%)",Capture,concept,Planned,2,Fuel transformation,Hydrogen or ammonia,capture_capacity,1.495,,,2021,,2030,,Dedicated storage,Northern Endurance Partnership,"https://www.kellasmidstream.com/news-kellas/kellas-announces-the-development-of-h2northeast-a-low-carbon-blue-hydrogen-production-site-in-teesside-uk#:~:text=H2%20NorthEast%20is%20being%20developed,blue%20hydrogen%20capacity%20by%202030.|https://www.gov.uk/government/publications/cluster-sequencing-phase-2-eligible-projects-power-ccus-hydrogen-and-icc/cluster-sequencing-phase-2-track-1-project-negotiation-list-march-2023|https://www.nof.co.uk/news/2023/october/kellas-midstream-enters-feed-for-its-h2northeast-hydrogen-project-on-teesside/|https://www.sse.com/news-and-views/2023/12/sse-thermal-acquires-50-stake-in-h2northeast-hydrogen-project/",2026-03-27,https://www.iea.org/data-and-statistics/data-product/ccus-projects-database,official_workbook,,unmatched-review
iea-2026-0195,H2Perth Woodside,Australia,Australia and New Zealand,"Woodside, JSE, KEPCO",Capture,concept,Planned,,Fuel transformation,Hydrogen or ammonia,capture_capacity,,,,2021,,2029,,Unknown/unspecified,,https://files.woodside/docs/default-source/media-releases/woodside%27s-h2perth-to-make-western-australia-a-hydrogen-powerhouse.pdf?sfvrsn=3857b154_2|https://research.csiro.au/hyresource/h2perth-new-project-added-november-2021/|https://www.upstreamonline.com/energy-transition/carbon-capture-investment-decisions-to-watch-in-2022-woodmac/2-1-1160392?utm_content=205143412&utm_medium=social&utm_source=linkedin&hss_channel=lcp-68760596|https://www.mcdermott-investors.com/news/press-release-details/2022/McDermott-Awarded-Pre-FEED-Contract-for-Proposed-H2Perth-Project-from-Woodside-Energy/default.aspx|https://www.boilingcold.com.au/woodside-shrinks-and-delays-perth-hydrogen-plan/|https://www.woodside.com/docs/default-source/about-us-documents/h2perth-general-information-sheet---august-2025.pdf?sfvrsn=68f8574a_1,2026-03-27,https://www.iea.org/data-and-statistics/data-product/ccus-projects-database,official_workbook,,unmatched-review
iea-2026-0196,BP H2Teesside Phase 1,United Kingdom,Europe,"BP, ADNOC",Capture,cancelled,Cancelled,1,Fuel transformation,Hydrogen or ammonia,capture_capacity,1.0,1.0,,2021,,2027,2025,Dedicated storage,Northern Endurance Partnership,https://www.bp.com/en/global/corporate/news-and-insights/press-releases/bp-plans-uks-largest-hydrogen-project.html|https://www.aa.com.tr/en/economy/adnoc-bp-masdar-ink-deal-for-clean-hydrogen-development/2596124|https://www.gov.uk/government/publications/cluster-sequencing-phase-2-eligible-projects-power-ccus-hydrogen-and-icc/cluster-sequencing-phase-2-track-1-project-negotiation-list-march-2023|https://hydrogen-central.com/bp-selects-johnson-matthey-for-first-low-carbon-blue-hydrogen-project/|https://www.bp.com/en_gb/united-kingdom/home/news/press-releases/bp-enters-final-stage-of-negotiations-with-uk-government.html|https://drivinghydrogen.com/2025/12/02/bp-exits-h2teesside-hydrogen-project-as-site-shifts-to-ai-data-centre/,2026-03-27,https://www.iea.org/data-and-statistics/data-product/ccus-projects-database,official_workbook,,unmatched-review
iea-2026-0197,BP H2Teesside Phase 2,United Kingdom,Europe,"BP, ADNOC",Capture,cancelled,Cancelled,2,Fuel transformation,Hydrogen or ammonia,capture_capacity,1.0,1.0,,2021,,2030,2025,Dedicated storage,Northern Endurance Partnership,https://www.bp.com/en/global/corporate/news-and-insights/press-releases/bp-plans-uks-largest-hydrogen-project.html|https://www.aa.com.tr/en/economy/adnoc-bp-masdar-ink-deal-for-clean-hydrogen-development/2596124|https://www.gov.uk/government/publications/cluster-sequencing-phase-2-eligible-projects-power-ccus-hydrogen-and-icc/cluster-sequencing-phase-2-track-1-project-negotiation-list-march-2023|https://hydrogen-central.com/bp-selects-johnson-matthey-for-first-low-carbon-blue-hydrogen-project/|https://drivinghydrogen.com/2025/12/02/bp-exits-h2teesside-hydrogen-project-as-site-shifts-to-ai-data-centre/,2026-03-27,https://www.iea.org/data-and-statistics/data-product/ccus-projects-database,official_workbook,,unmatched-review
iea-2026-0198,Hackberry Carbon Sequestration (HCS) project at Cameron LNG (LA),United States,North America,"TotalEnergies, Sempra Infrastructure, Mitsui, Mitsubishi",Full chain,concept,Planned,,Fuel transformation,Natural gas processing/LNG,capture_capacity,2.0,2.0,,2022,,,,Dedicated storage,,https://totalenergies.com/media/news/press-releases/united-states-launch-carbon-capture-project-decarbonize-liquefied-natural,2026-03-27,https://www.iea.org/data-and-statistics/data-product/ccus-projects-database,official_workbook,,unmatched-review
iea-2026-0199,"Heartland Greenway (IA, IL, MN, NE, SD)",United States,North America,"Valero, Black rock, Navigator",Transport,cancelled,Cancelled,,CO2 T&S,CO2 transport,transport_capacity,15.0,10.0,,2021,,2025,2023,Unknown/unspecified,Heartland Greenway,https://bioenergyinternational.com/storage-logistics/valero-and-blackrock-partner-with-navigator-to-develop-major-ccs-project|https://www.kmaland.com/news/carbon-capture-and-storage-project-coming-to-iowa/article_5da1dd3a-f088-11eb-bcd4-47799904c966.html|https://heartlandgreenway.com/|https://www.prnewswire.com/news-releases/navigator-co2-poet-sign-letter-of-intent-to-capture-transport-and-store-five-5-million-tons-of-co2-annually-301562239.html?tc=eml_cleartime|https://carbonherald.com/navigator-co2-files-for-eminent-domain-and-carbon-pipeline-permit-in-iowa/|https://original.newsbreak.com/@adam-tabriz-1587406/3176625162407-major-pipeline-project-put-on-hold-navigator-delays-heartland-greenway-pipeline,2026-03-27,https://www.iea.org/data-and-statistics/data-product/ccus-projects-database,official_workbook,,unmatched-review
iea-2026-0201,HeidelbergMaterials Brevik,Norway,Europe,"Heidelberg Materials (Norcem), Aker Carbon Capture (tech)",Capture,operating,Operational,,Industry,Cement,capture_capacity,0.4,0.4,0.044,2016,2020,2025,,Dedicated storage,Northern Lights,https://gassnova.no/app/uploads/2020/11/Gassnova-Developing-Longship-FINAL-1.pdf|https://www.heidelbergmaterials.com/en/pr-15-12-2020|https://ccsnorway.com/app/uploads/sites/6/2020/07/NC03-NOCE-A-RA-0009-Redacted-FEED-Study-DG3-Report-Rev01-1.pdf|https://netl.doe.gov/sites/default/files/netl-file/20CCUS_Carpenter.pdf|https://www.slb.com/news-and-insights/newsroom/press-release/2024/slb-capturi-completes-world's-first-industrial-scale-carbon-capture-plant-at-cement-facility|https://www.heidelbergmaterials.com/en/pr-2025-06-18,2026-03-27,https://www.iea.org/data-and-statistics/data-product/ccus-projects-database,official_workbook,,unmatched-review
iea-2026-0202,Heidelberg Materials LEILAC 2,Germany,Europe,"Heidelberg Materials, Calix",Capture,construction,Under construction,,Industry,Cement,capture_capacity,0.1,0.1,,2021,2022,2026,,Unknown/unspecified,,https://www.heidelbergcement.com/en/pr-01-02-2021|https://www.leilac.com/project-leilac-2/,2026-03-27,https://www.iea.org/data-and-statistics/data-product/ccus-projects-database,official_workbook,,unmatched-review
iea-2026-0203,Heron Lake biorefinery (MN),United States,North America,"Heron Lake BioEnergy, Summit Carbon Solutions",Capture,concept,Planned,,Fuel transformation,Bioethanol,capture_capacity,0.186,0.16,0.186,2021,2026,2028,,Dedicated storage,Midwest carbon express,https://www.summitcarbonsolutions.com/our-partners|https://www.reuters.com/markets/commodities/giant-pipeline-us-midwest-tests-future-carbon-capture-2021-11-23/|https://www.summitcarbonsolutions.com/news/scsexpansionannouncement,2026-03-27,https://www.iea.org/data-and-statistics/data-product/ccus-projects-database,official_workbook,,unmatched-review
iea-2026-0205,HIF USA eFuels Matagorda County (TX),United States,North America,HIF USA,CCU,concept,Planned,,DAC,Direct Air Capture,capture_capacity,2.0,2.0,,2021,,2027,,Use,,https://matthey.com/hif-global-jm-honeywell,2026-03-27,https://www.iea.org/data-and-statistics/data-product/ccus-projects-database,official_workbook,,unmatched-review
iea-2026-0206,Highwater Ethanol Lamberton biorefinery (MN),United States,North America,"Highwater Ethanol Lamberton, Summit Carbon Solutions",Capture,concept,Planned,,Fuel transformation,Bioethanol,capture_capacity,0.157,0.13,0.157,2021,2026,2028,,Dedicated storage,Midwest carbon express,https://www.summitcarbonsolutions.com/our-partners|https://www.reuters.com/markets/commodities/giant-pipeline-us-midwest-tests-future-carbon-capture-2021-11-23/|https://www.summitcarbonsolutions.com/news/scsexpansionannouncement,2026-03-27,https://www.iea.org/data-and-statistics/data-product/ccus-projects-database,official_workbook,,unmatched-review
iea-2026-0207,Carbon2Business Laegerdorf,Germany,Europe,"Holcim Group, Hyscale100 consortium",CCU,concept,Planned,,Industry,Cement,capture_capacity,1.2,1.2,,2020,,2030,,Use and storage,,https://www.spglobal.com/platts/en/market-insights/latest-news/electric-power/062521-interview-german-heide-refinery-targets-300-mw-electrolyzer-by-end-2025|https://www.heiderefinery.com/en/energy-transition-large-scale-hydrogen-technology-project-qualifies-for-the-next-round|https://www.westkueste100.de/en/reallabor-westkueste-100-ausgewaehlt/|https://www.westkueste100.de/en/reallabor-westkueste-100-ausgewaehlt/,2026-03-27,https://www.iea.org/data-and-statistics/data-product/ccus-projects-database,official_workbook,,unmatched-review
iea-2026-0208,Homeland Energy Solutions Lawler biorefinery (IA),United States,North America,"Homeland Energy Solutions, Summit Carbon Solutions",Capture,concept,Planned,,Fuel transformation,Bioethanol,capture_capacity,0.572,0.49,0.572,2021,2026,2028,,Dedicated storage,Midwest carbon express,https://www.summitcarbonsolutions.com/our-partners|https://www.reuters.com/markets/commodities/giant-pipeline-us-midwest-tests-future-carbon-capture-2021-11-23/|https://www.summitcarbonsolutions.com/news/scsexpansionannouncement,2026-03-27,https://www.iea.org/data-and-statistics/data-product/ccus-projects-database,official_workbook,,unmatched-review
iea-2026-0209,Horizon Oil Sands (ALB),Canada,North America,Canadian Natural Resources Ltd,CCU,operating,Operational,,Fuel transformation,Refining,capture_capacity,0.4,0.4,,,,2017,,Use,,https://www.cnrl.com/content/uploads/2022-technology-and-innovation-case-studies.pdf,2026-03-27,https://www.iea.org/data-and-statistics/data-product/ccus-projects-database,official_workbook,,unmatched-review
iea-2026-0210,FlagshipONE eMethanol (Hörneborgsverket CHP Örnsköldsvik),Sweden,Europe,"Liquid Wind, Övik Energi",CCU,concept,Planned,,Power and heat,Power (bioenergy),capture_capacity,0.15,0.15,,2021,,,2024,Use,,https://bioenergyinternational.com/biofuels-oils/liquid-wind-secures-sek-151-million-investment-grant-for-flagshipone|https://www.offshore-energy.biz/orsted-joins-liquid-wind-on-flagshipone-e-methanol-project/|https://www.carbonclean.com/news/orsted-flagship-one?utm_content=238332431&utm_medium=social&utm_source=linkedin&hss_channel=lis-oYJKpGyE7r|https://www.carbonclean.com/news/flagship-one-kbr|https://orsted.com/en/company-announcement-list/2024/08/interim-report-for-the-first-half-year-of-2024--in-139870831|https://www.seatrade-maritime.com/alternative-fuels/liquid-wind-picks-up-abandoned-swedish-e-methanol-project-doubles-capacity,2026-03-27,https://www.iea.org/data-and-statistics/data-product/ccus-projects-database,official_workbook,,unmatched-review
iea-2026-0214,Husker Ag Plainview biorefinery (NE),United States,North America,"Husker Ag, Summit Carbon Solutions",Capture,concept,Planned,,Fuel transformation,Bioethanol,capture_capacity,0.315,0.27,0.315,2021,2026,2028,,Dedicated storage,Midwest carbon express,https://www.summitcarbonsolutions.com/our-partners|https://www.reuters.com/markets/commodities/giant-pipeline-us-midwest-tests-future-carbon-capture-2021-11-23/|https://www.summitcarbonsolutions.com/news/scsexpansionannouncement,2026-03-27,https://www.iea.org/data-and-statistics/data-product/ccus-projects-database,official_workbook,,unmatched-review
iea-2026-0215,H-vision plant 1,Netherlands,Europe,bp,Capture,concept,Planned,1,Fuel transformation,Refining,capture_capacity,1.3,1.3,,2018,2026,2030,,Dedicated storage,,https://www.h-vision.nl/en,2026-03-27,https://www.iea.org/data-and-statistics/data-product/ccus-projects-database,official_workbook,,unmatched-review
iea-2026-0216,H-vision plant 2,Netherlands,Europe,bp,Capture,cancelled,Cancelled,2,Fuel transformation,Refining,capture_capacity,,,,2018,,,,Dedicated storage,,https://www.h-vision.nl/en,2026-03-27,https://www.iea.org/data-and-statistics/data-product/ccus-projects-database,official_workbook,,unmatched-review
iea-2026-0217,Hydrogen 2 Magnum (H2M),Netherlands,Europe,"Nuon (Vattenfall sub.), Equinor, Gasunie",Capture,cancelled,Cancelled,,Fuel transformation,Hydrogen or ammonia,capture_capacity,1.3,1.3,,2017,,2029,2025,Dedicated storage,Northern Lights,https://www.equinor.com/en/news/evaluating-conversion-natural-gas-hydrogen.html|https://www.nsenergybusiness.com/projects/nuon-magnum-power-plant/,2026-03-27,https://www.iea.org/data-and-statistics/data-product/ccus-projects-database,official_workbook,,unmatched-review
iea-2026-0218,Hydrogen Energy Supply Chain (HESC) Project Full scale (CarbonNET),Australia,Australia and New Zealand,"Kawasaki heavy industries, J-POWER, Iwatani Corporation, Marubeni Corporation, AGL, Sumitomo Corporation",Capture,cancelled,Cancelled,1,Fuel transformation,Hydrogen or ammonia,capture_capacity,1.8,1.8,,2018,,2030,2025,Dedicated storage,CarbonNet,https://www.offshore-energy.biz/the-first-hydrogen-supply-chain-project-to-start-operations/|https://www.google.com/search?q=HESC+pilot+project&rlz=1C1GCEA_enFR968FR968&oq=HESC+pilot+project&aqs=chrome..69i57j69i60.3115j0j7&sourceid=chrome&ie=UTF-8|https://www.agl.com.au/content/aglenergy/nsw/en/about-agl/media-centre/asx-and-media-releases/2018/april/agl-part-of-world-first-hydrogen-energy-supply-chain-project|https://research.csiro.au/hyresource/hydrogen-energy-supply-chain-pilot-project/|https://www.hydrogenenergysupplychain.com/japan-commits-aud2-35-billion-to-establish-liquefied-hydrogen-supply-chain/|https://www.abc.net.au/news/2024-12-10/coal-hydrogen-hesc-latrobe-valley-japan-kawasaki/104375024,2026-03-27,https://www.iea.org/data-and-statistics/data-product/ccus-projects-database,official_workbook,,candidate-review
iea-2026-0220,Hydrogen to Humber (H2H) Saltend phase 1,United Kingdom,Europe,Equinor,Capture,concept,Planned,1,Fuel transformation,Hydrogen or ammonia,capture_capacity,0.89,0.89,,2020,2028,2032,,Dedicated storage,Northern Endurance Partnership,"https://www.spglobal.com/platts/ru/market-insights/latest-news/electric-power/110221-equinor-progresses-uk-blue-hydrogen-plant-project-with-pre-feed-contracts|https://www.spglobal.com/platts/en/market-insights/latest-news/electric-power/110221-equinor-progresses-uk-blue-hydrogen-plant-project-with-pre-feed-contracts|https://www.spglobal.com/commodityinsights/en/market-insights/latest-news/electric-power/110221-equinor-progresses-uk-blue-hydrogen-plant-project-with-pre-feed-contracts|https://www.offshore-energy.biz/equinor-advances-its-low-carbon-hydrogen-project-with-major-feed-contract-in-place/#:~:text=Equinor's%20UK%20project%2C%20named%20Hydrogen,hub%20for%20low%2Dcarbon%20hydrogen.|https://matthey.com/johnson-matthey-chosen-for-h2h-saltend-low-carbon-hydrogen-project|https://www.equinor.com/news/uk/20240220-h2h-saltend-planning-permission-granted",2026-03-27,https://www.iea.org/data-and-statistics/data-product/ccus-projects-database,official_workbook,,unmatched-review
iea-2026-0222,Illinois Clean Fuels Project (IL),United States,North America,Illinois clean fuels,Capture,concept,Planned,,Fuel transformation,Biodiesel,capture_capacity,9.7,8.1,6.305,2013,2026,2029,,Dedicated storage,,http://icfuels.com/,2026-03-27,https://www.iea.org/data-and-statistics/data-product/ccus-projects-database,official_workbook,,unmatched-review
iea-2026-0223,Illinois Industrial Carbon Capture and Storage (IL),United States,North America,ADM,Full chain,operating,Operational,1,Fuel transformation,Bioethanol,capture_capacity,0.5,0.5,0.5,2009,2011,2017,,Dedicated storage,ADM Decatur Campus CO2 Storage Site Expansion (IL),https://investigatemidwest.org/2020/11/19/despite-hundreds-of-millions-in-tax-dollars-adms-carbon-capture-program-still-hasnt-met-promised-goals/|https://www.greencarcongress.com/2011/08/iccs-20110826.html|https://assets.adm.com/Sustainability/2019-Reports/ADM-WSP-Feasibility-Study-and-Goal-Document.pdf|https://www.eesi.org/articles/view/adm-deploys-carbon-capture-and-sequestration-project-at-illinois-ethanol-pl|https://investigatemidwest.org/2020/11/19/despite-hundreds-of-millions-in-tax-dollars-adms-carbon-capture-program-still-hasnt-met-promised-goals/|https://www.energy.gov/fecm/archer-daniels-midland-company|https://ghgdata.epa.gov/ghgp/service/facilityDetail/2021?id=1005661&ds=A&et=&popup=true,2026-03-27,https://www.iea.org/data-and-statistics/data-product/ccus-projects-database,official_workbook,,unmatched-review
iea-2026-0224,Indian Oil Corporation Koyali refinery,India,Other Asia Pacific,"Indian Oil Corporation (IOCL), Dastur",Full chain,concept,Planned,,Fuel transformation,Refining,capture_capacity,0.7,0.7,,2021,,2030,,Mixed,,https://www.gasworld.com/indian-oils-mammoth-ccus-project-progresses/2020367.article|https://www.dasturenergy.com/dastur-successfully-completes-techno-economic-feasibility-of-indias-largest-carbon-capture-and-utilization-project/,2026-03-27,https://www.iea.org/data-and-statistics/data-product/ccus-projects-database,official_workbook,,unmatched-review
iea-2026-0225,Ineos Antwerp CCS,Belgium,Europe,INEOS,Capture,concept,Planned,,Industry,Chemicals,capture_capacity,,,,2021,,2030,,Unknown/unspecified,,,2026-03-27,https://www.iea.org/data-and-statistics/data-product/ccus-projects-database,official_workbook,,unmatched-review
iea-2026-0226,INEOS Grangemouth refinery and hydrogen production,United Kingdom,Europe,"INEOS, Petroineos",Capture,concept,Planned,,Industry,Chemicals,capture_capacity,1.0,1.0,,2021,,2030,,Dedicated storage,Acorn CCS,https://www.spglobal.com/platts/en/market-insights/latest-news/electric-power/092221-ineos-to-invest-14-bil-in-blue-hydrogen-production-at-grangemouth-refinery|https://www.spglobal.com/commodityinsights/en/market-insights/latest-news/electric-power/092221-ineos-to-invest-14-bil-in-blue-hydrogen-production-at-grangemouth-refinery,2026-03-27,https://www.iea.org/data-and-statistics/data-product/ccus-projects-database,official_workbook,,unmatched-review
iea-2026-0227,Abadi LNG CCS/CCUS,Indonesia,Other Asia Pacific,"Inpex Masela 65%, Pertamina (20%), Petronas (15%)",Full chain,concept,Planned,,Fuel transformation,Natural gas processing/LNG,capture_capacity,2.41,2.41,,2018,,2027,,Unknown/unspecified,,https://www.upstreamonline.com/lng/inpex-further-delays-flagship-abadi-lng-project/2-1-1173044|https://www.ogj.com/pipelines-transportation/lng/article/14292056/inpex-submits-ccs-plan-for-abadi-lng-project|https://www.spglobal.com/commodityinsights/en/market-insights/latest-news/lng/092823-interview-indonesia-to-finalize-presidential-ccsccus-regulation-by-year-end|https://www.inpex.com/english/business/project/abadi.html,2026-03-27,https://www.iea.org/data-and-statistics/data-product/ccus-projects-database,official_workbook,,unmatched-review
iea-2026-0228,"Integrated Mid-Continent Stacked Carbon Storage Hub CarbonSAFE (NB, KS)",United States,North America,"Battelle Memorial Institute, ADM, Schlumberger Carbon Services, Geological Survey of the Nebraska Conservation and Survey Division",T&S,cancelled,Cancelled,,CO2 T&S,CO2 T&S,storage_injection_capacity,1.9,1.9,,2017,,,2021,Dedicated storage,"Integrated Mid-Continent Stacked Carbon Storage Hub CarbonSAFE (NB, KS)",https://www.osti.gov/servlets/purl/1478726,2026-03-27,https://www.iea.org/data-and-statistics/data-product/ccus-projects-database,official_workbook,,unmatched-review
iea-2026-0229,Itochu/Petronas ammonia project (ALB),Canada,North America,"Itochu Corporation, Petronas Energy Canada Ltd, Inter Pipeline Ltd.",Full chain,cancelled,Cancelled,,Fuel transformation,Hydrogen or ammonia,capture_capacity,,,,2021,,2027,2024,Dedicated storage,,https://www.theedgemarkets.com/article/japans-itochu-conduct-feasibility-study-petronas-subsidiary-canada-production-ammonia|https://www.itochu.co.jp/en/news/press/2022/220524.html,2026-03-27,https://www.iea.org/data-and-statistics/data-product/ccus-projects-database,official_workbook,,unmatched-review
iea-2026-0230,Sukowati CO2-EOR (Jambaran Tiung Biru gas processing),Indonesia,Other Asia Pacific,"Pertamina, Lemigas, JAPEX (supported by METI), JOGMEC",Full chain,concept,Planned,,Fuel transformation,Natural gas processing/LNG,capture_capacity,0.93,0.47,,2020,2026,2028,,EOR,,https://www.japanccs.com/wp/wp-content/uploads/2020/10/CCUS-Activities-in-Indonesia_Dr.-Adhi-Wibowo.pdf|https://www.sciencedirect.com/science/article/pii/S0921344921006777#!,2026-03-27,https://www.iea.org/data-and-statistics/data-product/ccus-projects-database,official_workbook,,unmatched-review
iea-2026-0231,James M Barry Electric Generating Plant CCUS (AL),United States,North America,"Southern Company Services, Linde Gas North America LLC, GE Vernova",Capture,concept,Planned,,Power and heat,Power (gas),capture_capacity,0.5,0.5,,2022,,2030,,Unknown/unspecified,,https://netl.doe.gov/project-information?p=FE0032131|https://www.osti.gov/biblio/2377996,2026-03-27,https://www.iea.org/data-and-statistics/data-product/ccus-projects-database,official_workbook,,unmatched-review
iea-2026-0232,Javelina Refinery CCS (TX),United States,North America,"Port of Corpus Christi Authority, Howard Midstream",Capture,concept,Planned,,Fuel transformation,Hydrogen or ammonia,capture_capacity,,,,2021,,,,Unknown/unspecified,,https://portofcc.com/port-of-corpus-christi-responds-to-united-nations-intergovernmental-panel-on-climate-change-announces-carbon-neutral-blue-hydrogen-production-facility/|https://www.greencarcongress.com/2021/08/20210814-pocc.html,2026-03-27,https://www.iea.org/data-and-statistics/data-product/ccus-projects-database,official_workbook,,unmatched-review
iea-2026-0233,Sailboat Green Methanol plant Shengong petrochemical (Jiangsu),People's Republic of China,Other Asia Pacific,"Jiangsu Sailboat Petrochemicals, Carbon Recycling International",CCU,operating,Operational,,Industry,Chemicals,capture_capacity,0.16,0.15,,2021,,2023,,Use,,https://www.carbonrecycling.is/news-media/cri-chemical-plant-project-in-china-will-recycle-150000-tons-of-co2-per-year-to-make-materials-for-solar-panels|https://carbonrecycling.com/about/news/carbon-recycling-international-cri-and-jiangsu-sailboat-start-up-worlds-most-efficient-co2-to-methanol-plant,2026-03-27,https://www.iea.org/data-and-statistics/data-product/ccus-projects-database,official_workbook,,unmatched-review
iea-2026-0236,K6 Program- Lumbres cement plant,France,Europe,"EQIOM, Air Liquide, France Industries, VDZ",Capture,concept,Planned,,Industry,Cement,capture_capacity,0.81,0.81,0.113,2021,,2028,,Dedicated storage,D'Artagnan/Nautilus,https://ec.europa.eu/clima/system/files/2021-11/policy_funding_innovation-fund_large-scale_successful_projects_en.pdf|https://www.nasdaq.com/press-release/air-liquide-and-eqiom-project-in-northern-france-selected-by-the-european-innovation,2026-03-27,https://www.iea.org/data-and-statistics/data-product/ccus-projects-database,official_workbook,,unmatched-review
iea-2026-0237,Kairos@C,Belgium,Europe,"Air Liquide, BASF",Capture,concept,Planned,,Industry,Chemicals,capture_capacity,1.42,1.42,,2021,,2027,,Dedicated storage,,https://ec.europa.eu/clima/system/files/2021-11/policy_funding_innovation-fund_large-scale_successful_projects_en.pdf|https://www.basf.com/global/en/media/news-releases/2021/11/p-21-385.html|https://www.basf.com/global/en/media/news-releases/2021/03/p-21-166.html|https://climate.ec.europa.eu/document/download/c99241e9-797d-469b-9df3-a1da041159c6_en?filename=if_pf_2022_kairos_en.pdf,2026-03-27,https://www.iea.org/data-and-statistics/data-product/ccus-projects-database,official_workbook,,unmatched-review
iea-2026-0238,Karamay Dunhua methanol plant (Xinjiang),People's Republic of China,Other Asia Pacific,Dunhua Oil Company,Full chain,operating,Operational,,Industry,Chemicals,capture_capacity,0.1,0.1,,,,2015,,EOR,,https://www.researchgate.net/publication/342354904_China_Status_of_CO2_Capture_Utilization_and_Storage_CCUS_2019|https://www.adb.org/publications/roadmap-carbon-capture-and-storage-demonstration-and-deployment-prc|http://www.asiachem.org/en/2018CO2-1005|http://www.caep.org.cn/sy/dqhj/gh/202107/W020210726513427451694.pdf,2026-03-27,https://www.iea.org/data-and-statistics/data-product/ccus-projects-database,official_workbook,,unmatched-review
iea-2026-0239,Keadby 3 Carbon Capture Power Station,United Kingdom,Europe,"SSE Thermal, Equinor",Capture,concept,Planned,,Power and heat,Power (gas),capture_capacity,1.5,1.5,,2020,2029,2033,,Dedicated storage,Northern Endurance Partnership,"https://www.ssethermal.com/flexible-generation/development/keadby-3-ccs/|https://aecom.com/uk/press-releases/aecom-to-continue-its-role-on-keadby-3-carbon-capture-power-station-project/|https://news.cision.com/aker-carbon-capture-as/r/new-flagship-project-for-aker-carbon-capture-in-the-uk,c3586443|https://www.equinor.com/news/uk/landmark-power-ccs-project-in-humber-becomes-uk%27s-first-to-gain-planning-consent|https://www.fugro.com/media-centre/news/fulldetails/2023/01/17/fugro-s-geo-data-supports-development-of-uk-s-first-flexible-power-station-with-carbon-capture-technology",2026-03-27,https://www.iea.org/data-and-statistics/data-product/ccus-projects-database,official_workbook,,unmatched-review
iea-2026-0241,Kemper county CCUS (MS),United States,North America,Mississippi Power (Southern Company),Full chain,closed,Decommissioned,,Power and heat,Power (coal),capture_capacity,3.0,3.0,,,2010,2017,2017,EOR,,http://www.zeroco2.no/projects/kemper-county-igcc|https://sequestration.mit.edu/tools/projects/kemper.html,2026-03-27,https://www.iea.org/data-and-statistics/data-product/ccus-projects-database,official_workbook,,unmatched-review
iea-2026-0244,Kern River Eastridge cogeneration plant San Joaquin Valley (CA),United States,North America,Chevron,Capture,concept,Planned,,Power and heat,Power (gas),capture_capacity,,,,2022,,,,Dedicated storage,,https://www.chevron.com/newsroom/2022/q2/chevron-launches-carbon-capture-and-storage-project-in-san-joaquin-valley,2026-03-27,https://www.iea.org/data-and-statistics/data-product/ccus-projects-database,official_workbook,,unmatched-review
iea-2026-0245,KeyState Natural Gas Synthesis (ARCH2) (PA),United States,North America,KeyState Energy,Full chain,concept,Planned,,Industry,Fertiliser,capture_capacity,0.5,0.5,,2021,,2028,,Dedicated storage,,https://environmental.pasenategop.com/wp-content/uploads/sites/34/2021/03/03.10.2021-Babb-Perry-KeyState-Senate-Energy-Comm.-Hearing-3.10.21.pdf|https://keystate.net/projects/pa/|https://www.carboncapturejournal.com/ViewNews.aspx?NewsID=5838,2026-03-27,https://www.iea.org/data-and-statistics/data-product/ccus-projects-database,official_workbook,,unmatched-review
iea-2026-0246,Kollsnes DAC facility,Norway,Europe,"Carbon Removal, Occidental",Capture,cancelled,Cancelled,,DAC,Direct Air Capture,capture_capacity,0.5,0.5,0.5,2021,,2027,,Dedicated storage,Northern Lights,https://carbonengineering.com/news-updates/partnership-dac-norway/?utm_campaign=CE%20Announcements&utm_content=188638613&utm_medium=social&utm_source=twitter&hss_channel=tw-1000093259207655425,2026-03-27,https://www.iea.org/data-and-statistics/data-product/ccus-projects-database,official_workbook,,unmatched-review
iea-2026-0247,Korea CCS 1 & 2,South Korea,Other Asia Pacific,Korea Carbon Capture and Sequestration R&D,Capture,cancelled,Cancelled,,Power and heat,Power (coal),capture_capacity,1.0,1.0,,2010,,,2022,Unknown/unspecified,,,2026-03-27,https://www.iea.org/data-and-statistics/data-product/ccus-projects-database,official_workbook,,unmatched-review
iea-2026-0249,Porthos onshore transport,Netherlands,Europe,"Energie Beheer Nederland (EBN), Gasunie, Port of Rotterdam",Transport,construction,Under construction,1,CO2 T&S,CO2 transport,transport_capacity,10.0,10.0,,2018,2023,2026,,Dedicated storage,Porthos,https://www.porthosco2.nl/en/|https://www.reuters.com/sustainability/construction-major-dutch-carbon-storage-project-can-continue-high-court-2023-08-16/,2026-03-27,https://www.iea.org/data-and-statistics/data-product/ccus-projects-database,official_workbook,,unmatched-review
iea-2026-0250,Labarge Shute Creek Gas Processing Plant 1.2 Mtpa expansion (WY),United States,North America,ExxonMobil,Full chain,construction,Under construction,,Fuel transformation,Natural gas processing/LNG,capture_capacity,1.0,1.0,,2021,2022,2026,,Unknown/unspecified,,https://corporate.exxonmobil.com/news/newsroom/news-releases/2022/0225_exxonmobil-to-expand-carbon-capture-and-storage-at-labarge-wyoming-facility|https://www.sciencedirect.com/science/article/pii/S1876610211008101|http://www.zeroco2.no/projects/enid-fertiliser-plant|https://corporate.exxonmobil.com/news/news-releases/2022/0225_exxonmobil-to-expand-carbon-capture-and-storage-at-labarge-wyoming-facility,2026-03-27,https://www.iea.org/data-and-statistics/data-product/ccus-projects-database,official_workbook,,unmatched-review
iea-2026-0251,Labarge Shute Creek Gas Processing Plant 2010 expansion (WY),United States,North America,"ExxonMobil, Fleur de Lis Energy LLC/Renee Acquisition LLC ; Chevron; Devon Energy Denbury",Full chain,operating,Operational,2,Fuel transformation,Natural gas processing/LNG,capture_capacity,3.5,3.5,,2008,2008,2010,,EOR,,https://www.ogj.com/general-interest/companies/article/17284133/exxonmobil-finishes-shute-creek-carbon-capture-expansion,2026-03-27,https://www.iea.org/data-and-statistics/data-product/ccus-projects-database,official_workbook,,unmatched-review
iea-2026-0252,Labarge Shute Creek Gas Processing Plant original (WY),United States,North America,"ExxonMobil, Fleur de Lis Energy LLC/Renee Acquisition LLC ; Chevron; Devon Energy Denbury",Full chain,operating,Operational,1,Fuel transformation,Natural gas processing/LNG,capture_capacity,3.5,3.5,,,1984,1986,,EOR,,https://www.sciencedirect.com/science/article/pii/S1876610211008101|https://corporate.exxonmobil.com/-/media/global/files/advancing-climate-solutions-progress-report/2023/2023-acs-progress-report.pdf|https://ghgdata.epa.gov/ghgp/service/facilityDetail/2021?id=1002150&ds=A&et=&popup=true,2026-03-27,https://www.iea.org/data-and-statistics/data-product/ccus-projects-database,official_workbook,,unmatched-review
iea-2026-0253,LafargeHolcim Portland (CO),United States,North America,"Electricore, Svante, Amrize, Occidental, TotalEnergies",Capture,concept,Planned,,Industry,Cement,capture_capacity,1.3,1.3,,2020,,2032,,Dedicated storage,,https://energynorthern.com/2020/09/18/further-development-of-co2ment-project/|https://www.holcim.com/joint-carbon-capture-project-usa-plant|https://www.linkedin.com/posts/bob-slettehaugh_we-are-excited-to-be-working-with-holcim-activity-6925459018538700800-H4-M?utm_source=linkedin_share&utm_medium=member_desktop_web|https://www.holcim.com/media/media-releases/joint-carbon-capture-project-usa-plant|https://www.holcim.com/sites/holcim/files/2024-04/28022024-holcim-climate-report-2023.pdf,2026-03-27,https://www.iea.org/data-and-statistics/data-product/ccus-projects-database,official_workbook,,unmatched-review
iea-2026-0254,LafargeHolcim Ste Genevieve (MO),United States,North America,"University of Illinois, Amrize, Air Liquide",Capture,concept,Planned,,Industry,Cement,capture_capacity,2.75,2.75,,2021,,2029,,Dedicated storage,,https://cementproducts.com/2021/12/06/lafargeholcim-study-to-advance-carbon-capture-tech/|https://netl.doe.gov/sites/default/files/netl-file/22CM_PSC15_Salih.pdf|https://netl.doe.gov/sites/default/files/netl-file/23CM_PSCC31_Salih.pdf,2026-03-27,https://www.iea.org/data-and-statistics/data-product/ccus-projects-database,official_workbook,,unmatched-review
iea-2026-0255,Lake Charles Methanol II (LA),United States,North America,"Proman, ExxonMobil (formerly Denbury), Fluor",Capture,concept,Planned,,Industry,Chemicals,capture_capacity,4.2,4.0,,2009,2026,2027,,Use and storage,,https://www.lakecharlesmethanol.com/|https://www.lakecharlesmethanol.com/clean-energy,2026-03-27,https://www.iea.org/data-and-statistics/data-product/ccus-projects-database,official_workbook,,unmatched-review
iea-2026-0257,Project Blue - El Dorado (AR),United States,North America,"Lapis Energy, LSB",Full chain,concept,Planned,,Fuel transformation,Hydrogen or ammonia,capture_capacity,0.4,0.4,,2022,,2027,,Dedicated storage,,https://lapisenergy.com/lapis-energy-to-develop-carbon-capture-sequestration-project-with-lsb-industries/,2026-03-27,https://www.iea.org/data-and-statistics/data-product/ccus-projects-database,official_workbook,,unmatched-review
iea-2026-0258,HeidelbergMaterials Edmonton Cement (ALB),Canada,North America,"Heidelberg Materials, Government of Canada (MoU), Enbridge",Capture,concept,Planned,1,Industry,Cement,capture_capacity,1.0,1.0,0.5,2019,2026,2028,,Dedicated storage,Open Access Wabamun Carbon Hub (ALB),https://www.lehighhanson.com/resources/news/news/2021/01/22/low-carbon-cement-possible-with-ccs|https://www.cemnet.com/News/story/172124/lehigh-cement-signs-mou-for-edmonton-ccus-project.html|https://eralberta.ca/wp-content/uploads/2022/04/Lehigh-Edmonton-CCS-Feasibility-ERA-Project-Outcomes-Non-Confidential.pdf|https://www.mhi.com/news/24041103.html|https://www.heidelbergmaterials.com/en/pr-2023-04-06|https://www.canada.ca/en/innovation-science-economic-development/news/2023/04/government-of-canada-signs-partnership-with-heidelberg-materials-to-decarbonize-the-cement-and-concrete-industry.html|https://www.mhi.com/news/23081702.html,2026-03-27,https://www.iea.org/data-and-statistics/data-product/ccus-projects-database,official_workbook,,unmatched-review
iea-2026-0259,CalCC Lhoist Air Liquide Lime plant Réty,France,Europe,"Lhoist, Air Liquide, Dunkerque LNG, Eqiom, RTE",Capture,concept,Planned,,Industry,Lime,capture_capacity,0.7,0.7,,2022,,2028,,Dedicated storage,D'Artagnan/Nautilus,https://www.airliquide.com/group/press-releases-news/2022-05-09/air-liquide-and-lhoist-join-forces-launch-first-its-kind-decarbonization-project-lime-production|https://climate.ec.europa.eu/system/files/2022-07/LSC2_List_of_pre-selected_projects_6.pdf,2026-03-27,https://www.iea.org/data-and-statistics/data-product/ccus-projects-database,official_workbook,,unmatched-review
iea-2026-0260,Lincolnway Energy Nevada biorefinery (IA),United States,North America,"Lincolnway Energy, Summit Carbon Solutions",Capture,concept,Planned,,Fuel transformation,Bioethanol,capture_capacity,0.257,0.22,0.257,2021,2026,2028,,Dedicated storage,Midwest carbon express,https://www.summitcarbonsolutions.com/our-partners|https://www.reuters.com/markets/commodities/giant-pipeline-us-midwest-tests-future-carbon-capture-2021-11-23/|https://www.summitcarbonsolutions.com/news/scsexpansionannouncement,2026-03-27,https://www.iea.org/data-and-statistics/data-product/ccus-projects-database,official_workbook,,unmatched-review
iea-2026-0261,Svante capture Linde SMR plant (TX),United States,North America,BP,Capture,concept,Planned,,Fuel transformation,Hydrogen or ammonia,capture_capacity,1.435,1.435,,2021,,2027,,Dedicated storage,,https://www.bp.com/en/global/corporate/news-and-insights/press-releases/bp-and-linde-plan-major-ccs-project-to-advance-decarbonization-efforts-across-texas-gulf-coast.html|https://www.energy.gov/fecm/articles/us-department-energy-selects-12-projects-improve-fossil-based-hydrogen-production|https://netl.doe.gov/sites/default/files/netl-file/23CM_PSCC1_Shah.pdf,2026-03-27,https://www.iea.org/data-and-statistics/data-product/ccus-projects-database,official_workbook,,unmatched-review
iea-2026-0262,Lone Star Storage Hub Project (Jasper) (TX),United States,North America,"BP carbon solutions, Linde (capture/CO2 supplier)",T&S,concept,Planned,,CO2 T&S,CO2 T&S,storage_injection_capacity,15.0,15.0,,2022,,2028,,Dedicated storage,Lone Star Storage Hub Project (Jasper) (TX),https://www.bp.com/en/global/corporate/news-and-insights/press-releases/bp-and-linde-plan-major-ccs-project-to-advance-decarbonization-efforts-across-texas-gulf-coast.html,2026-03-27,https://www.iea.org/data-and-statistics/data-product/ccus-projects-database,official_workbook,,unmatched-review
iea-2026-0263,LIPOR Maia Energy Recovery Plant PtL facility,Portugal,Europe,"LIPOR (Intermunicipal Waste Management of Greater Porto), P2X Europe, Veolia",CCU,concept,Planned,,Power and heat,Power and heat (waste),capture_capacity,0.1,0.1,,2022,,,,Use,,https://www.veolia.com/en/our-media/newsroom/press-releases/power-liquid-project-transforms-municipal-waste-waste-derived-CO2-portugal,2026-03-27,https://www.iea.org/data-and-statistics/data-product/ccus-projects-database,official_workbook,,unmatched-review
iea-2026-0264,Little Sioux Corn Processors Marcus biorefinery (IA),United States,North America,"Little Sioux Corn Processors, Summit Carbon Solutions",Capture,concept,Planned,,Fuel transformation,Bioethanol,capture_capacity,0.458,0.39,0.458,2021,2026,2028,,Dedicated storage,Midwest carbon express,https://www.summitcarbonsolutions.com/our-partners|https://www.reuters.com/markets/commodities/giant-pipeline-us-midwest-tests-future-carbon-capture-2021-11-23/|https://www.summitcarbonsolutions.com/news/scsexpansionannouncement,2026-03-27,https://www.iea.org/data-and-statistics/data-product/ccus-projects-database,official_workbook,,unmatched-review
iea-2026-0265,Liverpool Bay CCS project phase 1,United Kingdom,Europe,"Eni CCUS Holding (Liverpool Bay CCS Ltd, Bacton CCS Ltd, Tellus CCS Ltd, and Eni Netherlands CCUS BV)",T&S,construction,Under construction,1,CO2 T&S,CO2 T&S,storage_injection_capacity,4.5,4.5,,2020,2025,2028,,Dedicated storage,Hynet North West (Liverpool Bay CO2 storage),https://www.upstreamonline.com/energy-transition/carbon-capture-investment-decisions-to-watch-in-2022-woodmac/2-1-1160392?utm_content=205143412&utm_medium=social&utm_source=linkedin&hss_channel=lcp-68760596|https://www.eni.com/en-IT/media/press-release/2023/03/eni-as-the-key-ccs-developer-in-the-uk.html|https://www.halliburton.com/en/about-us/press-release/halliburton-wins-well-completions-contract-hynet-north-west-carbon-capture-storage-project|https://www.eni.com/content/dam/enicom/documents/press-release/migrated/2025-en/04/pr-Financial-Close-Eni.pdf|https://www.nstauthority.co.uk/news-publications/gbp2bn-hynet-carbon-storage-project-will-provide-massive-jobs-and-net-zero-boost/,2026-03-27,https://www.iea.org/data-and-statistics/data-product/ccus-projects-database,official_workbook,,unmatched-review
iea-2026-0266,Liverpool Bay CCS expansion project (phase 2),United Kingdom,Europe,"Eni CCUS Holding (Liverpool Bay CCS Ltd, Bacton CCS Ltd, Tellus CCS Ltd, and Eni Netherlands CCUS BV)",T&S,concept,Planned,2,CO2 T&S,CO2 T&S,storage_injection_capacity,5.5,5.5,,2020,,2035,,Dedicated storage,Hynet North West (Liverpool Bay CO2 storage),https://www.upstreamonline.com/energy-transition/carbon-capture-investment-decisions-to-watch-in-2022-woodmac/2-1-1160392?utm_content=205143412&utm_medium=social&utm_source=linkedin&hss_channel=lcp-68760596|https://www.eni.com/en-IT/media/press-release/2023/03/eni-as-the-key-ccs-developer-in-the-uk.html|https://www.halliburton.com/en/about-us/press-release/halliburton-wins-well-completions-contract-hynet-north-west-carbon-capture-storage-project,2026-03-27,https://www.iea.org/data-and-statistics/data-product/ccus-projects-database,official_workbook,,unmatched-review
iea-2026-0267,Lost Cabin Gas Plant (WY),United States,North America,"Contango Oil & Gas (bought plant in 2021 from Conocophillips), ExxonMobil (formerly Denbury)",Full chain,operating,Operational,,Fuel transformation,Natural gas processing/LNG,capture_capacity,0.9,0.9,,2010,2011,2013,,EOR,,https://s201.q4cdn.com/317576541/files/doc_presentation/2022/08/08/2022-08-DEN-August-Corporate-Presentation_MASTER-(1).pdf|https://www.naturalgasintel.com/contango-snags-conocophillips-gassy-wind-river-assets-for-67m/|http://pipeline.wyo.gov/plantcode.cfm?gp_code=2765,2026-03-27,https://www.iea.org/data-and-statistics/data-product/ccus-projects-database,official_workbook,,unmatched-review
iea-2026-0268,Louis Dreyfus Grand Junction biorefinery (IA),United States,North America,"Louis Dreyfus Grand Junction, Summit Carbon Solutions",Capture,concept,Planned,,Fuel transformation,Bioethanol,capture_capacity,0.343,0.29,0.343,2021,2026,2028,,Dedicated storage,Midwest carbon express,https://www.summitcarbonsolutions.com/our-partners|https://www.reuters.com/markets/commodities/giant-pipeline-us-midwest-tests-future-carbon-capture-2021-11-23/|https://www.summitcarbonsolutions.com/news/scsexpansionannouncement,2026-03-27,https://www.iea.org/data-and-statistics/data-product/ccus-projects-database,official_workbook,,unmatched-review
iea-2026-0269,Louis Dreyfus Norfolk biorefinery (IA),United States,North America,"Louis Dreyfus Norfolk, Summit Carbon Solutions",Capture,concept,Planned,,Fuel transformation,Bioethanol,capture_capacity,0.152,0.13,0.152,2021,2026,2028,,Dedicated storage,Midwest carbon express,https://www.summitcarbonsolutions.com/our-partners|https://www.reuters.com/markets/commodities/giant-pipeline-us-midwest-tests-future-carbon-capture-2021-11-23/|https://www.summitcarbonsolutions.com/news/scsexpansionannouncement,2026-03-27,https://www.iea.org/data-and-statistics/data-product/ccus-projects-database,official_workbook,,unmatched-review
iea-2026-0270,Louisiana Green Fuels Project (LA),United States,North America,"Strategic Biofuels LLC, Louisianna Green Fuels, SLB Capturi",Full chain,concept,Planned,,Fuel transformation,Biodiesel,capture_capacity,1.36,1.36,1.36,2021,2026,2028,,Dedicated storage,,"https://bioenergyinternational.com/strategic-biofuels-completes-ccs-test-well-program-at-planned-biorefinery-site/|https://strategicbiofuels.com/|https://biomassmagazine.com/articles/18800/strategic-biofuels-project-moves-into-feed#:~:text=Strategic%20Biofuels%2C%20the%20leader%20in,end%20engineering%20design%20(FEED)%20or|https://www.naturalgasintel.com/louisiana-green-diesel-project-using-ccs-advancing-for-caldwell-parish-port/|https://matthey.com/jm-and-bp-strategic-biofuels-project|https://strategicbiofuels.com/wp-content/uploads/2023/06/SLB-News-Release-1.pdf|https://www.sumitomocorp.com/-/media/Files/us/news/release/2024/scoa/20240408/SCOASB482024.pdf",2026-03-27,https://www.iea.org/data-and-statistics/data-product/ccus-projects-database,official_workbook,us-strategic-biofuels,matched-exact
iea-2026-0271,Lyse Forus Energigjenvinning Stavanger,Norway,Europe,"Lyse, Forus Energi, Aker Carbon Capture (tech)",Capture,concept,Planned,,Power and heat,Power and heat (waste),capture_capacity,0.1,0.1,0.05,2021,,2030,,Dedicated storage,,https://www.districtenergy.org/blogs/district-energy/2021/02/03/aker-carbon-capture-eyes-ccs-project-at-waste-to-e|https://akercarboncapture.com/about-us/key-projects/|https://kommunikasjon.ntb.no/pressemelding/17900327/lyse-og-forus-energigjenvinning-vil-fange-co2-med-aker-carbon-capture?publisherId=6131895,2026-03-27,https://www.iea.org/data-and-statistics/data-product/ccus-projects-database,official_workbook,,unmatched-review
iea-2026-0273,Meadowbrook Carbon Storage Hub (MCSH) (ALB) initial start-up,Canada,North America,Bison Low Carbon Ventures,T&S,operating,Operational,,CO2 T&S,CO2 T&S,storage_injection_capacity,0.002,0.002,,2022,2024,2025,,Dedicated storage,Meadowbrook Carbon Storage Hub (MCSH) (ALB),https://fortsaskonline.com/articles/alberta-picks-six-proposals-to-develop-carbon-storage-hubs-in-industrial-heartland|https://www.alberta.ca/carbon-sequestration-tenure-management.aspx|https://www.marubeni.com/en/news/2023/release/00073.html|https://static1.squarespace.com/static/61d72b07c04d092970089446/t/67c091a7f2e3677508811dbd/1740673447793/Meadowbrook+PR+-+AER+D65+Approval.pdf|https://static1.squarespace.com/static/61d72b07c04d092970089446/t/6938da48ee10863183f662a7/1765333576543/Start-up+Phase+1.pdf,2026-03-27,https://www.iea.org/data-and-statistics/data-product/ccus-projects-database,official_workbook,,unmatched-review
iea-2026-0274,Mendota BECCS power project (Clean Energy Systems Carbon Negative Energy Plant - Central Valley) (CA),United States,North America,"Schlumberger New Energy, Chevron Corp., Microsoft, Clean Energy Systems Chevron Corporation, Schlumberger New Energy, Microsoft and Clean Energy Systems",Full chain,cancelled,Cancelled,,Power and heat,Power (bioenergy),capture_capacity,0.3,0.3,0.3,2021,,2025,2023,Dedicated storage,,https://www.chevron.com/stories/chevron-microsoft-and-schlumberger-partner-on-carbon-negative-bioenergy|https://www.cleanenergysystems.com/MendotaBECCS|https://www.asce.org/publications-and-news/civil-engineering-source/civil-engineering-magazine/article/2021/04/companies-join-forces-to-develop-carbon-negative-bioenergy-facility,2026-03-27,https://www.iea.org/data-and-statistics/data-product/ccus-projects-database,official_workbook,,unmatched-review
iea-2026-0275,MEPAU Mid West CCUS hub,Australia,Australia and New Zealand,"Mitsui E&P Australia (MEPAU), JOGMEC",Capture,concept,Planned,,Fuel transformation,Hydrogen or ammonia,capture_capacity,,,,2021,,2028,,Dedicated storage,Cygnus CCS Hub,https://www.energyvoice.com/renewables-energy-transition/ccs/404600/australia-pledges-50m-for-two-ccs-hubs/|https://www.mitsui.com/jp/en/topics/2021/1242033_12171.html|https://www.mepau.com.au/project/cygnus-hub/,2026-03-27,https://www.iea.org/data-and-statistics/data-product/ccus-projects-database,official_workbook,,unmatched-review
iea-2026-0276,Mid West Clean Energy Project,Australia,Australia and New Zealand,Pilot Energy,Capture,concept,Planned,,Fuel transformation,Hydrogen or ammonia,capture_capacity,1.0,1.0,,2021,,2028,,Dedicated storage,Cliff Head CCS Project,https://www.pilotenergy.com.au/sites/pilotenergy.com.au/files/asx-announcements/61045427.pdf|https://www.pilotenergy.com.au/sites/pilotenergy.com.au/files/asx-announcements/61013340.pdf|https://fuelcellsworks.com/news/consortium-formed-to-progress-pilots-mid-west-blue-hydrogen-and-carbon-capture-storage-ccs-project/|https://hydrogen-central.com/pilot-energy-studies-competitive-clean-hydrogen-ammonia-producer/|https://www.kn-cc.com/news/newsflash-kncc-pilotenergy|https://www.pilotenergy.com.au/mid-west-clean-energy-project/,2026-03-27,https://www.iea.org/data-and-statistics/data-product/ccus-projects-database,official_workbook,,unmatched-review
iea-2026-0277,Midwest AgEnergy Blue Flint ethanol (ND),United States,North America,"Blue Flint Sequester Company LLC, Harvestone Low Carbon Partners, Ag Energy Group LLC",Full chain,operating,Operational,,Fuel transformation,Bioethanol,capture_capacity,0.2,0.2,0.2,2020,,2023,,Dedicated storage,,https://www.biofuelsdigest.com/bdigest/2020/10/14/midwest-agenergy-drilling-ccs-test-well-at-blue-flint-ethanol-plant/|https://www.midwestagenergy.com/story-midwest-agenergys-blue-flint-facility-advancing-co2-project-receives-34-million-grant-375-204078|https://www.nd.gov/ndic/csea/applications/r1/C-01-08%20public%20documents/MAG%20CSEA%20Application%20-Carbon%20Capture%20&%20Sequestration%20Project%20110121.pdf|https://ethanolproducer.com/articles/harvestone-co2-injection-commences-at-blue-flint-ethanol-ccs-project,2026-03-27,https://www.iea.org/data-and-statistics/data-product/ccus-projects-database,official_workbook,,unmatched-review
iea-2026-0278,"Midwest Carbon Express (NE, SD, ND, MI, IA)",United States,North America,Summit carbon solutions (SK E&S 10%),T&S,concept,Planned,,CO2 T&S,CO2 T&S,storage_injection_capacity,12.0,12.0,,2021,2026,2028,,Dedicated storage,Midwest carbon express,https://www.reuters.com/markets/commodities/giant-pipeline-us-midwest-tests-future-carbon-capture-2021-11-23/|https://www.summitcarbonsolutions.com/news/scsexpansionannouncement|https://www.dtnpf.com/agriculture/web/ag/news/article/2023/08/04/summits-carbon-project-faces-setback|https://www.carboncapturejournal.com/ViewNews.aspx?NewsID=6248|https://www.reuters.com/world/us/south-dakota-bans-use-eminent-domain-carbon-dioxide-pipelines-2025-03-06/,2026-03-27,https://www.iea.org/data-and-statistics/data-product/ccus-projects-database,official_workbook,,unmatched-review
iea-2026-0279,Mikawa Power Plant BECCS Fukuoka Prefecture,Japan,Other Asia Pacific,"SIGMA Power Ariake (Toshiba), ESS",Capture,operating,Operational,,Power and heat,Power (bioenergy),capture_capacity,0.18,0.18,0.18,2016,2017,2020,,Use and storage,,https://www.global.toshiba/ww/news/energy/2020/10/news-20201031-01.html|https://www.chemengonline.com/japanese-consortium-begins-five-year-large-scale-carbon-capture-project/|https://www.global.toshiba/ww/news/corporate/2016/07/pr2601.html|https://papers.ssrn.com/sol3/papers.cfm?abstract_id=4282099#,2026-03-27,https://www.iea.org/data-and-statistics/data-product/ccus-projects-database,official_workbook,,unmatched-review
iea-2026-0280,Mote biomass-to-hydrogen plant Kern County (CA),United States,North America,"Mote, CarbonCure, Fluor Corporation, SungasRenewables",Capture,concept,Planned,,Fuel transformation,Hydrogen or ammonia,capture_capacity,0.14,0.14,0.131,2021,,2028,,Mixed,,https://www.greencarcongress.com/2021/12/20211216-mote.html|https://www.businesswire.com/news/home/20220524005541/en/Mote-Enters-Advanced-Stage-of-Engineering-Design-for-Southern-California-Carbon-Negative-Hydrogen-Facility,2026-03-27,https://www.iea.org/data-and-statistics/data-product/ccus-projects-database,official_workbook,,unmatched-review
iea-2026-0282,Angel CCS,Australia,Australia and New Zealand,"Woodside, bp, Shell, Chevron, MIMI (50/50 Mitsubishi and Mitsui), Yara Piralba (JV for capture)",T&S,concept,Planned,,CO2 T&S,CO2 T&S,storage_injection_capacity,5.0,5.0,,2022,,,,Dedicated storage,Angel CCS,https://www.energyvoice.com/renewables-energy-transition/ccs/404600/australia-pledges-50m-for-two-ccs-hubs/|https://www.offshore-energy.biz/woodside-bp-and-mimi-join-forces-for-ccs-study-in-australia/|https://www.woodside.com/docs/default-source/media-releases/angel-ccs-jv-and-yara-collaborate-on-carbon-capture-and-storage.pdf?sfvrsn=6465c43b_17,2026-03-27,https://www.iea.org/data-and-statistics/data-product/ccus-projects-database,official_workbook,,unmatched-review
iea-2026-0283,Mustang Station Carbon Capture (TX),United States,North America,"Golden Spread Electric Cooperative, University of Texas at Austin",Full chain,concept,Planned,,Power and heat,Power (gas),capture_capacity,1.5,1.5,,2019,,,,Dedicated storage,,https://www.energy.gov/fecm/foa-2058-front-end-engineering-design-feed-studies-carbon-capture-systems-coal-and-natural-gas,2026-03-27,https://www.iea.org/data-and-statistics/data-product/ccus-projects-database,official_workbook,,unmatched-review
iea-2026-0284,Nauticol and Enhance Energy blue methanol project (ALB),Canada,North America,"Nauticol, Enhance Energy",Capture,cancelled,Cancelled,,Industry,Chemicals,capture_capacity,0.9,1.0,,2021,,2025,2023,Dedicated storage,The Grande Prairie CCS Hub (ALB),,2026-03-27,https://www.iea.org/data-and-statistics/data-product/ccus-projects-database,official_workbook,,unmatched-review
iea-2026-0285,L10 CCS,Netherlands,Europe,"Eni CCUS Holding (Liverpool Bay CCS Ltd, Bacton CCS Ltd, Tellus CCS Ltd, and Eni Netherlands CCUS BV), EBN, ExxonMobil, Tenaz Energy",T&S,concept,Planned,1,CO2 T&S,CO2 T&S,storage_injection_capacity,5.0,5.0,,2020,2027,2030,,Dedicated storage,Aramis/L10 CCS,https://www.offshore-mag.com/renewable-energy/article/14188825/neptune-energy-leading-dutch-north-sea-carbon-capture-and-storage-study|https://www.neptuneenergy.com/esg/l10-area-ccs-development|https://www.neptuneenergy.com/esg/l10-area-ccs-development|https://www.neptuneenergy.com/media/press-releases/year/2023/dutch-large-scale-co2-storage-project-l10ccs-reaches-feed-phase,2026-03-27,https://www.iea.org/data-and-statistics/data-product/ccus-projects-database,official_workbook,,unmatched-review
iea-2026-0286,L10 CCS phase 2,Netherlands,Europe,"Neptune Energy (Eni), EBN, Tenaz Energy Netherlands Offshore, XTO Netherlands",Storage,cancelled,Cancelled,2,CO2 T&S,CO2 storage,storage_injection_capacity,3.0,3.0,,2021,,,,Dedicated storage,Aramis/L10 CCS,https://www.offshore-mag.com/renewable-energy/article/14188825/neptune-energy-leading-dutch-north-sea-carbon-capture-and-storage-study|https://www.neptuneenergy.com/esg/l10-area-ccs-development|https://www.neptuneenergy.com/esg/l10-area-ccs-development,2026-03-27,https://www.iea.org/data-and-statistics/data-product/ccus-projects-database,official_workbook,,unmatched-review
iea-2026-0287,Net Zero Teesside Power,United Kingdom,Europe,"BP, Equinor, GE Vernova",Capture,construction,Under construction,,Power and heat,Power (gas),capture_capacity,2.4,2.4,,2018,2024,2028,,Dedicated storage,Northern Endurance Partnership,https://www.carboncapturejournal.com/ViewNews.aspx?NewsID=4894|https://www.gov.uk/government/publications/cluster-sequencing-phase-2-eligible-projects-power-ccus-hydrogen-and-icc/cluster-sequencing-phase-2-track-1-project-negotiation-list-march-2023|https://www.netzeroteesside.co.uk/news/net-zero-teesside-nzt-power-named-on-desnzs-track-1-project-negotiation-list/|https://www.newcivilengineer.com/latest/costain-completes-engineering-design-for-two-carbon-capture-projects-on-teesside-01-02-2024/|https://www.gov.uk/government/news/the-net-zero-teesside-project-development-consent-decision-announced,2026-03-27,https://www.iea.org/data-and-statistics/data-product/ccus-projects-database,official_workbook,,unmatched-review
iea-2026-0288,NextDecade Rio Grande LNG (TX),United States,North America,"NextDecade, Mistubishi Heavy Industries (ESA/Tech)",Capture,cancelled,Cancelled,,Fuel transformation,Natural gas processing/LNG,capture_capacity,5.0,5.0,,2021,,2026,2024,Unknown/unspecified,BlueBonnet sequestration hub (TX),https://www.naturalgasintel.com/nextdecade-targets-rio-grande-fid-early-next-year-after-latest-spa/|https://investors.next-decade.com/news-releases/news-release-details/nextdecade-announces-positive-final-investment-decision-and-0|https://www.gasworld.com/story/carbon-capture-plans-dropped-from-rio-grande-lng-in-texas/2143115.article/|https://investors.next-decade.com/news-releases/news-release-details/nextdecade-announces-positive-final-investment-decision-and-0,2026-03-27,https://www.iea.org/data-and-statistics/data-product/ccus-projects-database,official_workbook,,unmatched-review
iea-2026-0289,East Niigata area CCS (capture sources under evaluation),Japan,Other Asia Pacific,"JAPEX, Tohoku Electric Power, Mitsubishi Gas Chemical, Hokuetsu, NRI",T&S,concept,Planned,,CO2 T&S,CO2 T&S,storage_injection_capacity,1.5,1.5,,2023,,2030,,Dedicated storage,East Niigata area CCS,https://www.japex.co.jp/en/news/detail/20220530_02/|https://www.japex.co.jp/en/news/detail/20230808_01/,2026-03-27,https://www.iea.org/data-and-statistics/data-product/ccus-projects-database,official_workbook,,unmatched-review
iea-2026-0290,Norske Skog Saugbrugs (Borg CO2),Norway,Europe,"Borg Havn, Norske Skog Saugbrugs",Capture,concept,Planned,,Industry,Pulp and paper,capture_capacity,0.15,0.15,0.149,2019,,2035,,Dedicated storage,Northern Lights,https://www.borgco2.no/reports|https://www.geos.ed.ac.uk/sccs/project-info/2222|https://norsus.no/wp-content/uploads/LCA-of-CCS-and-CCU_OR-28.21_final-report-1-1.pdf,2026-03-27,https://www.iea.org/data-and-statistics/data-product/ccus-projects-database,official_workbook,,unmatched-review
iea-2026-0293,NWR Sturgeon Refinery (ALB),Canada,North America,Northwest Redwater Partnership,Capture,operating,Operational,,Fuel transformation,Refining,capture_capacity,1.3,1.3,,2011,2014,2020,,EOR,Alberta Carbon Trunk Line (ACTL)/Enhance Clive Sequestration Facility (ALB),https://www.sciencedirect.com/science/article/pii/S1876610213008849|https://open.alberta.ca/dataset/90f61413-0ef1-45a4-9e1c-6bff7c23fd7e/resource/f63e6823-4eec-4a62-9590-b6a091c7a058/download/energy-actl-knowledge-sharing-2019-summary-report.pdf,2026-03-27,https://www.iea.org/data-and-statistics/data-product/ccus-projects-database,official_workbook,,unmatched-review
iea-2026-0294,Northern Endurance Partnership phase 1,United Kingdom,Europe,"BP, Equinor, TotalEnergies",T&S,construction,Under construction,1,CO2 T&S,CO2 T&S,storage_injection_capacity,4.0,4.0,,2018,2024,2028,,Dedicated storage,Northern Endurance Partnership,https://www.netzeroteesside.co.uk/northern-endurance-partnership/|https://www.upstreamonline.com/energy-transition/five-proposed-uk-carbon-capture-projects-meet-governments-eligibility-test/2-1-1047222|https://genesisenergies.com/news/genesis-awarded-northern-endurance-partnership-nep-offshore-feed|https://www.equinor.com/news/uk/20220512-east-coast-cluster-carbon-storage-licences|https://www.upstreamonline.com/energy-transition/carbon-capture-investment-decisions-to-watch-in-2022-woodmac/2-1-1160392?utm_content=205143412&utm_medium=social&utm_source=linkedin&hss_channel=lcp-68760596|https://www.reuters.com/business/sustainable-business/shell-pulls-out-large-carbon-capture-project-northern-england-2023-04-25/|https://www.newcivilengineer.com/latest/costain-completes-engineering-design-for-two-carbon-capture-projects-on-teesside-01-02-2024/,2026-03-27,https://www.iea.org/data-and-statistics/data-product/ccus-projects-database,official_workbook,uk-northern-endurance,matched-exact
iea-2026-0295,Northern Lights Phase 1,Norway,Europe,"Shell (33.3%), TotalEnergies (33.3%), Equinor (33.3%)",T&S,operating,Operational,1,CO2 T&S,CO2 T&S,storage_injection_capacity,1.5,1.5,,2017,2020,2025,,Dedicated storage,Northern Lights,https://netl.doe.gov/sites/default/files/netl-file/20CCUS_Carpenter.pdf|https://ec.europa.eu/eusurvey/runner/Consultation_PCIcandidates_CO2networks|https://ccsnorway.com/app/uploads/sites/6/2020/10/Potential-for-reduced-cost-for-carbon-capture-2019.pdf|https://www.regjeringen.no/contentassets/943cb244091d4b2fb3782f395d69b05b/en-gb/pdfs/stm201920200033000engpdfs.pdf|https://totalenergies.com/projects/carbon-capture-and-storage/northern-lights-first-major-carbon-capture-and-storage-project|https://www.svanehoj.com/about/news/svanehoj-to-supply-pumps-for-northern-lights-co2-carriers/|https://energy.ec.europa.eu/news/connecting-europe-facility-nearly-eu600-million-energy-infrastructure-contributing-decarbonisation-2023-12-08_en,2026-03-27,https://www.iea.org/data-and-statistics/data-product/ccus-projects-database,official_workbook,,unmatched-review
iea-2026-0296,Northern Lights Phase 2,Norway,Europe,"Shell (33.3%), TotalEnergies (33.3%), Equinor (33.3%)",T&S,construction,Under construction,2,CO2 T&S,CO2 T&S,storage_injection_capacity,3.7,3.7,,2017,2025,2028,,Dedicated storage,Northern Lights,https://netl.doe.gov/sites/default/files/netl-file/20CCUS_Carpenter.pdf|https://norlights.com/news/northern-lights-awards-ship-management-contract-to-k-line/|https://ec.europa.eu/eusurvey/runner/Consultation_PCIcandidates_CO2networks|https://ccsnorway.com/app/uploads/sites/6/2020/10/Potential-for-reduced-cost-for-carbon-capture-2019.pdf|https://www.regjeringen.no/contentassets/943cb244091d4b2fb3782f395d69b05b/en-gb/pdfs/stm201920200033000engpdfs.pdf|https://energy.ec.europa.eu/news/connecting-europe-facility-nearly-eu600-million-energy-infrastructure-contributing-decarbonisation-2023-12-08_en|https://norlights.com/news/northern-lights-enters-charter-agreement-to-expand-fleet-with-a-fourth-co2-ship/,2026-03-27,https://www.iea.org/data-and-statistics/data-product/ccus-projects-database,official_workbook,,unmatched-review
iea-2026-0297,Northern Plains Nitrogen Blue ammonia (ND),United States,North America,"Northern Plains Nitrogen, Summit Carbon Solutions (T&S)",Capture,concept,Planned,,Industry,Fertiliser,capture_capacity,0.5,0.5,,2013,,,,Dedicated storage,Midwest carbon express,https://www.grandforksherald.com/news/local/although-no-word-northern-plains-nitrogen-plant-is-imminent-in-grand-forks-press-release-sparks-discussion|https://northernplainsnitrogen.com/summit-carbon-solutions-partners-with-blue-ammonia-project-to-decarbonize-ag-supply-chain/|https://www.prnewswire.com/news-releases/summit-carbon-solutions-partners-with-blue-ammonia-project-to-decarbonize-ag-supply-chain-301457380.html,2026-03-27,https://www.iea.org/data-and-statistics/data-product/ccus-projects-database,official_workbook,,unmatched-review
iea-2026-0299,One Earth Energy ethanol CCS (IL),United States,North America,One Earth Energy,Capture,concept,Planned,,Fuel transformation,Bioethanol,capture_capacity,0.45,0.45,0.45,2020,2026,2028,,Dedicated storage,CarbonSAFE Illinois Storage Corridor (IL),http://www.ethanolproducer.com/articles/18527/rex-reports-profitable-q2-for-ethanol-segment|https://www.energy.gov/fecm/foa-1999-project-selections|https://netl.doe.gov/project-information?p=FE0031892|http://ethanolproducer.com/articles/17119/doe-funds-ccus-project-at-ethanol-plant-opens-new-ccus-foa|https://ethanolproducer.com/articles/20070/rex-reports-progress-with-ccs-project-plans-capacity-expansion,2026-03-27,https://www.iea.org/data-and-statistics/data-product/ccus-projects-database,official_workbook,,unmatched-review
iea-2026-0300,Open Access Wabamun Carbon Hub (ALB),Canada,North America,"Enbridge, Capital Power, First Nation Capital Investment Partnership (FNCIP)",T&S,concept,Planned,,CO2 T&S,CO2 T&S,storage_injection_capacity,4.0,4.0,,2022,,2027,,Dedicated storage,Open Access Wabamun Carbon Hub (ALB),https://www.capitalpower.com/media/media_releases/capital-power-and-enbridge-collaborate-to-reduce-co2-emissions-in-alberta/|https://www.cemnet.com/News/story/172124/lehigh-cement-signs-mou-for-edmonton-ccus-project.html|https://www.prnewswire.com/news-releases/lehigh-cement-and-enbridge-agree-to-advance-a-co2-storage-solution-in-alberta-301468110.html|https://www.eralberta.ca/projects/details/genesee-ccs/|https://www.enbridge.com/projects-and-infrastructure/projects/open-access-wabamun-carbon-hub|https://majorprojects.alberta.ca/details/Open-Access-Wabamun-Carbon-Hub/9512,2026-03-27,https://www.iea.org/data-and-statistics/data-product/ccus-projects-database,official_workbook,,unmatched-review
iea-2026-0301,Origins project (ALB),Canada,North America,Enhance Energy,T&S,concept,Planned,,CO2 T&S,CO2 T&S,storage_injection_capacity,20.0,20.0,,2022,,2030,,Dedicated storage,Origins project (ALB),https://majorprojects.alberta.ca/details/Origins-Carbon-Sequestration-Hub-Project/8539|https://www.newswire.ca/news-releases/enhance-energy-announces-the-origins-project-a-carbon-sequestration-hub-in-central-alberta-814211988.html|https://enhanceenergy.com/our-operations/|https://enhanceenergy.com/origins-ccs-hub-receives-approval/,2026-03-27,https://www.iea.org/data-and-statistics/data-product/ccus-projects-database,official_workbook,,unmatched-review
iea-2026-0302,Hafslund Oslo Celsio,Norway,Europe,"Hafslund Oslo Celsio (formerly Fortum Oslo Varme), Aker Carbon Capture (SLB Capturi)",Capture,construction,Under construction,,Power and heat,Power and heat (waste),capture_capacity,0.35,0.35,0.175,2016,2025,2029,,Dedicated storage,Northern Lights,https://gassnova.no/app/uploads/2020/11/Gassnova-Developing-Longship-FINAL-1.pdf|https://www.spglobal.com/commodityinsights/en/market-insights/latest-news/electric-power/111621-interview-fortum-oslo-varme-hails-ccs-for-waste-plant-as-model-for-hard-to-abate-sectors|https://gassnova.no/en/news/revised-state-budget-government-guarantees-carbon-capture-at-klemetsrud|https://www.businesswire.com/news/home/20220703005020/en/Technip-Energies-Awarded-a-Large-EPC-Contract-by-Hafslund-Oslo-Celsio-for-a-World-First-Carbon-Capture-and-Storage-Project-at-Waste-to-Energy-Plant-in-Norway|https://gassnova.no/en/news/celsio-puts-klemetsrud-carbon-capture-project-on-hold,2026-03-27,https://www.iea.org/data-and-statistics/data-product/ccus-projects-database,official_workbook,,unmatched-review
iea-2026-0303,Hanson Padeswood Cement Works CCS,United Kingdom,Europe,"Heidelberg Materials, Hanson",Capture,construction,Under construction,,Industry,Cement,capture_capacity,0.8,0.8,0.08,2021,2025,2029,,Dedicated storage,Liverpool Bay CO2 storage (Hynet),https://www.constructionnews.co.uk/news/cement-giant-aims-to-bring-uk-first-net-zero-plant-online-by-2027-06-04-2022/|https://www.mhi.com/news/22121502.html|https://www.gov.uk/government/publications/cluster-sequencing-phase-2-eligible-projects-power-ccus-hydrogen-and-icc/cluster-sequencing-phase-2-track-1-project-negotiation-list-march-2023|https://www.padeswoodccs.co.uk/sites/default/files/2023-03/hanson-padeswood-ccs-initial-consultation-brochure.pdf|https://www.heidelbergmaterials.com/en/pr-2025-09-25,2026-03-27,https://www.iea.org/data-and-statistics/data-product/ccus-projects-database,official_workbook,uk-hynet-padeswood,matched-exact
iea-2026-0304,PCS Nitrogen Geismar Ammonia plant (LA),United States,North America,"Nutrien, ExxonMobil (formerly Denbury carbon solutions)",Capture,cancelled,Cancelled,,Fuel transformation,Hydrogen or ammonia,capture_capacity,1.8,1.2,,2022,,2027,2023,Dedicated storage,Denbury Green pipeline /Gemini (LA),https://nutrien-prod-asset.s3.us-east-2.amazonaws.com/s3fs-public/uploads/2022-05/Nutrien%20Announces%20Intention%20to%20Build%20World%E2%80%99s%20Largest%20Clean%20Ammonia%20Production%20Facility.pdf|https://direct.argusmedia.com/newsandanalysis/Article/2476003,2026-03-27,https://www.iea.org/data-and-statistics/data-product/ccus-projects-database,official_workbook,,unmatched-review
iea-2026-0305,PCS Nitrogen-Geismar plant (LA),United States,North America,"Nutrien, ExxonMobil (formerly Denbury carbon solutions)",Full chain,operating,Operational,,Industry,Fertiliser,capture_capacity,0.3,0.2,,2011,2011,2013,,EOR,,https://www.bizjournals.com/dallas/news/2013/05/10/denbury-using-plant-emissions-for-oil.html|https://www.ammoniaenergy.org/wp-content/uploads/2020/12/Blake-Adair.pdf|https://s1.q4cdn.com/594864049/files/doc_presentations/2017/2017-February-Corporate-Presentation-Final.pdf|https://www.wafb.com/story/13947240/pcs-nitrogen-plant-will-restart/,2026-03-27,https://www.iea.org/data-and-statistics/data-product/ccus-projects-database,official_workbook,,unmatched-review
iea-2026-0307,Peterhead Carbon Capture Power Station,United Kingdom,Europe,"SSE Thermal, Equinor",Capture,concept,Planned,,Power and heat,Power (gas),capture_capacity,1.5,1.5,,2021,2029,2033,,Dedicated storage,Acorn CCS,https://www.equinor.com/en/where-we-are/united-kingdom/110521-peterhead-CCS.html|https://www.sse.com/news-and-views/2022/03/peterhead-takes-major-step-towards-low-carbon-power-as-planning-application-submitted/|https://www.ssethermal.com/media/jjohpz30/peterhead-faq.pdf|https://www.heraldscotland.com/news/25298427.campaigners-urge-scot-gov-reject-new-peterhead-gas-plant/,2026-03-27,https://www.iea.org/data-and-statistics/data-product/ccus-projects-database,official_workbook,,unmatched-review
iea-2026-0308,Peterhead Power Station CCS (2011 version),United Kingdom,Europe,"SSE, Shell",Full chain,cancelled,Cancelled,,Power and heat,Power (gas),capture_capacity,1.5,1.0,,2011,,2020,2015,Dedicated storage,,https://www.sciencedirect.com/science/article/pii/S1876610214024722|http://www.scottishenergynews.com/cancellation-of-peterhead-carbon-capture-project-huge-strategic-loss-to-uk/,2026-03-27,https://www.iea.org/data-and-statistics/data-product/ccus-projects-database,official_workbook,,unmatched-review
iea-2026-0309,Petra Nova Carbon Capture (TX),United States,North America,"NRG (equity), JX Nippon (equity), JBIC (debt), Mizhou bank (backed by NEXI)(debt)",Full chain,operating,Operational,,Power and heat,Power (coal),capture_capacity,1.4,1.4,,2009,2014,2016,2020,EOR,,https://www.eia.gov/todayinenergy/detail.php?id=33552|https://www.energy.gov/fecm/petra-nova-wa-parish-project|https://sequestration.mit.edu/tools/projects/wa_parish.html|https://www.power-eng.com/environmental-emissions/carbon-capture-storage/groundbreaking-petra-nova-ccs-project-back-up-and-running-owner-says/,2026-03-27,https://www.iea.org/data-and-statistics/data-product/ccus-projects-database,official_workbook,,unmatched-review
iea-2026-0310,Petrobras Santos Basin pre-salt oilfield CCS (ES),Brazil,Central and South America,Petrobas,Full chain,operating,Operational,1,Fuel transformation,Natural gas processing/LNG,capture_capacity,14.2,3.0,,2011,,2013,,EOR,,https://sequestration.mit.edu/tools/projects/lula.html|https://www.offshore-mag.com/geosciences/article/16763789/petrobras-tests-new-technologies-for-co2-capture-storage|https://www.ogci.com/case-study/petrobras-applying-carbon-capture-and-eor-at-scale-in-ultra-deep-waters-case-study/|https://sustentabilidade.petrobras.com.br/documents/42532/0/2021%20SUSTAINABILITY%20REPORT/343f2b9c-8bbb-ef73-0cb9-b797fad3f896|https://www.gasworld.com/story/air-products-ceo-bemoans-self-inflicted-failures-on-delayed-alberta-project/2155614.article/,2026-03-27,https://www.iea.org/data-and-statistics/data-product/ccus-projects-database,official_workbook,,unmatched-review
iea-2026-0311,Petronas Kasawari gas field CCS project (Kasawari Phase 2 project),Malaysia,Other Asia Pacific,"Petronas, Technip, National Petroleum Construction Company, Worley (EPC), Kawasaki Heavy Industries, Malaysia Marine and Heavy Engineering Sdn Bhd (Compressor)",Full chain,construction,Under construction,2,Fuel transformation,Natural gas processing/LNG,capture_capacity,3.3,3.3,,2020,2022,2030,,Dedicated storage,,https://www.offshore-energy.biz/petronas-picks-xodus-for-malaysian-offshore-carbon-capture-project/|https://www.petronas.com/flow/business/offer-no-other|https://ijglobal.com/articles/160281/petronas-moves-forward-kasawari-ccs|https://www.upstreamonline.com/exclusive/petronas-awards-dual-feed-contracts-for-worlds-largest-offshore-ccs-project/2-1-1167988|http://tradearabia.com/touch/article/OGN/395506|https://www.petronas.com/media/media-releases/petronas-carigali-reaches-final-investment-decision-kasawari-ccs-project|https://investors.bakerhughes.com/news-releases/news-release-details/baker-hughes-supply-key-technology-one-worlds-largest-offshore,2026-03-27,https://www.iea.org/data-and-statistics/data-product/ccus-projects-database,official_workbook,my-kasawari,matched-exact
iea-2026-0312,Phillips 66 Humber refinery,United Kingdom,Europe,Phillips 66,Capture,concept,Planned,,Fuel transformation,Refining,capture_capacity,0.5,0.5,,2021,,2028,,Dedicated storage,Viking CCS,https://www.harbourenergy.com/sustainability/v-net-zero/|https://www.woodplc.com/news/latest-press-releases/2021/wood-awarded-contract-for-humber-zero-project|https://www.santos.com/news/moomba-ccs-project-boosted-by-a15-million-grant-from-carbon-capture-use-and-storage-development-fund/|https://fueloilnews.co.uk/2022/05/shell-tech-deal-will-see-phillips-66-refinery-first-to-reduce-co2-emissions/|https://144000848.fs1.hubspotusercontent-eu1.net/hubfs/144000848/Humber-Zero-Technology-Report.pdf,2026-03-27,https://www.iea.org/data-and-statistics/data-product/ccus-projects-database,official_workbook,,unmatched-review
iea-2026-0313,Pieridae Caroline Carbon Capture Power Complex Phase 1 (ALB),Canada,North America,Pieridae Energy Ltd.,Full chain,concept,Planned,1,Power and heat,Power (gas),capture_capacity,1.0,1.0,,2021,,,,Dedicated storage,,https://www.globenewswire.com/en/news-release/2021/05/27/2237301/0/en/Pieridae-Creating-Caroline-Carbon-Capture-Power-Complex.html|https://gascompressionmagazine.com/2021/06/04/6014/,2026-03-27,https://www.iea.org/data-and-statistics/data-product/ccus-projects-database,official_workbook,,unmatched-review
iea-2026-0314,Pieridae Caroline Carbon Capture Power Complex Phase 2 (ALB),Canada,North America,Pieridae Energy Ltd.,Full chain,concept,Planned,2,Power and heat,Power (gas),capture_capacity,2.0,2.0,,2021,,,,Dedicated storage,,https://www.globenewswire.com/en/news-release/2021/05/27/2237301/0/en/Pieridae-Creating-Caroline-Carbon-Capture-Power-Complex.html|https://gascompressionmagazine.com/2021/06/04/6014/,2026-03-27,https://www.iea.org/data-and-statistics/data-product/ccus-projects-database,official_workbook,,unmatched-review
iea-2026-0315,Pine Lake Corn Processors Steamboat Rock biorefinery (IA),United States,North America,"Pine Lake Corn Processors, Summit Carbon Solutions",Capture,concept,Planned,,Fuel transformation,Bioethanol,capture_capacity,0.229,0.19,0.229,2021,2026,2028,,Dedicated storage,Midwest carbon express,https://www.summitcarbonsolutions.com/our-partners|https://www.reuters.com/markets/commodities/giant-pipeline-us-midwest-tests-future-carbon-capture-2021-11-23/|https://www.summitcarbonsolutions.com/news/scsexpansionannouncement,2026-03-27,https://www.iea.org/data-and-statistics/data-product/ccus-projects-database,official_workbook,,unmatched-review
iea-2026-0316,Plant Daniel Carbon Capture (MS),United States,North America,Southern Company Services,Capture,concept,Planned,,Power and heat,Power (gas),capture_capacity,1.8,1.8,,2019,,,,Dedicated storage,Project ECO2S: Early CO2 Storage Complex in Kemper County (MS),https://www.energy.gov/fecm/foa-2058-front-end-engineering-design-feed-studies-carbon-capture-systems-coal-and-natural-gas|https://www.osti.gov/biblio/1890156,2026-03-27,https://www.iea.org/data-and-statistics/data-product/ccus-projects-database,official_workbook,,unmatched-review
iea-2026-0317,Plymouth Energy Merrill biorefinery (IA),United States,North America,"Plymouth Energy, Summit Carbon Solutions",Capture,concept,Planned,,Fuel transformation,Bioethanol,capture_capacity,0.157,0.13,0.157,2021,2026,2028,,Dedicated storage,Midwest carbon express,https://www.summitcarbonsolutions.com/our-partners|https://www.reuters.com/markets/commodities/giant-pipeline-us-midwest-tests-future-carbon-capture-2021-11-23/|https://www.summitcarbonsolutions.com/news/scsexpansionannouncement,2026-03-27,https://www.iea.org/data-and-statistics/data-product/ccus-projects-database,official_workbook,,unmatched-review
iea-2026-0318,"POET 17 bioprocessing plants (IA, NE, SD)",United States,North America,"POET, Summit Carbon Solutions",Capture,concept,Planned,,Fuel transformation,Bioethanol,capture_capacity,4.7,4.7,4.7,2021,,2027,,Dedicated storage,Midwest carbon express,https://www.prnewswire.com/news-releases/navigator-co2-poet-sign-letter-of-intent-to-capture-transport-and-store-five-5-million-tons-of-co2-annually-301562239.html?tc=eml_cleartime|https://poet.com/resources/documents/POET-sustainability-report.pdf|https://www.global-agriculture.com/farming-agriculture/poet-and-summit-carbon-solutions-announce-carbon-capture-partnership/|https://www.thegazette.com/agriculture/poet-ethanol-plants-in-iowa-and-south-dakota-sign-on-to-summit-co2-pipeline/,2026-03-27,https://www.iea.org/data-and-statistics/data-product/ccus-projects-database,official_workbook,,unmatched-review
iea-2026-0319,ECO2CEE (Poland EU CCS Interconnector) phase 1,"Poland, Latvia, Lithuania",Europe,"Air Liquide Polska, PKN Orlen, Lafarge Cement, Orlen Lietuva",Transport,concept,Planned,1,CO2 T&S,CO2 transport,transport_capacity,3.0,3.0,,2021,,2027,,Dedicated storage,ECO2CEE (Gdansk terminal),https://ec.europa.eu/clima/system/files/2021-11/policy_funding_innovation-fund_large-scale_successful_projects_en.pdf|https://ec.europa.eu/energy/maps/pci_fiches/PciFiche_12.9.pdf|https://www.energy.gov/sites/default/files/2023-08/8.%20ECO2CEE%20PKN%20ORLEN.pdf|https://energy.ec.europa.eu/news/connecting-europe-facility-nearly-eu600-million-energy-infrastructure-contributing-decarbonisation-2023-12-08_en|https://www.orlen.pl/en/about-the-company/media/press-releases/2023/December-2023/ORLEN-EU-funding-secured-for-CO2-transshipment-terminal-|https://www.energy.gov/sites/default/files/2023-08/8.%20ECO2CEE%20PKN%20ORLEN.pdf,2026-03-27,https://www.iea.org/data-and-statistics/data-product/ccus-projects-database,official_workbook,,unmatched-review
iea-2026-0320,ECO2CEE (previously Poland EU CCS Interconnector) phase 2,"Poland, Latvia, Lithuania",Europe,"Air Liquide Polska, PKN Orlen, Lafarge Cement, Orlen Lietuva",Transport,concept,Planned,2,CO2 T&S,CO2 transport,transport_capacity,6.0,6.0,,2021,,2031,,Dedicated storage,ECO2CEE,https://ec.europa.eu/clima/system/files/2021-11/policy_funding_innovation-fund_large-scale_successful_projects_en.pdf|https://ec.europa.eu/energy/maps/pci_fiches/PciFiche_12.9.pdf|https://www.energy.gov/sites/default/files/2023-08/8.%20ECO2CEE%20PKN%20ORLEN.pdf|https://energy.ec.europa.eu/news/connecting-europe-facility-nearly-eu600-million-energy-infrastructure-contributing-decarbonisation-2023-12-08_en|https://www.energy.gov/sites/default/files/2023-08/8.%20ECO2CEE%20PKN%20ORLEN.pdf,2026-03-27,https://www.iea.org/data-and-statistics/data-product/ccus-projects-database,official_workbook,,unmatched-review
iea-2026-0321,Polaris CCS capture (ALB),Canada,North America,Shell Canada,Capture,construction,Under construction,1,Fuel transformation,Refining,capture_capacity,0.65,0.65,,2021,2024,2028,,Dedicated storage,Atlas Carbon Sequestration Hub (ALB),https://www.shell.ca/en_ca/about-us/projects-and-sites/scotford.html|https://www.shell.ca/en_ca/media/news-and-media-releases/news-releases-2021/shell-proposes-large-scale-ccs-facility-in-alberta.html|https://www.energyvoice.com/renewables-energy-transition/ccs/americas-ccs/336709/shell-polaris-ccs-alberta/,2026-03-27,https://www.iea.org/data-and-statistics/data-product/ccus-projects-database,official_workbook,,unmatched-review
iea-2026-0322,Polaris offshore storage facility,Norway,Europe,"Horisont Energi, PGNiG Upstream Norway (operator)",Storage,concept,Planned,,CO2 T&S,CO2 storage,storage_injection_capacity,8.0,4.0,,2021,2026,2028,,Dedicated storage,Polaris offshore storage facility,https://www.horisontenergi.no/carbon-storage/|https://www.offshore-mag.com/renewable-energy/article/14203679/equinor-horisont-progressing-polaris-carbon-storage-project-offshore-northern-norway|https://horisontenergi.no/news/horisont-energi-intends-to-partner-with-pgnig-upstream-norway-as-operator-in-the-barents-sea-co2-licence-polaris/|https://horisontenergi.no/wp-content/uploads/2023/02/280223_Horisont-Energi-Pareto-Conference-_FINAL.pdf|https://horisontenergi.no/news/pgnig-upstream-norway-approved-as-operator-and-partner-with-horisont-energi-in-the-polaris-co2-storage/,2026-03-27,https://www.iea.org/data-and-statistics/data-product/ccus-projects-database,official_workbook,,unmatched-review
iea-2026-0323,Valero Port Arthur Refinery (TX),United States,North America,"Air products, ExxonMobil (formerly Denbury carbon solutions)",Full chain,operating,Operational,,Fuel transformation,Refining,capture_capacity,0.9,0.9,,2009,2011,2013,,EOR,,https://ieaghg.org/publications/technical-reports/reports-list/9-technical-reports/956-2018-05-the-ccs-project-at-air-products-port-arthur-hydrogen-production-facility|https://www.bizjournals.com/dallas/news/2013/05/10/denbury-using-plant-emissions-for-oil.html|https://www.energy.gov/articles/breakthrough-industrial-carbon-capture-utilization-and-storage-project-begins-full-scale|https://www.osti.gov/biblio/1437618,2026-03-27,https://www.iea.org/data-and-statistics/data-product/ccus-projects-database,official_workbook,,unmatched-review
iea-2026-0325,Porthos offshore transport and storage,Netherlands,Europe,"Energie Beheer Nederland (EBN), Gasunie, Port of Rotterdam",T&S,construction,Under construction,1,CO2 T&S,CO2 T&S,storage_injection_capacity,2.5,2.5,,2018,2023,2026,,Dedicated storage,Porthos,https://www.porthosco2.nl/en/|https://www.reuters.com/sustainability/construction-major-dutch-carbon-storage-project-can-continue-high-court-2023-08-16/|https://www.porthosco2.nl/en/milestone-reached-porthos-wells-ready-for-co%e2%82%82-injection/|https://www.dai-ichi-life.co.jp/english/news_release/2025/pdf/index_006.pdf,2026-03-27,https://www.iea.org/data-and-statistics/data-product/ccus-projects-database,official_workbook,,unmatched-review
iea-2026-0327,Prairie State Generating Station Carbon Capture (IL),United States,North America,"Prairie Research Institute (University of Illinois), Mitsubishi Heavy Industries, Kiewit Engineering Group, Sargent & Lundy",Capture,concept,Planned,,Power and heat,Power (coal),capture_capacity,6.05,5.0,,2019,,,,Dedicated storage,CarbonSAFE Illinois Storage Corridor (IL),https://prairiestateenergycampus.com/carbon_capture_retrofit_project/|https://blogs.illinois.edu/view/7447/409342776,2026-03-27,https://www.iea.org/data-and-statistics/data-product/ccus-projects-database,official_workbook,,unmatched-review
iea-2026-0328,Prax Lindsey Oil Refinery Phase 1,United Kingdom,Europe,Prax,Capture,cancelled,Cancelled,1,Fuel transformation,Refining,capture_capacity,0.55,0.55,,2021,,2028,2025,Dedicated storage,Viking CCS,https://prax.com/prax-lindsey-oil-refinery-joins-v-net-zero-humber-cluster/|https://www.counterfire.org/article/troubled-waters-at-the-lindsey-oil-refinery/,2026-03-27,https://www.iea.org/data-and-statistics/data-product/ccus-projects-database,official_workbook,,unmatched-review
iea-2026-0329,Prax Lindsey Oil Refinery Phase 2,United Kingdom,Europe,Prax,Capture,cancelled,Cancelled,2,Fuel transformation,Refining,capture_capacity,0.55,0.55,,2021,,2030,2025,Dedicated storage,Viking CCS,https://prax.com/prax-lindsey-oil-refinery-joins-v-net-zero-humber-cluster/|https://www.counterfire.org/article/troubled-waters-at-the-lindsey-oil-refinery/,2026-03-27,https://www.iea.org/data-and-statistics/data-product/ccus-projects-database,official_workbook,,unmatched-review
iea-2026-0330,Preem CCS at Lysekil refinery,Sweden,Europe,"Preem, Aker solutions",Capture,concept,Planned,,Fuel transformation,Refining,capture_capacity,0.3,0.3,,2018,,,,Dedicated storage,Northern Lights,https://www.offshore-energy.biz/preem-kicks-off-swedens-largest-ccs-project/|https://www.preem.se/en-battre-resa/fanga-in-koldioxid/|https://research.chalmers.se/publication/528685/file/528685_Fulltext.pdf,2026-03-27,https://www.iea.org/data-and-statistics/data-product/ccus-projects-database,official_workbook,,unmatched-review
iea-2026-0331,Project Bifrost Phase 1,Denmark,Europe,"TotalEnergies 80%, Nordsofonden 20%",T&S,concept,Planned,1,CO2 T&S,CO2 T&S,storage_injection_capacity,3.0,2.0,,2021,2027,2030,,Dedicated storage,Project Bifrost,"https://news.cision.com/bluenord-asa/r/noreco-announces-the-ccs-partnership-project-bifrost,c3411662|https://www.oedigital.com/news/490432-duc-rsted-dtu-enter-ccs-project-in-denmark|https://www.offshore-energy.biz/danish-govt-bankrolls-two-projects-for-co2-storage-in-north-sea/|https://offshore.dtu.dk/newsarchive/2023/01/project-bifrost-new-promising-ccs-results|https://bifrost-ccs.com/",2026-03-27,https://www.iea.org/data-and-statistics/data-product/ccus-projects-database,official_workbook,,unmatched-review
iea-2026-0332,Project Cavendish Phase 1,United Kingdom,Europe,"Arup, VPI, National Grid Ventures, SSE Thermal, Uniper, Acorn",Capture,cancelled,Cancelled,1,Fuel transformation,Hydrogen or ammonia,capture_capacity,1.2,1.2,,2021,,2026,2023,Dedicated storage,Acorn CCS,https://www.projectcavendish.com/|https://www.spglobal.com/commodityinsights/en/market-insights/latest-news/electric-power/101221-consortium-plans-700-mw-blue-hydrogen-project-in-thames-with-scottish-ccs-by-2027|https://www.linkedin.com/posts/tom-baxter-a141a1b_project-cavendish-isle-of-grain-hydrogen-activity-7129404625643810816-g1b7/,2026-03-27,https://www.iea.org/data-and-statistics/data-product/ccus-projects-database,official_workbook,,unmatched-review
iea-2026-0333,Project Cavendish Phase 2,United Kingdom,Europe,"Arup, VPI, National Grid Ventures, SSE Thermal, Uniper, Acorn",Capture,cancelled,Cancelled,2,Fuel transformation,Hydrogen or ammonia,capture_capacity,1.8,1.8,,2021,,2026,2023,Dedicated storage,Acorn CCS,https://www.projectcavendish.com/|https://www.spglobal.com/commodityinsights/en/market-insights/latest-news/electric-power/101221-consortium-plans-700-mw-blue-hydrogen-project-in-thames-with-scottish-ccs-by-2027|https://www.linkedin.com/posts/tom-baxter-a141a1b_project-cavendish-isle-of-grain-hydrogen-activity-7129404625643810816-g1b7/,2026-03-27,https://www.iea.org/data-and-statistics/data-product/ccus-projects-database,official_workbook,,unmatched-review
iea-2026-0334,ECO2S: Early CO2 Storage Complex in Kemper County (MS),United States,North America,"Southern States Energy Board, Mississipi Power (Southern Company)",T&S,concept,Planned,,CO2 T&S,CO2 T&S,storage_injection_capacity,3.0,3.0,,2017,,,,Dedicated storage,Project ECO2S: Early CO2 Storage Complex in Kemper County (MS),https://www.energy.gov/fecm/foa-1999-project-selections,2026-03-27,https://www.iea.org/data-and-statistics/data-product/ccus-projects-database,official_workbook,,unmatched-review
iea-2026-0335,Greensand Future phase 1,Denmark,Europe,"INEOS E&P (40%), Wintershell Dea (Harbour Energy) (40%), Welltec (storage), Royal Wagenborg (ship), Nordsøfonden (20%)",T&S,construction,Under construction,1,CO2 T&S,CO2 T&S,storage_injection_capacity,0.4,0.4,,2020,2024,2026,,Dedicated storage,Greensand,https://wintershalldea.com/en/newsroom/offshore-ccs-planned-2025-project-greensand|https://projectgreensand.com/|https://www.projectgreensand.com/en/hvad-er-project-greensand|https://www.offshore-energy.biz/danish-govt-bankrolls-two-projects-for-co2-storage-in-north-sea/|https://www.ineos.com/news/ineos-group/ineos-led-consortium-announces-breakthrough-in-carbon-capture-and-storage/|https://aquaterraenergy.com/aquaterra-energy-lands-platform-repurposing-contract-for-trailblazing-project-greensand/|https://www.ineos.com/news/shared-news/ineos-led-project-greensand-and-royal-wagenborg-sign-agreement-on-co2-carrier-in-the-presence-of-hm-king-willem-alexander-of-the-netherlands-and-hm-king-frederik-of-denmark/,2026-03-27,https://www.iea.org/data-and-statistics/data-product/ccus-projects-database,official_workbook,,unmatched-review
iea-2026-0336,Project Greensand phase 2,Denmark,Europe,"INEOS E&P, Wintershell Dea (Harbour Energy), Welltec (storage)",T&S,concept,Planned,2,CO2 T&S,CO2 T&S,storage_injection_capacity,7.6,7.6,,2020,,2030,,Dedicated storage,Greensand,https://wintershalldea.com/en/newsroom/offshore-ccs-planned-2025-project-greensand|https://projectgreensand.com/|https://www.projectgreensand.com/en/hvad-er-project-greensand|https://www.offshore-energy.biz/danish-govt-bankrolls-two-projects-for-co2-storage-in-north-sea/|https://www.ineos.com/news/ineos-group/ineos-led-consortium-announces-breakthrough-in-carbon-capture-and-storage/|https://aquaterraenergy.com/aquaterra-energy-lands-platform-repurposing-contract-for-trailblazing-project-greensand/|https://www.ineos.com/news/shared-news/ineos-led-project-greensand-and-royal-wagenborg-sign-agreement-on-co2-carrier-in-the-presence-of-hm-king-willem-alexander-of-the-netherlands-and-hm-king-frederik-of-denmark/,2026-03-27,https://www.iea.org/data-and-statistics/data-product/ccus-projects-database,official_workbook,,unmatched-review
iea-2026-0337,Hereford Ethanol Plant - Carbon Storage Texas I (TX) (Project Interseqt),United States,North America,"White Energy, Occidental",Full chain,concept,Planned,,Fuel transformation,Bioethanol,capture_capacity,0.35,0.35,0.35,2018,,2028,,Dedicated storage,,https://www.white-energy.com/occidental-petroleum-and-white-energy-to-study-feasibility-of-capturing-co2for-use-in-enhanced-oil-recovery-operations/,2026-03-27,https://www.iea.org/data-and-statistics/data-product/ccus-projects-database,official_workbook,,unmatched-review
iea-2026-0338,Project Interseqt - Plainview Ethanol Plant (TX),United States,North America,"White Energy, Occidental",Full chain,concept,Planned,,Fuel transformation,Bioethanol,capture_capacity,0.35,0.35,,2018,,2028,,EOR,,https://www.white-energy.com/occidental-petroleum-and-white-energy-to-study-feasibility-of-capturing-co2for-use-in-enhanced-oil-recovery-operations/,2026-03-27,https://www.iea.org/data-and-statistics/data-product/ccus-projects-database,official_workbook,,unmatched-review
iea-2026-0339,Project Phoenix ammonia (WY),United States,North America,"North Shore Energy, Starwood Energy Group",Full chain,concept,Planned,,Fuel transformation,Hydrogen or ammonia,capture_capacity,,,,2022,,,,Unknown/unspecified,,,2026-03-27,https://www.iea.org/data-and-statistics/data-product/ccus-projects-database,official_workbook,,unmatched-review
iea-2026-0340,Project Pouakai Hydrogen Production with CCS,New Zealand,Australia and New Zealand,"8Rivers, Toshiba, McDermott, Exelon",Full chain,concept,Planned,,Fuel transformation,Hydrogen or ammonia,capture_capacity,1.0,1.0,,2018,,,,Dedicated storage,,https://www.scoop.co.nz/stories/BU1910/S00041/update-8-rivers-ccs-project-in-60m-capital-raise.htm|https://www.globalccsinstitute.com/wp-content/uploads/2019/10/Lee_Hydrogen_Innovation_leadership.pdf,2026-03-27,https://www.iea.org/data-and-statistics/data-product/ccus-projects-database,official_workbook,,unmatched-review
iea-2026-0341,Project Tundra at Milton R Young Station (ND),United States,North America,Minnkota Power Cooperative Inc.,Capture,concept,Planned,,Power and heat,Power (coal),capture_capacity,4.0,3.1,,2018,2026,2028,,Dedicated storage,North Dakota CarbonSAFE (ND),https://www.projecttundrand.com/co2-storage|https://www.projecttundrand.com/post/minnkota-and-summit-carbon-solutions-announce-co2-storage-partnership|https://www.inforum.com/news/north-dakota/with-cost-upped-to-1-45b-project-tundra-seeks-funds-from-north-dakota-energy-board|https://carbonherald.com/project-tundra-receives-first-4-2m-from-doe-for-carbon-capture-research/|https://insideclimatenews.org/news/10122024/north-dakota-coal-plant-carbon-capture-project-faces-new-delay/,2026-03-27,https://www.iea.org/data-and-statistics/data-product/ccus-projects-database,official_workbook,,unmatched-review
iea-2026-0342,Banggai ammonia plant Central Sulawesi,Indonesia,Other Asia Pacific,"JOGMEC, Mitsubishi, PT Panca Amara Utama, ITB, Pertamina",Full chain,concept,Planned,,Fuel transformation,Hydrogen or ammonia,capture_capacity,,,,2021,,2028,,Unknown/unspecified,,https://www.mitsubishicorp.com/jp/en/pr/archive/2021/html/0000046720.html|https://acnf.jp/program/file/presentation/7_Panelist_MEMR-IDN.pdf,2026-03-27,https://www.iea.org/data-and-statistics/data-product/ccus-projects-database,official_workbook,,unmatched-review
iea-2026-0343,PYCASSO hub phase 1 - eastern and western pipeline,France,Europe,"Terega, Pole Avenia, Agglo Pau, Holcim Group, Université de Pau, BGRM, IFPEN, Schlumberger, CNAM, Geostock, Geopetrol",T&S,concept,Planned,1,CO2 T&S,CO2 T&S,storage_injection_capacity,1.0,1.0,0.1,2021,,2030,,Dedicated storage,PYCASSO hub,https://www.reuters.com/world/europe/carbon-capture-storage-projects-across-europe-2022-12-28/|https://carbongap.org/wp-content/uploads/2024/11/CRRA_France_Final-eng.pdf,2026-03-27,https://www.iea.org/data-and-statistics/data-product/ccus-projects-database,official_workbook,,unmatched-review
iea-2026-0344,Qatar LNG,Qatar,Middle East,"QatarEnergy LNG, ExxonMobil",Full chain,operating,Operational,,Fuel transformation,Natural gas processing/LNG,capture_capacity,2.2,1.23,,2019,,2019,,Dedicated storage,,https://www.aljazeera.com/economy/2019/10/8/qatar-building-large-co2-storage-plant|https://www.qatarenergylng.qa/Portals/0/DNNGalleryPro/uploads/2025/11/12/QatarEnergyLNGSustainabilityReport2024-EN.pdf,2026-03-27,https://www.iea.org/data-and-statistics/data-product/ccus-projects-database,official_workbook,,unmatched-review
iea-2026-0345,Qatar North Field East Project CCS,Qatar,Middle East,"QatarEnergy LNG, Samsung C&T Corporation (EPC contract), Worley",Full chain,construction,Under construction,,Fuel transformation,Natural gas processing/LNG,capture_capacity,4.3,2.9,,2018,2021,2027,,Dedicated storage,,https://www.aa.com.tr/en/energy/projects/qatar-to-store-more-than-5m-tons-of-co2-a-year-by-2025/26924|https://www.spglobal.com/commodityinsights/en/market-insights/latest-news/natural-gas/063021-qp-to-spend-200-million-on-emissions-reduction-technology-for-lng-expansion-project|https://www.gem.wiki/Qatar_North_Field_LNG_Terminal|https://www.upstreamonline.com/carbon-capture/worley-wins-feed-contract-for-qatargas-ccs-project/2-1-1523500|https://www.worley.com/en/insights/our-news/conventional-energy/2026/worley-selected-by-samsung-ct-for-co2-sequestration-project|https://www.enerdata.net/publications/daily-energy-news/qatar-petroleum-takes-fid-us287bn-north-east-lng-project-qatar.html,2026-03-27,https://www.iea.org/data-and-statistics/data-product/ccus-projects-database,official_workbook,,unmatched-review
iea-2026-0346,Quad County Corn Processors Galva biorefinery (IA),United States,North America,"Quad County Corn Processors, Summit Carbon Solutions",Capture,concept,Planned,,Fuel transformation,Bioethanol,capture_capacity,0.109,0.09,0.109,2021,2026,2028,,Dedicated storage,Midwest carbon express,https://www.summitcarbonsolutions.com/our-partners|https://www.reuters.com/markets/commodities/giant-pipeline-us-midwest-tests-future-carbon-capture-2021-11-23/|https://www.summitcarbonsolutions.com/news/scsexpansionannouncement,2026-03-27,https://www.iea.org/data-and-statistics/data-product/ccus-projects-database,official_workbook,,unmatched-review
iea-2026-0347,Quest CCS (ALB),Canada,North America,"Canadian Natural Resources Limited, Shell Canada, Chevron Canada",Full chain,operating,Operational,,Fuel transformation,Hydrogen or ammonia,capture_capacity,1.0,1.0,,2009,2012,2015,,Dedicated storage,,https://open.alberta.ca/publications/quest-carbon-capture-and-storage-project-annual-report-2020|https://open.alberta.ca/dataset/67f52cd3-8dce-4f56-ad62-a00ff7948fd0/resource/c4e6d05d-7b7c-439a-9f5c-c4ab91853803/download/ccsquestreport2015.pdf|https://open.alberta.ca/dataset/113f470b-7230-408b-a4f6-8e1917f4e608/resource/e957e772-4fe2-4504-8fea-439120134427/download/quest-annual-summary-report-alberta-department-of-energy-2021.pdf,2026-03-27,https://www.iea.org/data-and-statistics/data-product/ccus-projects-database,official_workbook,,unmatched-review
iea-2026-0349,Ravenna CCS phase 2,Italy,Europe,"Eni, Snam",T&S,concept,Planned,1,CO2 T&S,CO2 T&S,storage_injection_capacity,4.0,4.0,,2020,2026,2028,,Dedicated storage,Ravenna CCS,https://www.eni.com/en-IT/operations/italy-ravenna-upstream-activities.html,2026-03-27,https://www.iea.org/data-and-statistics/data-product/ccus-projects-database,official_workbook,,unmatched-review
iea-2026-0350,Gevo Net Zero North (ND) (formerly Red Trail Energy BECCS),United States,North America,"Plains CO2 Reduction Partnership, Energy & Environmental Research Centre, Gevo (formally Red trail Energy)",Full chain,operating,Operational,,Fuel transformation,Bioethanol,capture_capacity,0.18,0.18,0.18,2016,2021,2022,,Dedicated storage,,https://www.upstreamonline.com/energy-transition/north-dakota-approves-landmark-ccs-project/2-1-1085735|https://www.dmr.nd.gov/dmr/sites/www/files/documents/Oil%20and%20Gas/Class%20VI/Red%20Trail/37229%20Class%20VI%20Permit.pdf|https://investors.gevo.com/news-releases/news-release-details/gevo-achieves-industry-milestone-500000-high-quality-carbon,2026-03-27,https://www.iea.org/data-and-statistics/data-product/ccus-projects-database,official_workbook,,unmatched-review
iea-2026-0351,Redcar Energy Centre EfW,United Kingdom,Europe,Redcar Energy (Low Carbon Ltd and PMAC Energy joint venture),Capture,concept,Planned,,Power and heat,Power and heat (waste),capture_capacity,0.4,0.4,0.2,2021,2026,2029,,Dedicated storage,Northern Endurance Partnership,https://www.redcarenergycentre.co.uk/redcar-energy-centre-applies-to-support-uk-governments-carbon-capture-ambitions/,2026-03-27,https://www.iea.org/data-and-statistics/data-product/ccus-projects-database,official_workbook,,unmatched-review
iea-2026-0352,Redfield Energy biorefinery (ND),United States,North America,"Red River BioRefinery, Summit Carbon Solutions",Capture,concept,Planned,,Fuel transformation,Bioethanol,capture_capacity,0.172,0.15,0.172,2021,2026,2028,,Dedicated storage,Midwest carbon express,https://www.summitcarbonsolutions.com/our-partners|https://www.reuters.com/markets/commodities/giant-pipeline-us-midwest-tests-future-carbon-capture-2021-11-23/|https://www.summitcarbonsolutions.com/news/scsexpansionannouncement,2026-03-27,https://www.iea.org/data-and-statistics/data-product/ccus-projects-database,official_workbook,,unmatched-review
iea-2026-0353,CCS Sakakemang,Indonesia,Other Asia Pacific,"MEDCO, Petronas, MOECO",Full chain,concept,Planned,,Fuel transformation,Natural gas processing/LNG,capture_capacity,0.5,0.5,,2021,2026,2028,,Dedicated storage,,https://www.energyvoice.com/oilandgas/asia/307399/repsol-eyes-giant-carbon-storage-scheme-in-indonesia/|https://theinsiderstories.com/repsol-explores-the-carbon-dioxide-project-in-sakakemang-block/|https://www.repsol.com/content/dam/repsol-corporate/es/accionistas-e-inversores/pdf/low-carbon-initiatives-in-exploration-css.pdf|https://www.upstreamonline.com/energy-transition/repsol-details-indonesia-ccs-project-linked-to-giant-gas-development/2-1-1081373|https://acnf.jp/program/file/presentation/7_Panelist_MEMR-IDN.pdf|https://www.europapress.es/economia/noticia-repsol-desprende-ultimos-activos-upstream-asia-venta-dos-bloques-indonesia-20250916180935.html|https://english.kontan.co.id/news/medcoenergi-to-take-over-south-sumatra-oil-and-gas-blocks-from-repsol,2026-03-27,https://www.iea.org/data-and-statistics/data-product/ccus-projects-database,official_workbook,,unmatched-review
iea-2026-0355,Ringneck Energy & Feed Onida biorefinery (SD),United States,North America,"Ringneck Energy, Summit Carbon Solutions",Capture,concept,Planned,,Fuel transformation,Bioethanol,capture_capacity,0.229,0.19,0.229,2021,2026,2028,,Dedicated storage,Midwest carbon express,https://www.summitcarbonsolutions.com/our-partners|https://www.reuters.com/markets/commodities/giant-pipeline-us-midwest-tests-future-carbon-capture-2021-11-23/|https://www.summitcarbonsolutions.com/news/scsexpansionannouncement,2026-03-27,https://www.iea.org/data-and-statistics/data-product/ccus-projects-database,official_workbook,,unmatched-review
iea-2026-0357,San Juan Generating Station (NM),United States,North America,"Enchant Energy, Farmington Electric Utility System, Mistubishi Heavy Industries (tech)",Capture,cancelled,Cancelled,,Power and heat,Power (coal),capture_capacity,6.0,6.0,,2019,,2025,2022,Dedicated storage,,https://www.energy.gov/fecm/foa-1999-project-selections|https://netl.doe.gov/sites/default/files/netl-file/21CMOG_CCUS_Mandelstam.pdf,2026-03-27,https://www.iea.org/data-and-statistics/data-product/ccus-projects-database,official_workbook,,unmatched-review
iea-2026-0358,Moomba Carbon Capture and Storage,Australia,Australia and New Zealand,"Santos, Beach Energy",Full chain,operating,Operational,1,Fuel transformation,Natural gas processing/LNG,capture_capacity,1.7,1.7,,2019,2021,2024,,Dedicated storage,Moomba CCS storage hub,https://www.santos.com/wp-content/uploads/2021/11/211101-Santos-announces-FID-on-Moomba-carbon-capture-and-storage-project.pdf|https://www.santos.com/news/moomba-carbon-capture-and-storage-injection-trial-successful/|https://www.upstreamonline.com/energy-transition/santos-betting-big-on-carbon-capture-in-bid-to-drive-down-emissions/2-1-1053585|https://www.santos.com/news/moomba-ccs-project-boosted-by-a15-million-grant-from-carbon-capture-use-and-storage-development-fund/|https://www.santos.com/news/moomba-ccs-progressing-at-pace-and-on-track-for-2024/|https://www.santos.com/news/santos-secures-moomba-carbon-capture-and-storage-finance-to-drive-decarbonisation/|https://www.eneos.co.jp/english/newsrelease/2023/pdf/20231208_01.pdf,2026-03-27,https://www.iea.org/data-and-statistics/data-product/ccus-projects-database,official_workbook,au-moomba-ccs,matched-exact
iea-2026-0359,Moomba CCS storage hub (phase 2),Japan-Australia,Australia and New Zealand,"Santos, JX Nippon Oil & Gas Exploration Corporation, ENEOS",T&S,concept,Planned,1,CO2 T&S,CO2 T&S,storage_injection_capacity,3.3,3.3,,2023,,2030,,Dedicated storage,Moomba CCS storage hub,https://www.santos.com/news/moomba-ccs-project-boosted-by-a15-million-grant-from-carbon-capture-use-and-storage-development-fund/|https://www.santos.com/news/santos-announces-fid-on-moomba-carbon-capture-and-storage-project/|https://www.santos.com/news/santos-jx-and-eneos-to-collaborate-on-carbon-capture-and-storage-to-support-moomba-ccs-phase-2-and-help-japan-decarbonise/,2026-03-27,https://www.iea.org/data-and-statistics/data-product/ccus-projects-database,official_workbook,au-moomba-ccs,matched-exact
iea-2026-0362,SHARC Neste,Finland,Europe,Neste Oyj,Capture,cancelled,Cancelled,,Fuel transformation,Refining,capture_capacity,,,,2021,,2025,2023,Dedicated storage,Northern Lights,https://ec.europa.eu/clima/system/files/2021-11/policy_funding_innovation-fund_large-scale_successful_projects_en.pdf,2026-03-27,https://www.iea.org/data-and-statistics/data-product/ccus-projects-database,official_workbook,,unmatched-review
iea-2026-0363,Calpine Deer Park Energy Center (TX),United States,North America,Calpine Texas CCUS Holdings,Capture,concept,Planned,,Power and heat,Power (gas),capture_capacity,5.6,5.6,,2021,2026,,,Dedicated storage,,https://www.shell.com/business-customers/catalysts-technologies/resources-library/trade-release-shell-catalysts-and-technologies-and-calpine-deer-park-energy-center.html|https://netl.doe.gov/node/11224|https://netl.doe.gov/sites/default/files/netl-file/23CM_PSCC28_Herman.pdf|https://efifoundation.org/wp-content/uploads/sites/3/2025/04/Unlocking-Private-Capital-for-CCS-Projects-in-Industry-and-Power.pdf,2026-03-27,https://www.iea.org/data-and-statistics/data-product/ccus-projects-database,official_workbook,,unmatched-review
iea-2026-0364,Shell Netherlands Refineries biodiesel,Netherlands,Europe,Shell,Capture,cancelled,Cancelled,,Fuel transformation,Biodiesel,capture_capacity,0.38,0.38,0.38,2021,2021,2026,2024,Dedicated storage,Porthos,https://www.offshore-technology.com/news/shell-biofuels-refinery-netherlands/|https://www.ogj.com/refining-processing/refining/construction/article/55093225/shell-halts-construction-of-rotterdam-saf-renewable-diesel-plant,2026-03-27,https://www.iea.org/data-and-statistics/data-product/ccus-projects-database,official_workbook,,unmatched-review
iea-2026-0365,Shell Netherlands Pernis Refineries CCU,Netherlands,Europe,Shell,CCU,operating,Operational,,Fuel transformation,Refining,capture_capacity,0.75,0.75,,,,1997,2026,Use,,http://media.hydrocarbonengineering.com/whitepapers/files/The-Shell-Blue-Hydrogen-Process.pdf,2026-03-27,https://www.iea.org/data-and-statistics/data-product/ccus-projects-database,official_workbook,,unmatched-review
iea-2026-0366,Humber Hub Blue North Killingholme,United Kingdom,Europe,Uniper,Capture,concept,Planned,,Fuel transformation,Hydrogen or ammonia,capture_capacity,1.6,1.6,,2022,2026,2030,,Dedicated storage,Northern Endurance Partnership,https://www.business-live.co.uk/manufacturing/energy-giants-uniper-shell-unite-23666723|https://www.uniper.energy/united-kingdom/news/uniper-explores-development-of-a-new-carbon-capture-power-plant-in-the-uks-humber-region|https://uniperuk.consulting/klcp/,2026-03-27,https://www.iea.org/data-and-statistics/data-product/ccus-projects-database,official_workbook,,unmatched-review
iea-2026-0369,Sinopec Nanjing Chemical Industries CCUS Cooperation Project (Jiangsu),People's Republic of China,Other Asia Pacific,Sinopec,Full chain,operating,Operational,,Fuel transformation,Coal-to-gas,capture_capacity,0.2,0.2,,2015,,2021,,EOR,Jiangsu oilfield,https://www.upstreamonline.com/energy-transition/sinopec-utilising-carbon-capture-to-enhance-oil-recovery/2-1-1142311|https://news.bjx.com.cn/html/20211230/1196712.shtml,2026-03-27,https://www.iea.org/data-and-statistics/data-product/ccus-projects-database,official_workbook,,unmatched-review
iea-2026-0370,Sinopec Qilu Petrochemical Shengli (Shandong),People's Republic of China,Other Asia Pacific,"Sinopec, Qilu Petrochemical",Full chain,operating,Operational,,Industry,Fertiliser,capture_capacity,1.0,0.7,,2012,2021,2022,,EOR,Shengli oilfield,https://www.sciencedirect.com/science/article/abs/pii/S1364032119308093|https://baijiahao.baidu.com/s?id=1704431415159222866&wfr=spider&for=pc|https://www.upstreamonline.com/energy-transition/sinopec-utilising-carbon-capture-to-enhance-oil-recovery/2-1-1142311|https://www.nea.gov.cn/2022-09/02/c_1310658658.htm|https://www.rigzone.com/news/sinopec_finishes_first_megaton_ccus_project_in_china-31-jan-2022-167744-article/|https://www.chng.com.cn/detail_zdgjjs/-/article/jXCQ2CQLyPh3/v/839195.html,2026-03-27,https://www.iea.org/data-and-statistics/data-product/ccus-projects-database,official_workbook,,unmatched-review
iea-2026-0371,Sinopec Shengli Power Plant CCS (Shandong),People's Republic of China,Other Asia Pacific,Sinopec,Full chain,concept,Planned,,Power and heat,Power (coal),capture_capacity,2.0,1.0,,2011,,2030,,EOR,Shengli oilfield,https://www.upstreamonline.com/energy-transition/sinopec-launches-china-s-largest-ccus-project/2-1-1035803,2026-03-27,https://www.iea.org/data-and-statistics/data-product/ccus-projects-database,official_workbook,cn-shengli-power,matched-exact
iea-2026-0372,Siouxland Energy Cooperative Sioux Center biorefinery (IA),United States,North America,"Siouxland Energy Cooperative, Summit Carbon Solutions",Capture,concept,Planned,,Fuel transformation,Bioethanol,capture_capacity,0.186,0.16,0.186,2021,2026,2028,,Dedicated storage,Midwest carbon express,https://www.summitcarbonsolutions.com/our-partners|https://www.reuters.com/markets/commodities/giant-pipeline-us-midwest-tests-future-carbon-capture-2021-11-23/|https://www.summitcarbonsolutions.com/news/scsexpansionannouncement,2026-03-27,https://www.iea.org/data-and-statistics/data-product/ccus-projects-database,official_workbook,,unmatched-review
iea-2026-0373,Donghae CCS Project (capture sources under evaluation),South Korea,Other Asia Pacific,Korea National Oil Corporation and partners,Full chain,concept,Planned,,TBD,TBD,capture_capacity,1.2,1.2,,2022,,2030,,Dedicated storage,,https://pmt.honeywell.com/us/en/about-pmt/newsroom/press-release/2021/11/sk-innovation-to-use-honeywell-technology-for-carbon-capture-and-sequestration-feasibility-study-in-korea?utm_medium=social&utm_source=everyonesocial&es_id=41eb30e602|https://en.yna.co.kr/view/AEN20211118006300320|http://www.koreaherald.com/view.php?ud=20210831000937|https://splash247.com/hyundai-heavy-develops-offshore-co2-storage-platform/|https://www.kedglobal.com/newsView/ked202105260012|https://fuelcellsworks.com/news/abs-awards-aip-to-hhi-groups-green-hydrogen-production-platform-and-carbon-dioxide-injection-platform-design/|https://www.hdec.kr/en/newsroom/news_view.aspx?NewsSeq=819&NewsType=LATEST&NewsListType=news_list,2026-03-27,https://www.iea.org/data-and-statistics/data-product/ccus-projects-database,official_workbook,,unmatched-review
iea-2026-0374,Sleipner,Norway,Europe,"Equinor, Eni",Full chain,operating,Operational,,Fuel transformation,Natural gas processing/LNG,capture_capacity,1.0,1.0,,1991,,1996,,Dedicated storage,,https://www.ice.org.uk/knowledge-and-resources/case-studies/sleipner-carbon-capture-storage-project|https://www.equinor.com/news/20220318-annual-sustainability-reports-2021,2026-03-27,https://www.iea.org/data-and-statistics/data-product/ccus-projects-database,official_workbook,,unmatched-review
iea-2026-0375,Snohvit CO2 capture and storage,Norway,Europe,"Equinor, Petoro, TotalEnergies, Eni (following acquisition of Neptune Energy), Wintershall Dea (Harbour Energy)",Full chain,operating,Operational,,Fuel transformation,Natural gas processing/LNG,capture_capacity,0.7,0.7,,2002,2002,2008,,Dedicated storage,,https://www.sciencedirect.com/science/article/pii/S187661021300492X|https://www.offshore-technology.com/projects/snohvit-field/|https://www.equinor.com/news/20220318-annual-sustainability-reports-2021,2026-03-27,https://www.iea.org/data-and-statistics/data-product/ccus-projects-database,official_workbook,,unmatched-review
iea-2026-0376,South East Australia carbon capture and storage (SEA CCS) hub,Australia,Australia and New Zealand,"Esso Australia Resources Pty Ltd (ExxonMobil), Woodside energy",T&S,cancelled,Cancelled,,CO2 T&S,CO2 T&S,storage_injection_capacity,2.0,0.5,,2022,,2025,2025,Dedicated storage,Sea CCS hub,https://www.carboncapturejournal.com/ViewNews.aspx?NewsID=5056|https://www.exxonmobil.com.au/-/media/australia/files/energy-and-environment/upstream-operations/sea-ccs-project-pcp.pdf|https://www.exxonmobil.com.au/-/media/Australia/Files/Energy-and-environment/Upstream-operations/SEA-CCS-Pipeline-Fact-Sheet--About-the-Project.pdf|https://reneweconomy.com.au/exxon-abandons-gippsland-basin-ccs-project-but-doesnt-say-why/|https://epbcpublicportal.environment.gov.au/all-referrals/project-referral-summary/?id=38af0619-e693-ee11-be37-000d3a794100&utm_source=miragenews&utm_medium=miragenews&utm_campaign=news|The South East Australia Carbon Capture Hub | ExxonMobil Australia|https://carbon-pulse.com/380805/,2026-03-27,https://www.iea.org/data-and-statistics/data-product/ccus-projects-database,official_workbook,,unmatched-review
iea-2026-0377,Kwinana Industrial Area CO2 Aggregation Project,Australia,Australia and New Zealand,Pilot Energy,Capture,concept,Planned,,Fuel transformation,Hydrogen or ammonia,capture_capacity,,,,2023,,,,Dedicated storage,Cliff Head CCS Project,https://www.pilotenergy.com.au/sites/default/files/presentation_file/20230821-pilot-kwinana-major-projects-conference-final-v2.pdf|https://fuelcellsworks.com/news/consortium-formed-to-progress-pilots-mid-west-blue-hydrogen-and-carbon-capture-storage-ccs-project/|https://www.pilotenergy.com.au/blue-hydrogen,2026-03-27,https://www.iea.org/data-and-statistics/data-product/ccus-projects-database,official_workbook,,unmatched-review
iea-2026-0378,South West Hub Project,Australia,Australia and New Zealand,"Department of Mines, Industry Regulation and Safety (DMIRS)",Storage,concept,Planned,,CO2 T&S,CO2 storage,storage_injection_capacity,0.8,0.8,,2010,,,,Dedicated storage,South West Hub Project,https://www.dmp.wa.gov.au/South-West-Hub-CCS-1489.aspx|https://www.dmp.wa.gov.au/South-West-Hub-CCS-1489.aspx|https://www.wa.gov.au/organisation/department-of-mines-petroleum-and-exploration/geological-survey-of-western-australia/south-west-hub-ccs-research-project,2026-03-27,https://www.iea.org/data-and-statistics/data-product/ccus-projects-database,official_workbook,,unmatched-review
iea-2026-0379,HyNet Hydrogen Production Project (HPP) Plant 1 (Hynet phase 1),United Kingdom,Europe,"EET Hydrogen (former Vertex Hydrogen, joint venture Essar Oil 90% and progressive energy 10%), ENKA",Capture,concept,Planned,1,Fuel transformation,Hydrogen or ammonia,capture_capacity,0.65,0.65,,2019,2026,2028,,Dedicated storage,Liverpool Bay CO2 storage (Hynet),https://hynet.co.uk/wp-content/uploads/2020/10/HyNet_NW-Vision-Document-2020_FINAL.pdf|https://assets.publishing.service.gov.uk/government/uploads/system/uploads/attachment_data/file/866401/HS384_-_Progressive_Energy_-_HyNet_hydrogen.pdf|https://www.essar.com/inthenews/eet-hydrogen-and-enka-partner-to-deliver-the-uks-leading-large-scale-low-carbon-hydrogen-production-plant-hpp1/,2026-03-27,https://www.iea.org/data-and-statistics/data-product/ccus-projects-database,official_workbook,,unmatched-review
iea-2026-0380,Stockholm Exergi Värtan CHP CCS (BECCS@STHLM),Sweden,Europe,Stockolm Exergi,Capture,construction,Under construction,,Power and heat,Power (bioenergy),capture_capacity,0.8,0.8,0.8,2021,2025,2028,,Dedicated storage,,https://www.worldoil.com/news/2021/9/16/petrofac-and-co2-capsol-collaborate-on-carbon-capture-initiatives|https://www.stockholmexergi.se/koldioxidinfangning/|https://ec.europa.eu/clima/system/files/2021-11/policy_funding_innovation-fund_large-scale_successful_projects_en.pdf|https://s3.amazonaws.com/kajabi-storefronts-production/sites/115985/themes/2148343364/downloads/PvmersByTLqblK07dsqx_200721_Stockholm_Exergi_has_selected_CO2_Capsol_s_End_of_Pipe_solution_.pdf|https://climate.ec.europa.eu/document/download/89ce45e2-2078-4808-95d8-1a27f0a71918_en?filename=if_pf_2022_beccs_en.pdf|https://beccs.se/news/stockholm-exergi-to-build-one-of-the-worlds-largest-facilities-for-removing-carbon-dioxide-from-the-atmosphere/,2026-03-27,https://www.iea.org/data-and-statistics/data-product/ccus-projects-database,official_workbook,se-stockholm-exergi,matched-exact
iea-2026-0381,Northeast Scotland DAC,United Kingdom,Europe,"Storegga, Carbon Engineering (Occidental), Petrofac Facilities Management (engineering), Universities of Cambridge and Edinburgh.",Capture,cancelled,Cancelled,,DAC,Direct Air Capture,capture_capacity,1.0,0.5,1.0,2021,,2026,2023,Dedicated storage,Acorn CCS,https://carbonengineering.com/news-updates/uks-first-large-scale-dac-facility/?utm_campaign=Newsletter%20Content&utm_source=email&utm_content=Carbon%20Quarterly%20Q2%202021,2026-03-27,https://www.iea.org/data-and-statistics/data-product/ccus-projects-database,official_workbook,,unmatched-review
iea-2026-0384,Suez Tees Valley / Haverton Hill Waste to Energy CCS,United Kingdom,Europe,"Suez, Fluor",Capture,concept,Planned,,Power and heat,Power and heat (waste),capture_capacity,0.24,0.24,0.12,2020,2026,2029,,Dedicated storage,Northern Endurance Partnership,https://www.suez.co.uk/en-gb/news/press-releases/201116-reduction-of-co2-emissions-by-2030|https://www.bbc.com/news/uk-england-tees-61231252,2026-03-27,https://www.iea.org/data-and-statistics/data-product/ccus-projects-database,official_workbook,,unmatched-review
iea-2026-0385,ATCO Heartland hydrogen hub (ALB),Canada,North America,ATCO Energy Solutions Ltd.,Capture,concept,Planned,,Fuel transformation,Refining,capture_capacity,,,,2021,,2028,,Dedicated storage,Atlas Carbon Sequestration Hub (alb),https://www.cbc.ca/news/canada/calgary/suncor-atco-hydrogen-project-alberta-1.6021796|https://www.linkedin.com/pulse/alberta-selects-shell-suncor-atco-atlas-carbon-hub-proposal-/?trk=organization-update-content_share-article,2026-03-27,https://www.iea.org/data-and-statistics/data-product/ccus-projects-database,official_workbook,,unmatched-review
iea-2026-0386,Kanata CarbonHub (ALB),Canada,North America,"Kanata Clean Power & Climate Technologies Corp, Vault 44.01, Carbonvert Inc., Frog Lake First Nations #121 & #122, Kehewin Cree Nation, Tribal Chiefs Ventures Inc.",Storage,concept,Planned,,CO2 T&S,CO2 storage,storage_injection_capacity,,,,2021,,,,Dedicated storage,T6-Kanata CarbonHub (ALB),https://www.thenewswire.com/press-releases/1BNMFP4a8-treaty-six-first-nations-and-partners-submit-application-to-build-indigenous-led-carbon-hub-in-alberta.html,2026-03-27,https://www.iea.org/data-and-statistics/data-product/ccus-projects-database,official_workbook,,unmatched-review
iea-2026-0387,TA’ZIZ blue ammonia,United Arab Emirates,Middle East,"TA'ZIZ, Fertiglobe (ADNOC shares sold to Fertiglobe), Mitsui, GS Energy",Full chain,concept,Planned,,Fuel transformation,Hydrogen or ammonia,capture_capacity,1.575,,,2020,2026,2030,,Unknown/unspecified,,https://adnoc.ae/en/news-and-media/press-releases/2021/adnoc-to-build-world-scale-blue-ammonia-project|https://www.offshore-energy.biz/mitsui-and-gs-join-taziz-in-blue-ammonia-project/|https://www.adnoc.ae/en/news-and-media/press-releases/2023/taziz-progresses-with-low-carbon-ammonia-shareholder-agreement|https://www.zawya.com/en/press-release/companies-news/taziz-progresses-with-low-carbon-ammonia-shareholder-agreement-a0zxqo6i|https://www.offshore-energy.biz/taziz-ammonia-project-in-abu-dhabi-reaches-new-stage/|https://www.hydrogeninsight.com/production/fertiglobe-holds-off-on-1bn-blue-hydrogen-investment-for-ammonia-plant-until-it-finds-asian-buyers/2-1-1767574,2026-03-27,https://www.iea.org/data-and-statistics/data-product/ccus-projects-database,official_workbook,,unmatched-review
iea-2026-0388,Tangguh LNG EGR,Indonesia,Other Asia Pacific,"Tangguh JV (BP (40%), CNOOC (14%), INPEX Corporation (8%), JOGMEC (12%), LNG Japan (7%), Misubishi Corporation (10%), Mitsui(2%), Nippon Oil Exp Berau (7%))",Full chain,construction,Under construction,1,Fuel transformation,Natural gas processing/LNG,capture_capacity,3.3,2.5,,2021,2024,2028,,EOR,Tangguh CCUS hub,https://www.reuters.com/business/sustainable-business/indonesia-approves-plan-develop-ubadari-gas-field-vorwata-carbon-project-2021-08-30/|https://www.japanccs.com/wp/wp-content/uploads/2020/10/CCUS-Activities-in-Indonesia_Dr.-Adhi-Wibowo.pdf|https://www.energyvoice.com/oilandgas/436132/bp-seeks-feed-contractor-for-ccs-project-at-tangguh-lng/|https://acnf.jp/program/file/presentation/7_Panelist_MEMR-IDN.pdf|https://www.bp.com/en/global/corporate/news-and-insights/press-releases/bp-and-partners-give-go-ahead-for-tangguh-ucc-project-in-papua-barat-indonesia.html|https://www.saipem.com/en/media/press-releases/2024-11-26/saipem-awarded-offshore-epci-contract-bp-indonesia,2026-03-27,https://www.iea.org/data-and-statistics/data-product/ccus-projects-database,official_workbook,id-tangguh-ucc,matched-exact
iea-2026-0389,Terrell Natural Gas Processing Plant (former Val Verde) (TX),United States,North America,"Blue Source, Occidental, Chevron",Full chain,operating,Operational,,Fuel transformation,Natural gas processing/LNG,capture_capacity,0.5,0.4,,,,1972,,EOR,,https://sequestration.mit.edu/tools/projects/val_verde.html|http://www.bluesource.com/portfolio/val-verde-pipeline-co2-emission-reductions-as-a-powerful-economic-tool/|https://energy.uq.edu.au/files/2283/WP3_CCS%20Roadmaps%20and%20Projects.pdf,2026-03-27,https://www.iea.org/data-and-statistics/data-product/ccus-projects-database,official_workbook,,unmatched-review
iea-2026-0390,Tharaldson Ethanol Casselton biorefinery (ND),United States,North America,"Tharaldson Ethanol, Summit Carbon Solutions",Capture,concept,Planned,,Fuel transformation,Bioethanol,capture_capacity,0.501,0.43,0.501,2021,2026,2028,,Dedicated storage,Midwest carbon express,https://www.summitcarbonsolutions.com/our-partners|https://www.reuters.com/markets/commodities/giant-pipeline-us-midwest-tests-future-carbon-capture-2021-11-23/|https://www.summitcarbonsolutions.com/news/scsexpansionannouncement,2026-03-27,https://www.iea.org/data-and-statistics/data-product/ccus-projects-database,official_workbook,,unmatched-review
iea-2026-0391,The ZEROS project Chambers & Liberty County (Jefferson) (TX),United States,North America,Texas Water Resources Institute,Capture,concept,Planned,,Power and heat,Power and heat (waste),capture_capacity,1.5,1.5,,2019,,,,EOR,,https://www.prnewswire.com/news-releases/systems-international-announces-two-power-plants-300973783.html|https://zerosinc.com/,2026-03-27,https://www.iea.org/data-and-statistics/data-product/ccus-projects-database,official_workbook,,unmatched-review
iea-2026-0392,Gonfreville Raffinerie,France,Europe,"TotalEnergies, Air Liquide",Capture,concept,Planned,,Fuel transformation,Refining,capture_capacity,0.5,0.5,,2021,,2030,,Unknown/unspecified,,https://www.gasworld.com/air-liquide-and-totalenergies-join-forces-to-develop-normandy-ccs-project/2021712.article|https://hydrogennews.airliquide.com/air-liquide-and-totalenergies-partner-develop-low-carbon-hydrogen-production-normandy-industrial|https://normandhy.airliquide.com/en/air-liquide-normandhy/project-heart-normandy-industrial-basin,2026-03-27,https://www.iea.org/data-and-statistics/data-product/ccus-projects-database,official_workbook,,unmatched-review
iea-2026-0394,Twence Hengelo facility (Boeldershoek),Netherlands,Europe,"Twence, Aker Carbon Capture (SLB Capturi)",CCU,operating,Operational,,Power and heat,Power and heat (waste),capture_capacity,0.1,0.1,,2019,2021,2025,,Use,,https://www.akersolutions.com/news/news-archive/2019/aker-solutions-signs-carbon-capture-contract-with-twence-in-the-netherlands/|https://ec.europa.eu/info/news/state-aid-commission-approves-eu143-million-dutch-aid-support-carbon-capture-and-use-facility-2021-jul-30_en|https://www.twence.com/news/twence-co2-capture-plant-in-hengelo-sets-an-example-for-the-netherlands?_ga=2.60540654.276142154.1637244258-770985229.1619165454,2026-03-27,https://www.iea.org/data-and-statistics/data-product/ccus-projects-database,official_workbook,,unmatched-review
iea-2026-0395,Uthmaniyah CO2-EOR demonstration,Saudi Arabia,Middle East,Saudi Aramco,Full chain,operating,Operational,,Fuel transformation,Natural gas processing/LNG,capture_capacity,0.8,0.8,,2013,2013,2015,,Mixed,,https://www.arabnews.jp/en/saudi-arabia/article_39452/|https://www.aramco.com/en/what-we-do/energy-innovation/advancing-energy-solutions/carbon-capture-utilization-and-storage,2026-03-27,https://www.iea.org/data-and-statistics/data-product/ccus-projects-database,official_workbook,,unmatched-review
iea-2026-0396,Växjö Energi CHP CCS Sandviksverket,Sweden,Europe,Växjö Energi,Capture,cancelled,Cancelled,,Power and heat,Power (bioenergy),capture_capacity,0.2,0.2,0.2,2021,,,,Dedicated storage,CNetSS,"https://www.energi.se/artiklar/2021/maj-2021/darfor-tar-vaxjo-energi-klivet-till-bio-ccs/|https://www.veab.se/en/about/investments-and-projects/beccs/#:~:text=In%20November%202023%2C%20our%20grant,the%20project%20until%20December%202024.|https://www.veab.se/om-oss/satsningar-och-projekt/bio-ccs/|https://bioenergyinternational.com/vaxjo-pauses-beccs-project/",2026-03-27,https://www.iea.org/data-and-statistics/data-product/ccus-projects-database,official_workbook,,unmatched-review
iea-2026-0397,Velocys Bayou Fuels (MS),United States,North America,Velocys,Capture,concept,Planned,,Fuel transformation,Biodiesel,capture_capacity,0.5,0.3,,2019,,,,EOR,Livingston Parish CO2 sequestration hub (LA),https://www.velocys.com/projects/bayou-fuels/,2026-03-27,https://www.iea.org/data-and-statistics/data-product/ccus-projects-database,official_workbook,,unmatched-review
iea-2026-0398,Venture Global LNG Calcasieu Pass CCS (LA),United States,North America,Venture Global,Capture,concept,Planned,,Fuel transformation,Natural gas processing/LNG,capture_capacity,0.5,0.5,,2021,,,,Unknown/unspecified,Venture Global CCS Cameron (LA),https://venturegloballng.com/press/venture-global-launches-carbon-capture-and-sequestration-project/|https://www.reuters.com/business/sustainable-business/reuters-events-venture-global-can-use-existing-technology-louisiana-carbon-2021-06-23/,2026-03-27,https://www.iea.org/data-and-statistics/data-product/ccus-projects-database,official_workbook,,unmatched-review
iea-2026-0399,Venture Global LNG CP2 liquefaction facility CCS (LA),United States,North America,Venture Global,Capture,concept,Planned,,Fuel transformation,Natural gas processing/LNG,capture_capacity,0.5,0.5,,2021,,,,Dedicated storage,Venture Global CCS Cameron (LA),https://venturegloballng.com/press/venture-global-launches-carbon-capture-and-sequestration-project/|https://venturegloballng.com/press/venture-global-and-louisiana-governor-john-bel-edwards-announce-proposed-cp2-lng-export-facility/,2026-03-27,https://www.iea.org/data-and-statistics/data-product/ccus-projects-database,official_workbook,,unmatched-review
iea-2026-0400,Venture Global LNG Plaquemines CCS (LA),United States,North America,Venture Global,Capture,concept,Planned,,Fuel transformation,Natural gas processing/LNG,capture_capacity,,,,2021,,,,Unknown/unspecified,Venture Global CCS Cameron (LA),https://venturegloballng.com/press/venture-global-launches-carbon-capture-and-sequestration-project/|https://www.reuters.com/business/sustainable-business/reuters-events-venture-global-can-use-existing-technology-louisiana-carbon-2021-06-23/,2026-03-27,https://www.iea.org/data-and-statistics/data-product/ccus-projects-database,official_workbook,,unmatched-review
iea-2026-0401,Vestforbrænding's Ejby Glostrup incineration plant,Denmark,Europe,"Vestforbrænding, CIP",Capture,concept,Planned,,Power and heat,Power and heat (waste),capture_capacity,0.5,0.5,0.25,2019,,2030,,Dedicated storage,,https://a-r-c.dk/app/uploads/2021/02/C4-press_release.pdf|https://www.vestfor.dk/nyheder-og-presse/nyheder/vestforbraending-vil-indfange-co2-i-fremtiden/|https://www.vestfor.dk/nyheder-og-presse/nyheder/vestforbraending-intensiverer-sin-co2-indsats/|https://a-r-c.dk/c4/|https://orsted.com/en/media/newsroom/news/2022/02/20220204476711|https://www.technipenergies.com/en/media/news/technip-energies-selected-vestforbraendings-carbon-capture-project-waste-energy-plant|https://www.carboncapturejournal.com/ViewNews.aspx?NewsID=6624,2026-03-27,https://www.iea.org/data-and-statistics/data-product/ccus-projects-database,official_workbook,,unmatched-review
iea-2026-0402,Viridor Runcorn CCS project,United Kingdom,Europe,Viridor,Capture,concept,Planned,,Power and heat,Power and heat (waste),capture_capacity,0.9,0.9,0.45,2021,2026,2028,,Dedicated storage,Liverpool Bay CO2 storage (Hynet),https://hynet.co.uk/wp-content/uploads/2021/11/102021-WWU-supports-decarbonisation-cluster-in-North-Wales-and-North-West.docx.pdf|https://www.viridor.co.uk/siteassets/document-repository/sustainability-reports/07125-02-viridor-sustainability-report_v8-ia.pdf|https://akercarboncapture.com/?cision_id=5BE999397FF49444|https://www.gov.uk/government/publications/cluster-sequencing-phase-2-eligible-projects-power-ccus-hydrogen-and-icc/cluster-sequencing-phase-2-track-1-project-negotiation-list-march-2023|https://investors.technipenergies.com/news-releases/news-release-details/technip-energies-selected-viridor-perform-feed-runcorn-energy,2026-03-27,https://www.iea.org/data-and-statistics/data-product/ccus-projects-database,official_workbook,,unmatched-review
iea-2026-0403,Viking CCS Phase 1,United Kingdom,Europe,"Harbour Energy (60% operator), BP (40%), kent (engineering provider)",T&S,concept,Planned,1,CO2 T&S,CO2 T&S,storage_injection_capacity,3.6,3.6,,2020,,2027,,Dedicated storage,Viking CCS,https://www.upstreamonline.com/energy-transition/five-proposed-uk-carbon-capture-projects-meet-governments-eligibility-test/2-1-1047222|https://www.energyvoice.com/oilandgas/north-sea/355353/harbour-energy-wins-ccs-storage-licence-for-v-net-zero/|https://carbonherald.com/v-net-zero-carbon-capture-project-enters-planning-phase/|https://www.nstauthority.co.uk/news-publications/news/2021/oga-grants-carbon-storage-licence-to-harbour-energy/|https://www.vikingccs.co.uk/|https://www.energyvoice.com/renewables-energy-transition/ccs/uk-ccs/521881/everything-you-need-to-know-about-viking-ccs/|https://www.vikingccs.co.uk/news/application-for-viking-ccs-onshore-co2transportation-pipeline-accepted-for-examination-by-planning-inspectorate,2026-03-27,https://www.iea.org/data-and-statistics/data-product/ccus-projects-database,official_workbook,,unmatched-review
iea-2026-0404,Viking CCS Phase 2,United Kingdom,Europe,"Harbour Energy (operator), BP (40%)",T&S,concept,Planned,2,CO2 T&S,CO2 T&S,storage_injection_capacity,6.4,6.4,,2020,,2030,,Dedicated storage,Viking CCS,https://www.upstreamonline.com/energy-transition/five-proposed-uk-carbon-capture-projects-meet-governments-eligibility-test/2-1-1047222|https://www.energyvoice.com/oilandgas/north-sea/355353/harbour-energy-wins-ccs-storage-licence-for-v-net-zero/|https://carbonherald.com/v-net-zero-carbon-capture-project-enters-planning-phase/|https://www.vikingccs.co.uk/|https://www.energyvoice.com/renewables-energy-transition/ccs/uk-ccs/521881/everything-you-need-to-know-about-viking-ccs/,2026-03-27,https://www.iea.org/data-and-statistics/data-product/ccus-projects-database,official_workbook,,unmatched-review
iea-2026-0405,VPI Immingham CHP plant CCS,United Kingdom,Europe,VPI Immingham (Vitol),Capture,concept,Planned,,Power and heat,Power (gas),capture_capacity,3.3,3.3,,2019,,2027,,Dedicated storage,Viking CCS,https://www.harbourenergy.com/sustainability/v-net-zero/|https://www.woodplc.com/news/latest-press-releases/2021/wood-awarded-contract-for-humber-zero-project|https://www.shell.com/business-customers/catalysts-technologies/resources-library/trade-release-shell-catalysts-and-technologies-carbon-capture-technology-at-vpi.html|https://vpi.energy/news/vpis-humber-project-becomes-the-first-in-the-uk-to-obtain-consents-for-market-leading-ccs-technology/,2026-03-27,https://www.iea.org/data-and-statistics/data-product/ccus-projects-database,official_workbook,,unmatched-review
iea-2026-0406,Wabash Valley Resources/Wabash CarbonSAFE (IN),United States,North America,"Wabash Valley Resources, Wabash Carbon services, University of Illinois, Illinois State Geological Survey (CarbonSAFE)",Full chain,construction,Under construction,,Industry,Fertiliser,capture_capacity,1.67,1.67,0.167,2016,2026,2029,,Dedicated storage,Wabash CarbonSAFE (IN),https://www.netl.doe.gov/projects/project-information.aspx?p=FE0031626|https://www.wvresc.com/|https://www.greencarcongress.com/2021/06/20210623-blue.html|https://www.wvresc.com/doe-announces-loan-conditional-commitment-toward-2-4b-wabash-valley-resources-project-to-produce-low-carbon-fertilizer-and-revitalize-coal-community/|https://www.honeywell.com/us/en/press/2025/10/honeywell-carbon-capture-cechnology-to-help-transform-shuttered-power-plant-into-fertilizer-facility-supporting-us-farmers|https://investors.bakerhughes.com/news/press-releases/news-details/2026/Baker-Hughes-Secures-Multiple-Orders-to-Advance-Wabash-Valley-Resources-Clean-Ammonia-Fertilizer-Project/default.aspx,2026-03-27,https://www.iea.org/data-and-statistics/data-product/ccus-projects-database,official_workbook,,unmatched-review
iea-2026-0407,Nutrien Redwater Fertilizer (ALB) phase 1,Canada,North America,Nutrien (formerly Agrium),Capture,operating,Operational,1,Industry,Fertiliser,capture_capacity,0.3,0.3,,2011,2018,2020,,EOR,Alberta Carbon Trunk Line (ACTL)/Enhance Clive Sequestration Facility (ALB),,2026-03-27,https://www.iea.org/data-and-statistics/data-product/ccus-projects-database,official_workbook,,unmatched-review
iea-2026-0408,Whitetail Clean Energy,United Kingdom,Europe,"8Rivers, Sembcorp Energy UK",Capture,cancelled,Cancelled,,Power and heat,Power (gas),capture_capacity,0.8,0.8,,2021,,2025,2023,Dedicated storage,Northern Endurance Partnership,https://whitetail.energy/|https://www.snclavalin.com/en/media/trade-releases/2021/2021-09-09,2026-03-27,https://www.iea.org/data-and-statistics/data-product/ccus-projects-database,official_workbook,,unmatched-review
iea-2026-0409,Wilhelmshaven Energy Hub BlueHyNow,Germany,Europe,Wintershall Dea (Harbour Energy),Capture,concept,Planned,,Fuel transformation,Hydrogen or ammonia,capture_capacity,1.3,1.3,,2022,,2028,,Dedicated storage,WH2V eng hub,https://wintershalldea.com/en/newsroom/wintershall-dea-helps-shape-wilhelmshaven-energy-hub|https://www.ewi.uni-koeln.de/cms/wp-content/uploads/2025/01/250106_EWI_Low-carbon-hydrogen_A-techno-economic-and-regulatory-analysis.pdf,2026-03-27,https://www.iea.org/data-and-statistics/data-product/ccus-projects-database,official_workbook,,unmatched-review
iea-2026-0410,Yamal LNG,Russia,Eurasia,Novatek,Full chain,concept,Planned,,Fuel transformation,Natural gas processing/LNG,capture_capacity,,,,,,,,Dedicated storage,,https://www.upstreamonline.com/energy-transition/novatek-speeds-up-hydrogen-and-ccs-preparations/2-1-1046544|https://www.upstreamonline.com/energy-transition/carbon-capture-investment-decisions-to-watch-in-2022-woodmac/2-1-1160392?utm_content=205143412&utm_medium=social&utm_source=linkedin&hss_channel=lcp-68760596,2026-03-27,https://www.iea.org/data-and-statistics/data-product/ccus-projects-database,official_workbook,,unmatched-review
iea-2026-0411,Yulin Coal Chemical CCUS (Shaanxi) Phase 1,People's Republic of China,Other Asia Pacific,Yanchang Petroleum,Full chain,operating,Operational,1,Fuel transformation,Coal-to-liquids,capture_capacity,0.3,0.3,,2015,,2022,,EOR,Yanchang oilfield,https://www.ogci.com/new-ogci-report-on-ccus-in-china/|https://www.sciencedirect.com/science/article/pii/S1750583620305983|https://m.21jingji.com/article/20210531/herald/4759d551021ce607cd22ef008b83889e_zaker.html|http://www.pmweb.com.cn/xiangmu/6670.html,2026-03-27,https://www.iea.org/data-and-statistics/data-product/ccus-projects-database,official_workbook,,unmatched-review
iea-2026-0412,Azur Zeeland Refinery,Netherlands,Europe,"Air Liquide, TotalEnergies",Capture,concept,Planned,,Fuel transformation,Refining,capture_capacity,0.8,0.8,,2021,,,,Dedicated storage,,https://www.engineering-airliquide.com/air-liquide-engineering-construction-supports-decarbonization-zeeland-refinery|https://zeelandrefinery.nl/duurzaamheid/,2026-03-27,https://www.iea.org/data-and-statistics/data-product/ccus-projects-database,official_workbook,,unmatched-review
iea-2026-0414,Linde hydrogen plant for Beaumont New Ammonia (TX),United States,North America,"Woodside Energy (new owner, bought from OCI), Linde (builds, operates)",Capture,construction,Under construction,,Industry,Fertiliser,capture_capacity,2.2,1.7,,2022,2023,2026,,Dedicated storage,Rose carbon capture and storage project (TX),https://www.ammoniaenergy.org/articles/maire-tecnimont-plans-million-tonne-per-year-blue-ammonia-plant-in-the-us/|https://www.oci.nl/news/2022-oci-to-start-construction-of-new-world-scale-hydrogen-based-blue-ammonia-facility-in-texas-with-production-expected-in-q1-2025/|https://www.linde.com/news-media/press-releases/2023/linde-to-invest-1-8-billion-to-supply-clean-hydrogen-to-oci-s-world-scale-blue-ammonia-project-in-the-u-s-gulf-coast|https://www.linde.com/news-media/press-releases/2023/linde-signs-agreement-with-exxonmobil-for-carbon-dioxide-off-take|https://fuelcellsworks.com/news/ocis-1-1-mtpa-texas-ammonia-project-remains-on-track-to-commence-production-in-early-2025/?mc_cid=433fe54022&mc_eid=da4624d261|https://www.linde.com/news-and-media/2023/linde-to-invest-1-8-billion-to-supply-clean-hydrogen-to-oci-s-world-scale-blue-ammonia-project-in-the-u-s-gulf-coas|https://www.woodside.com/what-we-do/growth-projects/beaumont-new-ammonia,2026-03-27,https://www.iea.org/data-and-statistics/data-product/ccus-projects-database,official_workbook,,unmatched-review
iea-2026-0415,In Salah,Algeria,Africa,"bp, Sonatrach, Equinor",Full chain,closed,Decommissioned,,Fuel transformation,Natural gas processing/LNG,capture_capacity,0.5,0.5,,,,2004,2011,Dedicated storage,,https://www.sciencedirect.com/science/article/pii/S1876610213007947|https://sequestration.mit.edu/tools/projects/in_salah.html,2026-03-27,https://www.iea.org/data-and-statistics/data-product/ccus-projects-database,official_workbook,,unmatched-review
iea-2026-0434,Climeworks Orca,Iceland,Europe,"Climeworks, CarbFix",Full chain,operating,Operational,,DAC,Direct Air Capture,capture_capacity,0.004,0.004,0.004,2018,2020,2021,,Dedicated storage,,https://www.edfenergy.com/energy/nuclear-new-build-projects/sizewell-c/news-views/sizewell-c-and-partners-awarded-direct-air-capture-funding|https://www.bloomberg.com/news/features/2021-09-08/inside-the-world-s-largest-direct-carbon-capture-plant,2026-03-27,https://www.iea.org/data-and-statistics/data-product/ccus-projects-database,official_workbook,,unmatched-review
iea-2026-0437,Global thermostat headquarters plant (CO),United States,North America,Global Thermostat,Capture,operating,Operational,,DAC,Direct Air Capture,capture_capacity,0.001,0.001,,2023,,2023,,Vented,,https://www.globalthermostat.com/news-and-updates/global-thermostat-colorado-headquarters|https://www.canarymedia.com/articles/carbon-capture/a-buzzy-new-carbon-removal-plant-is-catching-and-releasing-co2,2026-03-27,https://www.iea.org/data-and-statistics/data-product/ccus-projects-database,official_workbook,,unmatched-review
iea-2026-0440,Sizewell C nuclear-powered DAC Full-scale,United Kingdom,Europe,"Sizewell C, Nottingham University, Strata Technology, Atkins and Doosan Babcock",Capture,concept,Planned,1,DAC,Direct Air Capture,capture_capacity,0.05,0.05,0.05,2022,,2030,,Dedicated storage,,https://world-nuclear-news.org/Articles/%E2%80%98Megatonne%E2%80%99-CO2-capture-plant-plan-for-Sizewell-C|https://www.edfenergy.com/energy/nuclear-new-build-projects/sizewell-c/news-views/sizewell-c-and-partners-awarded-direct-air-capture-funding,2026-03-27,https://www.iea.org/data-and-statistics/data-product/ccus-projects-database,official_workbook,,unmatched-review
iea-2026-0441,Climeworks Mammoth Project phase 1,Iceland,Europe,"Climeworks, Carbfix",Full chain,operating,Operational,1,DAC,Direct Air Capture,capture_capacity,0.006,0.006,0.006,2022,2022,2024,,Dedicated storage,,https://climeworks.com/news/climeworks-announces-groundbreaking-on-mammoth?utm_source=Twitter&utm_medium=Social&utm_campaign=mammothannouncement&utm_content=mammothnews|https://www.edfenergy.com/energy/nuclear-new-build-projects/sizewell-c/news-views/sizewell-c-and-partners-awarded-dac-funding,2026-03-27,https://www.iea.org/data-and-statistics/data-product/ccus-projects-database,official_workbook,,unmatched-review
iea-2026-0442,Daya Bay CCS Hub phase 1 (Guangdong),People's Republic of China,Other Asia Pacific,"Shell, ExxonMobil, CNOOC, Guangdong Provincial Development & Reform Commission (JSA)",T&S,concept,Planned,1,CO2 T&S,CO2 T&S,storage_injection_capacity,2.0,2.0,,2022,,,,Dedicated storage,Daya Bay CCS Hub,https://www.shell.com.cn/en_cn/media/media-releases/2022-media-releases/shell-partners-with-cnooc-guangdong-government-exxonmobil-on-offshore-carbon-capture-and-storage-hub-in-china.html|https://www.linkedin.com/posts/jasonwongshell_ccs-poweringprogress-activity-7021325298562437121-tk54/?utm_source=share&utm_medium=member_desktop|https://www.upstreamonline.com/carbon-capture/supermajors-china-ccs-initiative-eyes-2-million-tpa-offshore-storage-hub/2-1-1730459?zephr_sso_ott=Gv3WyX|https://www.eco.gov.cn/news_info/56440.html,2026-03-27,https://www.iea.org/data-and-statistics/data-product/ccus-projects-database,official_workbook,,unmatched-review
iea-2026-0443,Nanhai petrochemical plant-Capture for Daya bay CCS (Guangdong),People's Republic of China,Other Asia Pacific,Shell,Capture,concept,Planned,,Industry,Chemicals,capture_capacity,,,,2022,,,,Dedicated storage,Daya bay CCS Hub,https://www.shell.com.cn/en_cn/media/media-releases/2022-media-releases/shell-partners-with-cnooc-guangdong-government-exxonmobil-on-offshore-carbon-capture-and-storage-hub-in-china.html|https://www.upstreamonline.com/carbon-capture/supermajors-china-ccs-initiative-eyes-2-million-tpa-offshore-storage-hub/2-1-1730459?zephr_sso_ott=Gv3WyX|https://baijiahao.baidu.com/s?id=1851008111575208440&wfr=spider&for=pc,2026-03-27,https://www.iea.org/data-and-statistics/data-product/ccus-projects-database,official_workbook,,unmatched-review
iea-2026-0444,Daya Bay CCS Hub phase 2 (Guangdong),People's Republic of China,Other Asia Pacific,"Shell, CNOOC, Guangdong Provincial Development and Reform Commission, ExxonMobil",T&S,concept,Planned,2,CO2 T&S,CO2 T&S,storage_injection_capacity,8.0,8.0,,2022,,,,Dedicated storage,Daya bay CCS Hub,https://www.shell.com.cn/media.html#vanity-aHR0cHM6Ly93d3cuc2hlbGwuY29tLmNuL2VuX2NuL21lZGlhL21lZGlhLXJlbGVhc2VzLzIwMjItbWVkaWEtcmVsZWFzZXMvc2hlbGwtcGFydG5lcnMtd2l0aC1jbm9vYy1ndWFuZ2RvbmctZ292ZXJubWVudC1leHhvbm1vYmlsLW9uLW9mZnNob3JlLWNhcmJvbi1jYXB0dXJlLWFuZC1zdG9yYWdlLWh1Yi1pbi1jaGluYS5odG1s|https://www.upstreamonline.com/carbon-capture/supermajors-china-ccs-initiative-eyes-2-million-tpa-offshore-storage-hub/2-1-1730459?zephr_sso_ott=Gv3WyX,2026-03-27,https://www.iea.org/data-and-statistics/data-product/ccus-projects-database,official_workbook,,unmatched-review
iea-2026-0446,Hynet Northwest phase 3,United Kingdom,Europe,Hynet consortium,Capture,concept,Planned,3,Fuel transformation,Hydrogen or ammonia,capture_capacity,8.1,8.1,,2019,,2030,,Dedicated storage,Liverpool Bay CO2 storage (Hynet),,2026-03-27,https://www.iea.org/data-and-statistics/data-product/ccus-projects-database,official_workbook,,unmatched-review
iea-2026-0451,Pecos County Ultra Clean Fuels Refining (TX),United States,North America,MMEX,Capture,concept,Planned,,Fuel transformation,Refining,capture_capacity,,,,2021,,,,EOR,,https://mmexresources.com/project/pecos-county-ultra-clean-fuels-refining/,2026-03-27,https://www.iea.org/data-and-statistics/data-product/ccus-projects-database,official_workbook,,unmatched-review
iea-2026-0452,Northern Endurance Partnership phase 2,United Kingdom,Europe,"BP, Equinor, TotalEnergies",T&S,concept,Planned,2,CO2 T&S,CO2 T&S,storage_injection_capacity,4.0,4.0,,2019,2028,2032,,Dedicated storage,,https://www.eni.com/en-IT/operations/storage-reuse-co2.html,2026-03-27,https://www.iea.org/data-and-statistics/data-product/ccus-projects-database,official_workbook,uk-northern-endurance,matched-exact
iea-2026-0453,Dos Bocas refinery,Mexico,North America,Pemex,Capture,concept,Planned,,Fuel transformation,Refining,capture_capacity,,,,,,,,Unknown/unspecified,,,2026-03-27,https://www.iea.org/data-and-statistics/data-product/ccus-projects-database,official_workbook,,unmatched-review
iea-2026-0454,HyDEMO (shelved??),Norway,Europe,Equinor,Capture,cancelled,Cancelled,,Fuel transformation,Hydrogen or ammonia,capture_capacity,0.15,0.15,,2020,,,2022,Dedicated storage,,,2026-03-27,https://www.iea.org/data-and-statistics/data-product/ccus-projects-database,official_workbook,,unmatched-review
iea-2026-0455,H2GE Rostock,Germany,Europe,"Equinor, VNG",Capture,concept,Planned,,Fuel transformation,Hydrogen or ammonia,capture_capacity,2.0,2.0,,2022,,2032,,Dedicated storage,Northern Lights,https://www.equinor.com/energy/hydrogen|https://vng-handel.de/en/h2ge-rostock-project,2026-03-27,https://www.iea.org/data-and-statistics/data-product/ccus-projects-database,official_workbook,,unmatched-review
iea-2026-0458,CF Industries blue ammonia Donaldsonville (LA),United States,North America,"CF Industries, ExxonMobil (storage), EnLink Midstream (transport)",Capture,operating,Operational,,Industry,Fertiliser,capture_capacity,2.0,2.0,,2020,2021,2025,,EOR and storage,Rose carbon capture and storage (TX),https://www.ammoniaenergy.org/articles/cf-industries-invests-in-blue-ammonia-capacity-in-the-us/|https://cen.acs.org/business/Chemical-makers-plan-blue-ammonia/100/i16|https://www.cfindustries.com/globalassets/cf-industries/media/documents/2020-downloads/cf-industries-2020-annual-report.pdf|https://gov.louisiana.gov/index.cfm/newsroom/detail/3858#.Y0djknbtXMp.twitter|https://www.gasworld.com/cf-industries-unveils-2bn-ammonia-complex-plans-in-louisiana/2023620.article|https://www.cfindustries.com/newsroom/2025/donaldsonvilleccs,2026-03-27,https://www.iea.org/data-and-statistics/data-product/ccus-projects-database,official_workbook,,unmatched-review
iea-2026-0459,CF Industries blue ammonia Yazoo City (MS),United States,North America,"ExxonMobil, CF Industries",Full chain,construction,Under construction,,Industry,Fertiliser,capture_capacity,0.5,0.5,,2020,2024,2028,,Dedicated storage,,https://www.ammoniaenergy.org/articles/cf-industries-invests-in-blue-ammonia-capacity-in-the-us/|https://cen.acs.org/business/Chemical-makers-plan-blue-ammonia/100/i16|https://www.cfindustries.com/globalassets/cf-industries/media/documents/2020-downloads/cf-industries-2020-annual-report.pdf|https://www.cfindustries.com/newsroom/2024/yazoo-city-ccs-exxonmobil|https://corporate.exxonmobil.com/what-we-do/delivering-industrial-solutions/carbon-capture-and-storage/exxonmobil-signs-carbon-capture-agreement-cf-industries-yazoo,2026-03-27,https://www.iea.org/data-and-statistics/data-product/ccus-projects-database,official_workbook,,unmatched-review
iea-2026-0460,Northern Endurance Partnership phase 3,United Kingdom,Europe,"BP, Equinor, TotalEnergies",T&S,concept,Planned,3,CO2 T&S,CO2 T&S,storage_injection_capacity,2.0,2.0,,2020,2029,2033,,Dedicated storage,,https://gov.louisiana.gov/index.cfm/newsroom/detail/3858#.Y0djknbtXMp.twitter,2026-03-27,https://www.iea.org/data-and-statistics/data-product/ccus-projects-database,official_workbook,uk-northern-endurance,matched-exact
iea-2026-0463,MoU ADNOC ENEOS Mitsui Ruwais Industrial Area,United Arab Emirates,Middle East,"ADNOC, ENEOS, Mitsui",Capture,concept,Planned,,Industry,Chemicals,capture_capacity,0.46,0.46,,2022,,,,Unknown/unspecified,,https://www.offshore-energy.biz/adnoc-eneos-mitsui-to-look-into-clean-hydrogen-supply-chain-between-uae-and-japan/,2026-03-27,https://www.iea.org/data-and-statistics/data-product/ccus-projects-database,official_workbook,,unmatched-review
iea-2026-0464,Wesfarmers Mitsui WA low-carbon ammonia,Australia,Australia and New Zealand,"Wesfarmers, Mitsui",Capture,concept,Planned,,Fuel transformation,Hydrogen or ammonia,capture_capacity,,,,2021,,,,Unknown/unspecified,Cygnus CCS,"https://www.watoday.com.au/politics/western-australia/wesfarmers-and-mitsui-look-at-1-billion-plus-wa-low-carbon-ammonia-export-20211003-p58wsn.html|https://wescef.com.au/2021/09/21/joint-feasibility-study-for-creation-of-a-supply-chain-of-low-carbon-ammonia-in-western-australia-2/#:~:text=MEPAU%20as%20a%20subsidiary%20of,through%20investment%20and%20jobs%20growth.",2026-03-27,https://www.iea.org/data-and-statistics/data-product/ccus-projects-database,official_workbook,,unmatched-review
iea-2026-0465,Yara Sluiskil fertiliser,Netherlands,Europe,Yara,Capture,construction,Under construction,,Industry,Fertiliser,capture_capacity,0.8,0.8,,2022,2023,2026,,Dedicated storage,Northern Lights,https://norlights.com/news/major-milestone-for-decarbonising-europe%ef%bf%bc/|https://www.yara.com/corporate-releases/yara-invests-in-ccs-in-sluiskil-and-signs-binding-co2-transport-and-storage-agreement-with-northern-lights--the-worlds-first-cross-border-ccs-agreement-in-operation2/|https://www.yara.com/knowledge-grows/how-to-scale-carbon-capture-and-storage-and-turn-climate-targets-into-action/|https://www.yara.com/corporate-releases/yara-invests-in-ccs-in-sluiskil-and-signs-binding-co2-transport-and-storage-agreement-with-northern-lights--the-worlds-first-cross-border-ccs-agreement-in-operation2/|https://globalflowcontrol.com/newsroom/yara-breaks-ground-on-a-carbon-capture-storage-project-in-sluiskil-the-netherlands/,2026-03-27,https://www.iea.org/data-and-statistics/data-product/ccus-projects-database,official_workbook,,unmatched-review
iea-2026-0470,Project Bison (WY) Phase 1,United States,North America,"CarbonCapture, Frontier Carbon Solutions",Capture,cancelled,Cancelled,1,DAC,Direct Air Capture,capture_capacity,0.01,0.01,0.01,2022,,2024,2024,Dedicated storage,Sweetwater Carbon Storage Hub (WY),https://www.carboncapture.com/project-bison,2026-03-27,https://www.iea.org/data-and-statistics/data-product/ccus-projects-database,official_workbook,,unmatched-review
iea-2026-0471,Project Bison (WY) Phase 2,United States,North America,"CarbonCapture, Frontier Carbon Solutions",Capture,cancelled,Cancelled,2,DAC,Direct Air Capture,capture_capacity,0.2,0.2,0.2,2022,,2026,2024,Dedicated storage,Sweetwater Carbon Storage Hub (WY),https://www.carboncapture.com/project-bison,2026-03-27,https://www.iea.org/data-and-statistics/data-product/ccus-projects-database,official_workbook,,unmatched-review
iea-2026-0472,Project Bison (WY) Phase 3,United States,North America,"CarbonCapture, Frontier Carbon Solutions",Capture,cancelled,Cancelled,3,DAC,Direct Air Capture,capture_capacity,0.8,0.8,0.8,2022,,2028,2024,Dedicated storage,Sweetwater Carbon Storage Hub (WY),https://www.carboncapture.com/project-bison,2026-03-27,https://www.iea.org/data-and-statistics/data-product/ccus-projects-database,official_workbook,,unmatched-review
iea-2026-0473,Project Bison (WY) Phase 4,United States,North America,"CarbonCapture, Frontier Carbon Solutions",Capture,cancelled,Cancelled,4,DAC,Direct Air Capture,capture_capacity,4.0,4.0,4.0,2022,,2028,2024,Dedicated storage,Sweetwater Carbon Storage Hub (WY),https://www.carboncapture.com/project-bison,2026-03-27,https://www.iea.org/data-and-statistics/data-product/ccus-projects-database,official_workbook,,unmatched-review
iea-2026-0474,South Texas DAC Hub (TX),United States,North America,1PointFive (Occidental),Full chain,concept,Planned,1,DAC,Direct Air Capture,capture_capacity,1.0,1.0,1.0,2022,,2030,,Dedicated storage,South Texas DAC Hub,https://carbonengineering.com/news-updates/multi-million-tonne-south-texas/|https://www.1pointfive.com/news/1pointfive-south-texas-dac-hub-awarded-us-doe-funding,2026-03-27,https://www.iea.org/data-and-statistics/data-product/ccus-projects-database,official_workbook,,unmatched-review
iea-2026-0477,Gemini (formerly Denbury Ascension Parish sequestration) (LA),United States,North America,ExxonMobil (formerly Denbury carbon solutions),Storage,concept,Planned,,CO2 T&S,CO2 storage,storage_injection_capacity,10.0,10.0,,2022,,2027,,Dedicated storage,Gemini (LA),https://www.denbury.com/investor-relations/press-releases/press-release-details/2022/Denbury-Expands-CO2-Sequestration-Portfolio-With-Additional-Site-in-Louisianas-Industrial-Corridor/default.aspx|https://www.denbury.com/wp-content/uploads/2022/11/DEN-Pipeline-Schedule.pdf|https://www.energytech.com/energy-storage/article/21253915/denbury-gains-ccs-rights-for-proposed-hydrogenammonia-complex-in-louisiana,2026-03-27,https://www.iea.org/data-and-statistics/data-product/ccus-projects-database,official_workbook,,unmatched-review
iea-2026-0484,Ascension Clean Energy (ACE) complex (LA) Phase 1,United States,North America,"Clean Hydrogen Works (Joint venture between Denbury Carbon Solutions (ExxonMobil) (T&S), Hafnia (ammonia export), Mitsui O.S.K. Lines (MOL) (shipping))",Capture,concept,Planned,,Fuel transformation,Hydrogen or ammonia,capture_capacity,3.78,3.78,,2022,2026,2029,,Dedicated storage,Denbury Green pipeline /Gemini (LA),https://www.cleanhydrogenworks.com/news/clean-hydrogen-works-awards-mcdermott-feed-contract-for-ascension-clean-energy-ace-project.html|https://www.cleanhydrogenworks.com/the-ace-project/,2026-03-27,https://www.iea.org/data-and-statistics/data-product/ccus-projects-database,official_workbook,,unmatched-review
iea-2026-0486,Centrica Equinor hydrogen hub Easington collaboration,United Kingdom,Europe,"Centrica, Equinor",Full chain,concept,Planned,,Fuel transformation,Hydrogen or ammonia,capture_capacity,,,,2022,,,,Dedicated storage,,https://www.centrica.com/media-centre/news/2022/centrica-and-equinor-sign-co-operation-agreement-for-east-yorkshire-hydrogen-hub/,2026-03-27,https://www.iea.org/data-and-statistics/data-product/ccus-projects-database,official_workbook,,unmatched-review
iea-2026-0487,"BlueBonnet Sequestration Hub (Chambers, Liberty, and Jefferson County) (TX)",United States,North America,1PointFive (Occidental),Storage,concept,Planned,,CO2 T&S,CO2 storage,storage_injection_capacity,8.0,8.0,,2022,,2028,,Dedicated storage,BlueBonnet sequestration hub,https://www.oxy.com/news/news-releases/oxy-low-carbon-ventures-and-natural-resource-partners-l.p.-enter-into-co2-sequestration-agreement/|https://www.1pointfive.com/1pointfive-announces-plan-to-develop-carbon-capture-and-sequestration-hub-in-southeast-texas,2026-03-27,https://www.iea.org/data-and-statistics/data-product/ccus-projects-database,official_workbook,,unmatched-review
iea-2026-0492,Alberta Carbon Grid (ALB) phase 2,Canada,North America,"Pembina Pipeline Corporation, TC Energy",T&S,concept,Planned,2,CO2 T&S,CO2 T&S,storage_injection_capacity,10.0,10.0,,2021,,,,Dedicated storage,Alberta Carbon Grid (ALB),https://albertacarbongrid.ca/news/acg-secures-rights-to-evaluate-one-of-the-largest-carbon-storage-areas-in-alberta/,2026-03-27,https://www.iea.org/data-and-statistics/data-product/ccus-projects-database,official_workbook,,unmatched-review
iea-2026-0494,Taiwan Cement Hoping/Heping plant,Chinese Taipei,Other Asia Pacific,Taiwan cement,Capture,concept,Planned,1,Industry,Cement,capture_capacity,0.1,0.1,,2019,,2030,,Use,,https://www.taiwancement.com/en/esgGhgCarbonEmissions.html|https://www.cemnet.com/News/story/166756/taiwan-cement-co-sets-co2-capture-targets.html,2026-03-27,https://www.iea.org/data-and-statistics/data-product/ccus-projects-database,official_workbook,,unmatched-review
iea-2026-0495,EnLink midstream network (LA),United States,North America,EnLink Midstream,Transport,concept,Planned,,CO2 T&S,CO2 transport,transport_capacity,2.0,2.0,,2022,,,,Dedicated storage,Enlink midstream network (LA),https://sustainability.enlink.com/carbon-solutions/,2026-03-27,https://www.iea.org/data-and-statistics/data-product/ccus-projects-database,official_workbook,,unmatched-review
iea-2026-0496,Athabasca Banks Carbon Hub (ALB),Canada,North America,"Vault 44.01 Ltd., Moraine Initiatives Ltd.",Storage,concept,Planned,,CO2 T&S,CO2 storage,storage_injection_capacity,,,,2022,2026,2027,,Dedicated storage,Athabasca Banks Carbon Hub (ALB),,2026-03-27,https://www.iea.org/data-and-statistics/data-product/ccus-projects-database,official_workbook,,unmatched-review
iea-2026-0497,Battle River Carbon Hub (ALB),Canada,North America,"Heartland Generation Ltd., Carbon Alpha",T&S,concept,Planned,,CO2 T&S,CO2 T&S,storage_injection_capacity,5.0,5.0,,2022,,2029,,Dedicated storage,Battle River Carbon Hub (ALB),https://www.alberta.ca/carbon-capture-utilization-and-storage-hub-development-process.aspx|https://www.linkedin.com/posts/carbon-alpha_heartland-generation-battle-river-carbon-activity-6973270756914851840-aiw8/?trk=public_profile_like_view&originalSubdomain=ca|https://www.heartlandgeneration.com/post/heartland-generation-selected-by-government-of-alberta-to-evaluate-a-carbon-sequestration-hub-in-alberta,2026-03-27,https://www.iea.org/data-and-statistics/data-product/ccus-projects-database,official_workbook,,unmatched-review
iea-2026-0498,Bow River Hub (ALB),Canada,North America,"Inter Pipeline Ltd., Entropy Inc.",T&S,concept,Planned,,CO2 T&S,CO2 T&S,storage_injection_capacity,5.0,5.0,,2022,,,,Dedicated storage,Bow River Hub (ALB),https://www.alberta.ca/carbon-capture-utilization-and-storage-hub-development-process.aspx|https://www.newswire.ca/news-releases/entropy-inc-provides-operational-and-corporate-update-821286982.html|https://www.linkedin.com/posts/entropyinc_carboncapture-alberta-co2hubs-activity-6983488956248047616-kWhw/,2026-03-27,https://www.iea.org/data-and-statistics/data-product/ccus-projects-database,official_workbook,,unmatched-review
iea-2026-0500,Central Alberta Hub (ALB),Canada,North America,"Wolf Midstream, Whitecap Resources Inc., the First Nation Capital Investment Partnership (FNCIP), Heart Lake First Nation",Storage,concept,Planned,,CO2 T&S,CO2 storage,storage_injection_capacity,,,,2022,,2027,,Dedicated storage,Alberta Carbon TrunkLine (ACTL)/Central Alberta Hub (ALB),https://www.alberta.ca/carbon-capture-utilization-and-storage-hub-development-process.aspx,2026-03-27,https://www.iea.org/data-and-statistics/data-product/ccus-projects-database,official_workbook,,unmatched-review
iea-2026-0501,East Calgary Region Carbon Sequestration Hub (ALB),Canada,North America,"Reconciliation Energy Transition Inc. (RETI), Sumitomo",T&S,concept,Planned,,CO2 T&S,CO2 T&S,storage_injection_capacity,10.0,5.0,,2022,,2027,,Dedicated storage,East Calgary Region Carbon Sequestration Hub (ALB),https://www.alberta.ca/carbon-capture-utilization-and-storage-hub-development-process.aspx|https://finance.yahoo.com/news/reconciliation-energy-transition-inc-announces-130000578.html|https://www.newswire.ca/news-releases/reconciliation-energy-transition-inc-announces-successful-proposal-for-the-east-calgary-region-carbon-sequestration-hub-899913131.html|https://www.newswire.ca/news-releases/reconciliation-energy-transition-inc-and-sumitomo-corporation-of-americas-announce-exclusivity-agreement-for-carbon-transportation-and-sequestration-project-in-alberta-canada-886172276.html|https://www.sumitomocorp.com/en/jp/news/topics/2024/group/20240524,2026-03-27,https://www.iea.org/data-and-statistics/data-product/ccus-projects-database,official_workbook,,unmatched-review
iea-2026-0502,Grande Prairie Net Zero Gateway (ALB),Canada,North America,"Keyera Corp., Entropy Inc., NorthRiver Midstream",Storage,concept,Planned,,CO2 T&S,CO2 storage,storage_injection_capacity,3.3,3.3,,2022,,,,Dedicated storage,Grande Prairie Net Zero Gateway,https://www.alberta.ca/carbon-capture-utilization-and-storage-hub-development-process.aspx|https://www.linkedin.com/posts/entropyinc_carboncapture-alberta-co2hubs-activity-6983488956248047616-kWhw/|https://www.keyera.com/new-ventures/,2026-03-27,https://www.iea.org/data-and-statistics/data-product/ccus-projects-database,official_workbook,,unmatched-review
iea-2026-0503,Greenview Region CCS Project (ALB),Canada,North America,ARC Resources Ltd.,Storage,concept,Planned,,CO2 T&S,CO2 storage,storage_injection_capacity,,,,2022,,,,Dedicated storage,Greenview Region CCS Project (ALB),https://www.alberta.ca/carbon-capture-utilization-and-storage-hub-development-process.aspx,2026-03-27,https://www.iea.org/data-and-statistics/data-product/ccus-projects-database,official_workbook,,unmatched-review
iea-2026-0504,Maskwa Project (ALB),Canada,North America,Kiwetinohk Energy Corp.,Storage,concept,Planned,,CO2 T&S,CO2 storage,storage_injection_capacity,,,,2022,,,,Dedicated storage,Maskwa Project (ALB),https://www.alberta.ca/carbon-capture-utilization-and-storage-hub-development-process.aspx,2026-03-27,https://www.iea.org/data-and-statistics/data-product/ccus-projects-database,official_workbook,,unmatched-review
iea-2026-0505,North Drumheller Hub (ALB),Canada,North America,Bison Low Carbon Ventures Inc.,Storage,concept,Planned,,CO2 T&S,CO2 storage,storage_injection_capacity,3.0,3.0,,2022,,,,Dedicated storage,North Drumheller Hub (ALB),https://www.alberta.ca/carbon-capture-utilization-and-storage-hub-development-process.aspx|https://www.stalbertgazette.com/local-news/carbon-capture-plant-proposed-west-of-legal-bison-brister-comeau-wierzba-5969255,2026-03-27,https://www.iea.org/data-and-statistics/data-product/ccus-projects-database,official_workbook,,unmatched-review
iea-2026-0506,Pathways Alliance (T&S) (ALB),Canada,North America,"CNRL, Cenovus Energy, ConocoPhilips, Imperial, MEG Energy, Suncor (Pathway Alliance)",T&S,concept,Planned,,CO2 T&S,CO2 T&S,storage_injection_capacity,15.2,15.2,,2022,2026,2030,,Dedicated storage,Pathways Alliance,https://www.alberta.ca/carbon-capture-utilization-and-storage-hub-development-process.aspx|https://www.eralberta.ca/projects/details/oil-sands-ccus-pathways-to-net-zero/|https://pathwaysalliance.ca/release-detailed-evaluation/|https://www.cbc.ca/news/canada/calgary/oilsands-group-pledges-to-spend-16-5b-on-carbon-capture-project-by-2030-1.6616689|https://www.woodplc.com/news/latest-press-releases/2023/wood-secures-engineering-contract-for-pathways-alliance-ccs-pipeline|https://carboncapturemagazine.com/articles/pathways-alliance-file-regulatory-applications-for-proposed-ccs-transportation-network-and-storage-hub|https://www.h2-view.com/story/us-backed-2-6m-coal-based-low-carbon-ammonia-plant-enters-construction/2136295.article/?utm_source=dlvr.it&utm_medium=twitter&utm_campaign=rss,2026-03-27,https://www.iea.org/data-and-statistics/data-product/ccus-projects-database,official_workbook,ca-pathways,matched-exact
iea-2026-0507,Opal Carbon Hub (ALB),Canada,North America,Kiwetinohk Energy Corp.,Storage,concept,Planned,,CO2 T&S,CO2 storage,storage_injection_capacity,,,,2022,,,,Dedicated storage,Opal Carbon Hub (ALB),https://www.alberta.ca/carbon-capture-utilization-and-storage-hub-development-process.aspx,2026-03-27,https://www.iea.org/data-and-statistics/data-product/ccus-projects-database,official_workbook,,unmatched-review
iea-2026-0508,Captus Pincher Creek Carbon Sequestration Hub (ALB),Canada,North America,West Lake Energy Corp.,Storage,concept,Planned,,CO2 T&S,CO2 storage,storage_injection_capacity,2.7,2.7,,2022,,,,Dedicated storage,Pincher Creek Carbon Sequestration Hub (ALB),https://www.alberta.ca/carbon-capture-utilization-and-storage-hub-development-process.aspx|http://www.westlakeenergy.ca/pincher-creek-waterton-ccus-hub/,2026-03-27,https://www.iea.org/data-and-statistics/data-product/ccus-projects-database,official_workbook,,unmatched-review
iea-2026-0509,Project Clear Horizon (ALB),Canada,North America,Imperial Oil Ltd.,Full chain,concept,Planned,,Power and heat,Power (gas),capture_capacity,,,,2022,,2028,,Dedicated storage,Project Clear Horizon (ALB),https://www.alberta.ca/carbon-capture-utilization-and-storage-hub-development-process.aspx|https://www.eralberta.ca/projects/details/project-clear-horizon/,2026-03-27,https://www.iea.org/data-and-statistics/data-product/ccus-projects-database,official_workbook,,unmatched-review
iea-2026-0510,Ram River Carbon Sequestration Hub (ALB),Canada,North America,Tidewater Midstream,Storage,concept,Planned,,CO2 T&S,CO2 storage,storage_injection_capacity,,,,2022,,,,Dedicated storage,Ram River Carbon Sequestration Hub (ALB),https://www.alberta.ca/carbon-capture-utilization-and-storage-hub-development-process.aspx,2026-03-27,https://www.iea.org/data-and-statistics/data-product/ccus-projects-database,official_workbook,,unmatched-review
iea-2026-0511,Rocky Mountain Carbon Vault (ALB),Canada,North America,Vault 44.01 Ltd.,Storage,concept,Planned,,CO2 T&S,CO2 storage,storage_injection_capacity,,,,2022,,2027,,Dedicated storage,Rocky Mountain Carbon Vault (ALB),https://www.alberta.ca/carbon-capture-utilization-and-storage-hub-development-process.aspx,2026-03-27,https://www.iea.org/data-and-statistics/data-product/ccus-projects-database,official_workbook,,unmatched-review
iea-2026-0512,Rolling Hills Carbon Sequestration Hub (ALB),Canada,North America,"AltaGas Ltd., Whitecap Resources Inc.",Storage,concept,Planned,,CO2 T&S,CO2 storage,storage_injection_capacity,5.0,5.0,,2022,,2028,,Dedicated storage,Rolling Hills Carbon Sequestration Hub (ALB),https://www.alberta.ca/carbon-capture-utilization-and-storage-hub-development-process.aspx,2026-03-27,https://www.iea.org/data-and-statistics/data-product/ccus-projects-database,official_workbook,,unmatched-review
iea-2026-0513,The Grande Prairie CCS Hub (ALB),Canada,North America,Enhance Energy Inc.,Storage,cancelled,Cancelled,,CO2 T&S,CO2 storage,storage_injection_capacity,,,,2022,,,2023,Dedicated storage,The Grande Prairie CCS Hub (ALB),https://www.alberta.ca/carbon-capture-utilization-and-storage-hub-development-process.aspx,2026-03-27,https://www.iea.org/data-and-statistics/data-product/ccus-projects-database,official_workbook,,unmatched-review
iea-2026-0514,Tourmaline Clearwater CCUS (ALB),Canada,North America,Tourmaline Oil Corp.,Storage,concept,Planned,,CO2 T&S,CO2 storage,storage_injection_capacity,0.5,0.5,,2022,,,,Dedicated storage,Tourmaline Clearwater CCUS (ALB),https://www.alberta.ca/carbon-capture-utilization-and-storage-hub-development-process.aspx,2026-03-27,https://www.iea.org/data-and-statistics/data-product/ccus-projects-database,official_workbook,,unmatched-review
iea-2026-0515,Milford Haven CO2 Project (Part of Pembroke Net Zero Centre (PNZC)),United Kingdom,Europe,"RWE, Dragon, Acorn",Full chain,concept,Planned,,Power and heat,Power (gas),capture_capacity,5.0,5.0,,2022,,2034,,Dedicated storage,,https://uk-ireland.rwe.com/innovation/pembroke-net-zero-centre-pnzc|https://www.rwe.com/en/press/rwe-generation/2023-05-23-rwe-announces-development-proposals-for-three-new-carbon-capture-projects-across-the-uk/|https://milfordhavenco2project.co.uk/,2026-03-27,https://www.iea.org/data-and-statistics/data-product/ccus-projects-database,official_workbook,,unmatched-review
iea-2026-0518,Competitive Power Ventures CCGT (WV),United States,North America,Competitive Power Ventures,Capture,concept,Planned,,Power and heat,Power (gas),capture_capacity,,,,2021,,,,Unknown/unspecified,,https://www.cpv.com/2022/09/16/multi-billion-dollar-combined-cycle-natural-gas-power-station-with-carbon-capture-announced-in-west-virginia/,2026-03-27,https://www.iea.org/data-and-statistics/data-product/ccus-projects-database,official_workbook,,unmatched-review
iea-2026-0519,Bacton CCS,United Kingdom,Europe,"Eni CCUS Holding (Liverpool Bay CCS Ltd, Bacton CCS Ltd, Tellus CCS Ltd, and Eni Netherlands CCUS BV)",T&S,concept,Planned,,CO2 T&S,CO2 T&S,storage_injection_capacity,10.0,5.0,,2022,2027,2030,,Dedicated storage,Bacton CCS,https://www.eni.com/en-IT/media/press-release/2022/09/eni-uk-applies-for-carbon-storage-license-for-hewett-depleted-field.html|https://www.eni.com/static/bactonthamesnetzero/|https://www.corygroup.co.uk/media/news-insights/cory-supports-launch-bacton-thames-net-zero-cooperation-agreement/|https://enfinium.co.uk/enfinium-joins-the-bacton-thames-net-zero-cooperation-agreement/,2026-03-27,https://www.iea.org/data-and-statistics/data-product/ccus-projects-database,official_workbook,,unmatched-review
iea-2026-0520,Cstore 1,Australia,Australia and New Zealand,"deepC Store, Add Energy, CSIRO, JX Nippon Oil and Gas Exploration Corporation, Kyushu Electric Power, Mitsui OSK Lines, Osaka Gas, Technip Energies, Toho Gas",T&S,concept,Planned,,CO2 T&S,CO2 T&S,storage_injection_capacity,7.5,1.5,,2021,,,,Dedicated storage,Cstore 1,https://www.deepcstore.com/news/australian-ccs-conference-2021|https://www.deepcstore.com/cstore1|https://www.deepcstore.com/news/deepc-store-signs-loi-with-mol-and-ten-floating-ccs-hub-development|https://www.azuliccs.com/north-west-australia,2026-03-27,https://www.iea.org/data-and-statistics/data-product/ccus-projects-database,official_workbook,,unmatched-review
iea-2026-0521,Iowa Fertilizer Complex CCS phase 1 (IA),United States,North America,"Koch Fertilizer (OCI sold to Koch), Enerflex (CO2 capture), Blackrock (funding), Navigor (T)",Capture,concept,Planned,1,Industry,Fertiliser,capture_capacity,0.45,0.45,,2021,2022,,,Dedicated storage,Heartland Greenway,https://www.oci.nl/news/2022-oci-progresses-iowa-s-carbon-capture-sequestration-project-to-abate-its-co2-emissions-and-produce-low-carbon-ammonia-urea-and-def-in-the-us/|https://kochfertilizer.com/newsroom/koch-ag-energy-solutions-completes-acquisition-of-wever-iowa,2026-03-27,https://www.iea.org/data-and-statistics/data-product/ccus-projects-database,official_workbook,,unmatched-review
iea-2026-0522,Iowa Fertilizer Complex CCS phase 2 (IA),United States,North America,"Koch Fertilizer (OCI sold to Koch), Enerflex (CO2 capture), Blackrock (funding), Navigor (T)",Capture,concept,Planned,2,Industry,Fertiliser,capture_capacity,0.25,0.25,,2021,,,,Dedicated storage,Heartland Greenway,https://www.oci.nl/news/2022-oci-progresses-iowa-s-carbon-capture-sequestration-project-to-abate-its-co2-emissions-and-produce-low-carbon-ammonia-urea-and-def-in-the-us/|https://kochfertilizer.com/newsroom/koch-ag-energy-solutions-completes-acquisition-of-wever-iowa,2026-03-27,https://www.iea.org/data-and-statistics/data-product/ccus-projects-database,official_workbook,,unmatched-review
iea-2026-0523,Reindeer CCS,Australia,Australia and New Zealand,"Santos Offshore Pty Ltd (50% and Operator), Chevron Australia Pty Ltd (50%)",Storage,concept,Planned,,CO2 T&S,CO2 storage,storage_injection_capacity,5.0,5.0,,2022,,2028,,Dedicated storage,Santos Carnavon Basin storage (Reindeer CCS),https://www.santos.com/news/santos-awarded-co2-storage-permits-for-more-ccs-opportunities/|https://www.santos.com/wp-content/uploads/2022/03/Santos-2022-Climate-Change-Report_web.pdf,2026-03-27,https://www.iea.org/data-and-statistics/data-product/ccus-projects-database,official_workbook,,unmatched-review
iea-2026-0524,Santos Bonaparte Basin storage,Australia,Australia and New Zealand,"Santos Offshore Pty Ltd (40% and Operator), Chevron Australia Pty Ltd (30%), SK E&S (30%)",Storage,concept,Planned,,CO2 T&S,CO2 storage,storage_injection_capacity,,,,2022,,,,Dedicated storage,Santos Bonaparte Basin storage,https://www.santos.com/news/santos-awarded-co2-storage-permits-for-more-ccs-opportunities/|https://www.offshore-energy.biz/viridien-and-slbs-first-australian-partnership-looks-into-exploration-and-carbon-storage-potential/,2026-03-27,https://www.iea.org/data-and-statistics/data-product/ccus-projects-database,official_workbook,,unmatched-review
iea-2026-0525,Heidelberg Materials Mitchell plant (IN),United States,North America,Heidelberg Materials,Capture,concept,Planned,,Industry,Cement,capture_capacity,2.0,2.0,,2022,,,,Dedicated storage,Mitchell CarbonSAFE (IL),https://cementproducts.com/2022/09/07/heidelbergcement-to-build-major-ccus-project-in-indiana/|https://www.energy.gov/fecm/additional-selections-funding-opportunity-announcement-2515|https://www.energy.gov/fecm/project-selections-foa-2610-carbonsafe-phase-ii-storage-complex-feasibility|https://www.energy.gov/oced/industrial-demonstrations-program-selections-award-negotiations-cement-and-concrete|https://www.energy.gov/fecm/additional-selections-funding-opportunity-announcement-2515|https://www.energy.gov/articles/secretary-wright-announces-termination-24-projects-generating-over-3-billion-taxpayer,2026-03-27,https://www.iea.org/data-and-statistics/data-product/ccus-projects-database,official_workbook,,unmatched-review
iea-2026-0526,Errai storage project,Norway,Europe,"Horisont Energi (60%), Neptune Energy (40%), E.On (CO2 source)",Storage,cancelled,Cancelled,,CO2 T&S,CO2 storage,storage_injection_capacity,8.0,4.0,,2021,,2026,2023,Dedicated storage,Gismarvik CO2 hub/Errai project,https://www.neptuneenergy.com/media/press-releases/year/2022/neptune-energy-and-horisont-energi-cooperate-errai-ccs-project|https://www.horisontenergi.no/haugaland-naeringspark-at-gismarvik-is-the-planned-location-for-the-onshore-co2-terminal-for-the-large-scale-ccs-project-errai/|https://horisontenergi.no/wp-content/uploads/2023/02/280223_Horisont-Energi-Pareto-Conference-_FINAL.pdf,2026-03-27,https://www.iea.org/data-and-statistics/data-product/ccus-projects-database,official_workbook,,unmatched-review
iea-2026-0527,CO2nnectNow HES Wilhelmshaven Tank Terminal phase 1,Germany,Europe,Wintershall Dea (Harbour Energy),Transport,concept,Planned,1,CO2 T&S,CO2 transport,transport_capacity,10.0,10.0,,2022,,2028,,Dedicated storage,CO2nnectNow HES Wilhelmshaven Tank Terminal,https://wintershalldea.com/en/newsroom/wintershall-dea-and-hes-wilhelmshaven-tank-terminal-intend-jointly-develop-co2-hub-wilhelmshaven,2026-03-27,https://www.iea.org/data-and-statistics/data-product/ccus-projects-database,official_workbook,,unmatched-review
iea-2026-0528,"CO2T (formerly known as NOR-GE, Windershall DEA - Equinor pipeline)",Netherlands-Norway,Europe,"Gassco, Equinor, Harbour, Northern Lights, Total Energies, Aker BP, Vår Energi, Norske Shell",Transport,concept,Planned,1,CO2 T&S,CO2 transport,transport_capacity,20.0,20.0,,2022,,2035,,Dedicated storage,"CO2T, EU2NSEA",https://wintershalldea.com/en/newsroom/wintershall-dea-and-equinor-partner-large-scale-ccs-value-chain-north-sea,2026-03-27,https://www.iea.org/data-and-statistics/data-product/ccus-projects-database,official_workbook,,unmatched-review
iea-2026-0530,Luna storage,Norway,Europe,"(60%, Harbour Energy), TotalEnergies (40%) (formerly owned by CapeOmega)",Storage,concept,Planned,,CO2 T&S,CO2 storage,storage_injection_capacity,5.0,5.0,,2022,2029,2034,,Dedicated storage,Harbour Energy,https://wintershalldea.com/en/newsroom/wintershall-dea-awarded-its-first-co2-licence-norway|https://wintershalldea.com/en/newsroom/pi-23-08|https://totalenergies.com/media/news/press-releases/norway-totalenergies-acquires-40-interest-co2-storage-exploration-license,2026-03-27,https://www.iea.org/data-and-statistics/data-product/ccus-projects-database,official_workbook,,unmatched-review
iea-2026-0531,Bonaparte CCS Block G-7 AP,Australia,Australia and New Zealand,"Bonaparte CCS Assessment JV (Inpex (53%), TotalEnergies (26%), Woodside (21%, operator))",Storage,concept,Planned,,CO2 T&S,CO2 storage,storage_injection_capacity,10.0,10.0,,2022,,2030,,Dedicated storage,,https://totalenergies.com/media/news/press-releases/totalenergies-inpex-and-woodside-join-forces-develop-major-offshore-CO2-sequestration-project|https://www.offshore-energy.biz/jogmec-to-support-inpexs-assessment-of-australian-ccs-potential/|https://www.inpex.com/english/business/project/bonaparte.html,2026-03-27,https://www.iea.org/data-and-statistics/data-product/ccus-projects-database,official_workbook,,unmatched-review
iea-2026-0532,Ghent Carbon Hub,Belgium,Europe,"Fluxys, ArcelorMittal, North Sea Port",Transport,concept,Planned,,CO2 T&S,CO2 transport,transport_capacity,6.0,6.0,,2022,,,,Dedicated storage,,https://www.fluxys.com/en/press-releases/fluxys-group/2022/220818_press_ghent_carbon_hub|https://energy.ec.europa.eu/news/connecting-europe-facility-over-eu-600-million-energy-infrastructure-support-european-green-deal-and-2022-12-08_en,2026-03-27,https://www.iea.org/data-and-statistics/data-product/ccus-projects-database,official_workbook,,unmatched-review
iea-2026-0536,Removr Carbfix Polar plant phase 1,Iceland,Europe,"Removr (Greencap 40%, Vanir Green Industries 60%), Carbfix",Full chain,concept,Planned,1,DAC,Direct Air Capture,capture_capacity,0.002,0.002,0.002,2022,,2027,,Dedicated storage,,https://www.removr.no/news/remove-launch|https://www.carbfix.com/carbfix-and-removr-team-up-for-direct-air-capture-and,2026-03-27,https://www.iea.org/data-and-statistics/data-product/ccus-projects-database,official_workbook,,unmatched-review
iea-2026-0539,Carbon Clean CEMEX Rudersdorf plant phase 1,Germany,Europe,"CEMEX, carbon clean",CCU,concept,Planned,1,Industry,Cement,capture_capacity,0.11,0.11,,2021,,,,Use,,https://www.carbonclean.com/news/cemex-carbon-capture-project|https://www.carbonclean.com/news/kbr-carbonclean,2026-03-27,https://www.iea.org/data-and-statistics/data-product/ccus-projects-database,official_workbook,,unmatched-review
iea-2026-0540,Cemex Rudersdorf CO2llect,Germany,Europe,"CEMEX, Linde",Capture,concept,Planned,,Industry,Cement,capture_capacity,1.3,1.3,,2024,,2030,,Dedicated storage,,https://www.carbonclean.com/news/cemex-carbon-capture-project|https://www.carbonclean.com/news/kbr-carbonclean|https://www.cemex.com/w/eu-backs-pioneering-co2-capture-project-at-cemexs-rudersdorf-cement-plant|https://www.co2llect.de/en/project/|https://www.co2llect.de/en/innovation-in-carbon-capture-and-transport/,2026-03-27,https://www.iea.org/data-and-statistics/data-product/ccus-projects-database,official_workbook,,unmatched-review
iea-2026-0541,Air Liquide Shanghai Chemical Industry Park (SCIP) decarbonisation (Shanghai),People's Republic of China,Other Asia Pacific,SCIPIG (Air Liquide),Capture,concept,Planned,,Fuel transformation,Hydrogen or ammonia,capture_capacity,,,,2022,,2028,,Unknown/unspecified,,https://www.airliquide.com/group/press-releases-news/2022-07-19/air-liquide-build-two-new-hydrogen-production-units-carbon-capture-technology-shanghai-chemical|https://www.businesswire.com/news/home/20230718825639/en/Air-Liquide-signs-new-green-financing-for-low-carbon-hydrogen-production-in-China-aligned-with-EU-Taxonomy,2026-03-27,https://www.iea.org/data-and-statistics/data-product/ccus-projects-database,official_workbook,,unmatched-review
iea-2026-0543,Net Power Odessa gas plant (TX),United States,North America,"Net Power, Occidental (T&S), 8 Rivers capital (funding)",Capture,concept,Planned,,Power and heat,Power (gas),capture_capacity,,,,2022,,2028,,Dedicated storage,,https://netpower.com/net-power-announces-its-first-utility-scale-clean-energy-power-plant-integrated-with-co2-sequestration/|https://www.eenews.net/articles/worlds-first-nearly-zero-emission-gas-plant-delayed-until-2027/,2026-03-27,https://www.iea.org/data-and-statistics/data-product/ccus-projects-database,official_workbook,,unmatched-review
iea-2026-0545,Ince Bioenergy Carbon Capture and Storage (InBECCS) scaleup,United Kingdom,Europe,"Bioenergy Infrastructure Group (Evero), Peel NRE, Mistubishi Heavy Industries",Capture,concept,Planned,1,Power and heat,Power and heat (waste),capture_capacity,0.25,0.25,0.24,2021,,2029,,Dedicated storage,Liverpool Bay CO2 storage,https://bioenergyinfrastructure.co.uk/news-article/ince-biomass-plant-chosen-as-site-for-innovative-carbon-capture-technology-project-at-protos-in-northwest/|https://bioenergyinfrastructure.co.uk/news-article/bioenergy-infrastructure-group-partner-with-c-capture-on-project-awarded-1-7m-in-beis-funding-to-demonstrate-feasibility-of-next-generation-low-cost-carbon-capture-solutions-in-hard-to-decarbonise-in/|https://bioenergyinfrastructure.co.uk/news-article/ince-bio-power-secures-funding-for-carbon-capture-demonstration-project-in-win-for-net-zero-ambitions-in-north-west/|https://www.mhi.com/news/23110903.html|https://www.youtube.com/watch?v=T5M4PkV19mA,2026-03-27,https://www.iea.org/data-and-statistics/data-product/ccus-projects-database,official_workbook,,unmatched-review
iea-2026-0546,Protos CO2 network phase 1,United Kingdom,Europe,"Peel NRE, Progressive Energy",Transport,concept,Planned,1,CO2 T&S,CO2 transport,transport_capacity,0.8,0.8,,2022,,,,Dedicated storage,Liverpool Bay CO2 storage,https://www.protos.co.uk/news/peel-nre-reveals-plans-for-co2-network-at-protos-in-cheshire/|https://www.youtube.com/watch?v=T5M4PkV19mA,2026-03-27,https://www.iea.org/data-and-statistics/data-product/ccus-projects-database,official_workbook,,unmatched-review
iea-2026-0547,Protos CO2 network phase 2,United Kingdom,Europe,"Peel NRE, Progressive Energy",Transport,concept,Planned,2,CO2 T&S,CO2 transport,transport_capacity,0.4,0.4,,2022,,,,Dedicated storage,Liverpool Bay CO2 storage,https://www.protos.co.uk/news/peel-nre-reveals-plans-for-co2-network-at-protos-in-cheshire/|https://www.youtube.com/watch?v=T5M4PkV19mA,2026-03-27,https://www.iea.org/data-and-statistics/data-product/ccus-projects-database,official_workbook,,unmatched-review
iea-2026-0548,Papua LNG CCS,Papua New Guinea,Other Asia Pacific,TotalEnergies,Full chain,concept,Planned,,Fuel transformation,Natural gas processing/LNG,capture_capacity,1.0,1.0,,2018,2026,2027,,Dedicated storage,,https://totalenergies.com/fr/medias/actualite/communiques/total-et-letat-de-papouasie-nouvelle-guinee-signent-laccord-gaz-pour-le-projet-papua-lng|https://totalenergies.com/media/news/press-releases/papua-new-guinea-totalenergies-announces-new-milestone-towards-papua-lng|https://www.offshore-technology.com/news/totalenergies-carbon-papua-lng/,2026-03-27,https://www.iea.org/data-and-statistics/data-product/ccus-projects-database,official_workbook,,unmatched-review
iea-2026-0549,"Arcelormittal Hot Briquetted Iron (HBI) plant, Portland (TX)",United States,North America,"Board of Trustees of the University of Illinois, Voestalpine, Air Liquide",Capture,concept,Planned,,Industry,Iron and steel,capture_capacity,,,,2022,,,,Dedicated storage,,https://www.energy.gov/fecm/additional-selections-funding-opportunity-announcement-2515|https://papers.ssrn.com/sol3/papers.cfm?abstract_id=5349468,2026-03-27,https://www.iea.org/data-and-statistics/data-product/ccus-projects-database,official_workbook,,unmatched-review
iea-2026-0551,LG&E Cane Run NGCC CR7 (KY),United States,North America,LG&E Cane Run,Capture,concept,Planned,1,Power and heat,Power (gas),capture_capacity,1.7,1.7,,2022,,,,Unknown/unspecified,,https://www.energy.gov/fecm/additional-selections-funding-opportunity-announcement-2515|https://lge-ku.com/newsroom/press-releases/2023/03/31/lge-and-ku-epri-university-kentucky-begin-industry-leading,2026-03-27,https://www.iea.org/data-and-statistics/data-product/ccus-projects-database,official_workbook,,unmatched-review
iea-2026-0552,Polk Power station NGCC/Polk carbon storage complex (FL),United States,North America,"Tampa Electric Company, ION Clean Energy",Full chain,concept,Planned,,Power and heat,Power (gas),capture_capacity,3.0,3.0,,2022,,,,Dedicated storage,,https://www.energy.gov/fecm/additional-selections-funding-opportunity-announcement-2515|https://www.energy.gov/fecm/project-selections-foa-2711-carbon-storage-validation-and-testing-round-2|https://netl.doe.gov/sites/default/files/netl-file/24CM/24CM_PSCC_5_Dilport.pdf|https://www.netl.doe.gov/projects/project-information.aspx?p=FE0032224,2026-03-27,https://www.iea.org/data-and-statistics/data-product/ccus-projects-database,official_workbook,,unmatched-review
iea-2026-0553,CEMEX Balcones Cement plant (TX),United States,North America,"Research Triangle Institute (RTI) International, Cemex",Capture,concept,Planned,,Industry,Cement,capture_capacity,0.5,0.5,,2020,,,,Unknown/unspecified,,https://www.energy.gov/fecm/additional-selections-funding-opportunity-announcement-2515|https://www.cemexusa.com/-/cemex-and-rti-awarded-3.7-million-cooperative-agreement-to-advance-carbon-capture-technology-in-cement-manufacturing|https://netl.doe.gov/sites/default/files/netl-file/23CM_PSCC31_Merkel.pdf,2026-03-27,https://www.iea.org/data-and-statistics/data-product/ccus-projects-database,official_workbook,,unmatched-review
iea-2026-0556,Hover cement works Hannover phase 2,Germany,Europe,"Holcim Group, Cool Planet Technologies",Capture,concept,Planned,2,Industry,Cement,capture_capacity,0.8,0.8,,2021,,,,Unknown/unspecified,,http://coolplanettech.com/wp/wp-content/uploads/2022/05/21-10-04-Hover-ESG-Announcment.pdf|https://www.royalwhitecement.com/news/holcim-deutschland-secures-government-funding-for-hover-cement-plant-carbon-capture-project/|http://coolplanettech.com/wp/wp-content/uploads/2022/10/22-09-29-CPT-Press-release-Final.pdf,2026-03-27,https://www.iea.org/data-and-statistics/data-product/ccus-projects-database,official_workbook,,unmatched-review
iea-2026-0557,GO4ZERO Obourg,Belgium,Europe,"Holcim Group, Air Liquide",Capture,concept,Planned,,Industry,Cement,capture_capacity,1.1,1.1,,2022,,2029,,Dedicated storage,Antwerp@C,https://totalenergies.com/media/news/press-releases/TotalEnergies_and_Holcim_Join_Forces_for_First_Carbon-Free_Cement_Plant|https://www.airliquide.com/sites/airliquide.com/files/2023-05/air-liquide-and-holcim-collaborate-project-decarbonize-cement-production-belgium_6450b11c65bc4.pdf|https://www.globalcement.com/news/item/15498-holcim-belgium-secures-environmental-permit-for-obourg-cement-plant-kiln-upgrade|https://www.globalcement.com/news/item/15498-holcim-belgium-secures-environmental-permit-for-obourg-cement-plant-kiln-upgrade|https://www.holcim.com/who-we-are/our-stories/ccus-decarbonizing-building,2026-03-27,https://www.iea.org/data-and-statistics/data-product/ccus-projects-database,official_workbook,,unmatched-review
iea-2026-0560,ANRAV-CCUS (Devnya plant),Bulgaria,Europe,"Heidelberg Materials, EnEarth (transport & storage)",Full chain,concept,Planned,1,Industry,Cement,capture_capacity,0.8,0.8,,2022,,2028,,Dedicated storage,,https://www.heidelbergmaterials.com/en/pr-12-07-2022|https://www.heidelbergmaterials.com/en/pr-2023-01-20,2026-03-27,https://www.iea.org/data-and-statistics/data-product/ccus-projects-database,official_workbook,,unmatched-review
iea-2026-0561,VAIA HyNoVi project (Vicat Montalieu plant),France,Europe,"Vicat, Hynamics (EDF subsidiary)",CCU,concept,Planned,,Industry,Cement,capture_capacity,0.5,0.5,,2021,,2030,,Use,,https://www.vicat.com/news/low-carbon-trajectory-vicat-and-hynamics-unveil-hynovi-project|https://www.debatpublic.fr/sites/default/files/2025-03/Rhone_Decarbonation_dossier_concert.pdf|https://eeegr.com/wp-content/uploads/2024/03/20230310_Hynamics_Presentation-v2_0224.pdf,2026-03-27,https://www.iea.org/data-and-statistics/data-product/ccus-projects-database,official_workbook,,unmatched-review
iea-2026-0563,Project Air Perstorp Oxo capture,Sweden,Europe,"Perstorp Oxo AB (capture and methanol), FORTUM SVERIGE AB (hydrogen), Sydkraft AB, Uniper, Sunfire (electrolyser)",CCU,concept,Planned,,Industry,Chemicals,capture_capacity,0.07,0.07,,2019,,,,Use,,https://climate.ec.europa.eu/system/files/2022-07/LSC2_List_of_pre-selected_projects_6.pdf|https://projectair.se/en/news/project-air-receives-eur-30-million-from-the-swedish-energy-agency/|https://www.icis.com/explore/resources/news/2020/11/24/10578851/sweden-s-perstorp-to-produce-biomethanol-at-stenungsund-includes-ccu-unit/|https://climate.ec.europa.eu/system/files/2022-12/if_pf_2022_air_v5_en.pdf|https://www.perstorp.com/en/news_center/pressreleases/2023/project_air_granted_environmental_permit|https://projectair.se/en/news/perstorp-taking-full-ownership/|https://projectair.se/en/news/methanol-license-and-engineering-services-for-project-air-initiated/,2026-03-27,https://www.iea.org/data-and-statistics/data-product/ccus-projects-database,official_workbook,,unmatched-review
iea-2026-0564,Hyskies Vattenfall CHP Lanzatech,Sweden,Europe,"Vattenfall, SAS, Lanzatech, Shell",CCU,concept,Planned,,Power and heat,Power and heat (waste),capture_capacity,0.2,0.2,,2021,,2030,,Use,,https://group.vattenfall.com/press-and-media/pressreleases/2021/sas-vattenfall-shell-and-lanzatech-to-explore-synthetic-sustainable-aviation-fuel-production|https://climate.ec.europa.eu/system/files/2022-07/LSC2_List_of_pre-selected_projects_6.pdf|Vattenfall fortsätter översyn av HySkies-projektets omfattning - Vattenfall|https://www.vattenfall.se/fokus/trender-och-innovation/fossilfritt-flyg/|https://group.vattenfall.com/se/nyheter-och-press/nyheter/2024/vattenfall-ser-over-hyskies-projektet|https://group.vattenfall.com/se/nyheter-och-press/nyheter/2024/vattenfall-fortsatter-oversyn-av-hyskies-projektets-omfattning,2026-03-27,https://www.iea.org/data-and-statistics/data-product/ccus-projects-database,official_workbook,,unmatched-review
iea-2026-0565,Go4ECOPlanet Kujawy,Poland,Europe,Holcim Polska (Holcim Group),Capture,concept,Planned,,Industry,Cement,capture_capacity,1.2,1.2,0.12,2022,2027,2031,,Dedicated storage,ECO2CEE,https://climate.ec.europa.eu/system/files/2022-07/LSC2_List_of_pre-selected_projects_6.pdf|https://www.go4ecoplanet.com/blog/lafarge-projekt-kujawy-go4ecoplanet-z-pozytywna-decyzja-srodowiskowa|https://climate.ec.europa.eu/system/files/2022-12/if_pf_2022_go4_en_0.pdf,2026-03-27,https://www.iea.org/data-and-statistics/data-product/ccus-projects-database,official_workbook,,unmatched-review
iea-2026-0567,Medway CCGT power station,United Kingdom,Europe,Oilex,Capture,concept,Planned,,Power and heat,Power (gas),capture_capacity,,,,2022,,,,Dedicated storage,Medway Hub CCS,https://www.synergiaenergy.com/sites/synergia-energy-ltd/files/synergia-energy-ltd/operations/united-kingdom/medway-hub-ccs-r7-we.pdf,2026-03-27,https://www.iea.org/data-and-statistics/data-product/ccus-projects-database,official_workbook,,unmatched-review
iea-2026-0568,Grain CCGT power station,United Kingdom,Europe,"Synergia Energy, Technip Energies (PDP), Aker Carbon Capture (PDP), Oilex",Capture,concept,Planned,,Power and heat,Power (gas),capture_capacity,2.0,2.0,,2022,,2027,,Dedicated storage,Acorn Isle of Grain to Peterhead shipping/Acorn CCS,https://www.synergiaenergy.com/sites/synergia-energy-ltd/files/synergia-energy-ltd/operations/united-kingdom/medway-hub-ccs-r7-we.pdf|https://akercarboncapture.com/?cision_id=9C7536F6175F2E14|https://www.uniper.energy/united-kingdom/news/uniper-awards-design-study-contracts-for-grain-carbon-capture-project/,2026-03-27,https://www.iea.org/data-and-statistics/data-product/ccus-projects-database,official_workbook,,unmatched-review
iea-2026-0569,Damhead Creek CCGT power station,United Kingdom,Europe,Oilex,Capture,concept,Planned,,Power and heat,Power (gas),capture_capacity,,,,2022,,,,Dedicated storage,Medway Hub CCS,https://www.synergiaenergy.com/sites/synergia-energy-ltd/files/synergia-energy-ltd/operations/united-kingdom/medway-hub-ccs-r7-we.pdf,2026-03-27,https://www.iea.org/data-and-statistics/data-product/ccus-projects-database,official_workbook,,unmatched-review
iea-2026-0570,Medway Hub CCS,United Kingdom,Europe,Synergia Energy Ltd,T&S,concept,Planned,,CO2 T&S,CO2 T&S,storage_injection_capacity,6.0,6.0,,2022,2028,2032,,Dedicated storage,Medway Hub CCS,https://www.synergiaenergy.com/sites/synergia-energy-ltd/files/synergia-energy-ltd/operations/united-kingdom/medway-hub-ccs-r7-we.pdf|https://www.oedigital.com/news/506131-synergia-and-wintershall-dea-secure-uk-north-sea-carbon-storage-license-for-medway-hub-ccs-project|https://www.offshore-energy.biz/uk-firm-on-the-lookout-for-new-partner-in-north-sea-ccs-project/,2026-03-27,https://www.iea.org/data-and-statistics/data-product/ccus-projects-database,official_workbook,,unmatched-review
iea-2026-0571,Longford gas plant,Australia,Australia and New Zealand,ExxonMobil,Capture,concept,Planned,,Fuel transformation,Natural gas processing/LNG,capture_capacity,2.0,2.0,,2022,,2028,,Dedicated storage,Sea CCS hub,https://corporate.exxonmobil.com/-/media/global/files/locations/australia/info-bulletin-ccs-project-update-june-2024-endorsed.pdf,2026-03-27,https://www.iea.org/data-and-statistics/data-product/ccus-projects-database,official_workbook,,unmatched-review
iea-2026-0572,Co-op Renewable Diesel Complex (SK),Canada,North America,"Federated Co-operatives (FCL), Fluor and Whitecap Resources Inc.",Capture,concept,Planned,,Fuel transformation,Biodiesel,capture_capacity,,,,2021,,2027,,Dedicated storage,Southeast Saskatchewan CCUS Hub (Belle Plaine and Weyburn),https://www.fcl.crs/news-reports/news/article/fcl-exploring-carbon-capture-with-whitecap-to-meet-emissions|https://www.newswire.ca/news-releases/whitecap-resources-inc-partners-with-federated-co-operatives-limited-to-reduce-co2-emissions-in-saskatchewan-807417476.html,2026-03-27,https://www.iea.org/data-and-statistics/data-product/ccus-projects-database,official_workbook,,unmatched-review
iea-2026-0573,Co-op Belle Plaine Ethanol Complex (SK),Canada,North America,"Federated Co-operatives (FCL), Whitecap Resources Inc. (MoU with FCL to capture, transport and store)",Capture,concept,Planned,,Fuel transformation,Bioethanol,capture_capacity,,,,2021,,2028,,Dedicated storage,Southeast Saskatchewan CCUS Hub (Belle Plaine and Weyburn),https://www.fcl.crs/news-reports/news/article/fcl-exploring-carbon-capture-with-whitecap-to-meet-emissions|https://www.newswire.ca/news-releases/whitecap-resources-inc-partners-with-federated-co-operatives-limited-to-reduce-co2-emissions-in-saskatchewan-807417476.html,2026-03-27,https://www.iea.org/data-and-statistics/data-product/ccus-projects-database,official_workbook,,unmatched-review
iea-2026-0574,Southeast Saskatchewan CCUS Hub (Belle Plaine and Weyburn) (SK),Canada,North America,"Whitecap Resources Inc., Entropy Inc.",T&S,concept,Planned,2,CO2 T&S,CO2 T&S,storage_injection_capacity,3.0,1.2,,2021,2026,2027,,Dedicated storage,Southeast Saskatchewan CCUS Hub (Belle Plaine and Weyburn),https://www.fcl.crs/news-reports/news/article/fcl-exploring-carbon-capture-with-whitecap-to-meet-emissions,2026-03-27,https://www.iea.org/data-and-statistics/data-product/ccus-projects-database,official_workbook,,unmatched-review
iea-2026-0579,Gulf Coast Sequestration Hub Lake Charles (LA),United States,North America,Gulf Coast Sequestration,Storage,concept,Planned,,CO2 T&S,CO2 storage,storage_injection_capacity,2.7,2.7,,2020,,2030,,Dedicated storage,Gulf Coast Sequestration Hub (LA),https://gcscarbon.com/media/gulf-coast-sequestration-makes-initial-filing-to-obtain-epa-permit-for-ccs-project/|https://gcscarbon.com/gulf-coast-sequestration-and-climeworks-sign-mou-to-develop-first-direct-air-capture-and-storage-hub-on-the-gulf-coast-in-louisiana/|https://www.businesswire.com/news/home/20221121005556/en/Gulf-Coast-Sequestration-and-Climeworks-Sign-MOU-to-Develop-First-Direct-Air-Capture-and-Storage-Hub-on-the-Gulf-Coast-in-Louisiana,2026-03-27,https://www.iea.org/data-and-statistics/data-product/ccus-projects-database,official_workbook,,unmatched-review
iea-2026-0581,Grandpuits biorefinery,France,Europe,"Air Liquide, TotalEnergies",CCU,construction,Under construction,,Fuel transformation,Refining,capture_capacity,0.11,0.11,,2022,2022,2026,,Use,,https://www.airliquide.com/group/press-releases-news/2022-11-22/circular-economy-air-liquide-and-totalenergies-innovate-produce-renewable-and-low-carbon-hydrogen|https://www.argusmedia.com/en/news-and-insights/latest-market-news/2669656-totalenergies-delays-cuts-size-of-grandpuits-hvo,2026-03-27,https://www.iea.org/data-and-statistics/data-product/ccus-projects-database,official_workbook,,unmatched-review
iea-2026-0582,Arcelor Mittal Air Liquide Low-carbon steel,France,Europe,ArcelorMittal,Capture,cancelled,Cancelled,2,Industry,Iron and steel,capture_capacity,1.0,1.0,,2020,,,2024,Dedicated storage,,https://corporate.arcelormittal.com/media/press-releases/arcelormittal-accelerates-its-decarbonisation-with-a-1-7-billion-investment-programme-in-france-supported-by-the-french-government,2026-03-27,https://www.iea.org/data-and-statistics/data-product/ccus-projects-database,official_workbook,,unmatched-review
iea-2026-0583,Energy Recovery Facility Edmonton EcoPark,United Kingdom,Europe,North London Waste Authority (NLWA),Capture,concept,Planned,,Power and heat,Power and heat (waste),capture_capacity,,,,2020,,,,Dedicated storage,Bacton Thames Net Zero Initiative,http://www.northlondonheatandpower.london/project/|http://northlondonheatandpower.london/news/nlwa-takes-next-step-towards-carbon-capture-in-edmonton/|https://www.nlwa.gov.uk/news/edmonton-ecopark-steps-closer-towards-net-zero-and-beyond-major-new-partnership,2026-03-27,https://www.iea.org/data-and-statistics/data-product/ccus-projects-database,official_workbook,,unmatched-review
iea-2026-0585,Antwerp@C CO2 Export Hub phase 2,Belgium,Europe,"Air Liquide, BASF, Borealis, ExxonMobil, INEOS, TotalEnergies, Fluxys, Port of Antwerp",Transport,concept,Planned,2,CO2 T&S,CO2 transport,transport_capacity,7.5,7.5,,2019,,,,Dedicated storage,Antwerp@C CO2 Export Hub,,2026-03-27,https://www.iea.org/data-and-statistics/data-product/ccus-projects-database,official_workbook,,unmatched-review
iea-2026-0586,Chevron Mitsui CO2 shipping SGP-AUS,Singapore-Australia,Australia and Other Asia Pacific,"Chevron, Mitsui",Transport,concept,Planned,,CO2 T&S,CO2 transport,transport_capacity,2.5,2.5,,2022,,,,Dedicated storage,Chevron Mitsui CO2 shipping SGP-AUS,https://www.chevron.com/newsroom/2022/q4/chevron-and-mol-to-study-co2-shipping-from-singapore-to-australia|https://www.chevron.com/newsroom/2022/q4/chevron-and-mol-to-study-co2-shipping-from-singapore-to-australia,2026-03-27,https://www.iea.org/data-and-statistics/data-product/ccus-projects-database,official_workbook,,unmatched-review
iea-2026-0589,Stanlow Oil Refinery,United Kingdom,Europe,"Essar Energy Transition (Essar Oil), Kent (pre-FEED), Mistubishi Heavy Industries (FEED), Topsoe (tech partner)",Capture,concept,Planned,,Fuel transformation,Refining,capture_capacity,0.86,0.86,,2019,,2028,,Dedicated storage,Liverpool Bay CO2 storage (Hynet),https://kentplc.com/news-insights/kent-wins-pre-feed-engineering-contract-for-360m-carbon-capture-plant-at-essar-stanlow-refinery-uk|https://www.essaroil.co.uk/news/essar-launches-eet-to-invest-us-36-billion-in-energy-transition-in-the-uk-and-india/|https://www.topsoe.com/press-releases/topsoe-selected-by-essar-to-provide-technology-for-360-million-carbon-capture-project?hs_amp=true|https://eetindustrialcarboncapture.com/eet-fuels-enters-front-end-engineering-design-stage-and-appoints-toyo-india-for-industrial-carbon-capture-project/,2026-03-27,https://www.iea.org/data-and-statistics/data-product/ccus-projects-database,official_workbook,,unmatched-review
iea-2026-0591,Beishui cement CCUS project (Beijing),People's Republic of China,Other Asia Pacific,BBMG,CCU,operating,Operational,,Industry,Cement,capture_capacity,0.1,0.1,,2022,2022,2024,,Use low impact,,http://www.cbminfo.com/BMI/jclhh/_465502/_1619964/7106715/index.html?u_atoken=698a1c67-fdfb-ef64-b1fd-2edf080960a8&u_asig=dcb58d3017706589199007858e|https://sina.cn/index/feed?from=touch&Ver=10|https://web.archive.org/web/20240111093254/https://bbmg-umb.azurewebsites.net/media/1288/e_bbmg-2023-interim-report-2023-09-11.pdf|https://www.linkedin.com/pulse/innovation-action-chinas-commitment-climate-solutions-thomas-guillot-o7ihe/,2026-03-27,https://www.iea.org/data-and-statistics/data-product/ccus-projects-database,official_workbook,,unmatched-review
iea-2026-0592,Jidong cement carbon capture project (Hebei),People's Republic of China,Other Asia Pacific,BBMG (Xingtai BBMG Jidong Cement),CCU,construction,Under construction,,Industry,Cement,capture_capacity,0.1,0.1,,2021,2022,2026,,Use and storage,,https://news.bjx.com.cn/html/20220523/1227023.shtml,2026-03-27,https://www.iea.org/data-and-statistics/data-product/ccus-projects-database,official_workbook,,unmatched-review
iea-2026-0593,Huaneng Longdong Energy base/Zhengning coal power plant (Gansu),People's Republic of China,Other Asia Pacific,China Huaneng Group,CCU,operating,Operational,,Power and heat,Power (coal),capture_capacity,1.5,1.5,,2021,2022,2025,,Use,,https://news.bjx.com.cn/html/20221229/1279649.shtml|https://www.seetao.com/details/95655.html|https://global.chinadaily.com.cn/a/202509/25/WS68d4e9a6a3108622abca2e4c.html|https://news.cctv.com/2025/09/25/ARTI2HzQUVVjbv93WLUjdOmT250925.shtml,2026-03-27,https://www.iea.org/data-and-statistics/data-product/ccus-projects-database,official_workbook,,unmatched-review
iea-2026-0598,BIGST gas fiels Cluster Heads of Agreement,Malaysia,Other Asia Pacific,"Petronas, JX Nippon",Full chain,concept,Planned,,Fuel transformation,Natural gas processing/LNG,capture_capacity,,,,2022,,,,Dedicated storage,,https://www.petronas.com/media/media-releases/petronas-carigali-jx-nippon-enter-heads-agreement-bigst-cluster-offshore,2026-03-27,https://www.iea.org/data-and-statistics/data-product/ccus-projects-database,official_workbook,,unmatched-review
iea-2026-0599,Carbon TerraVault 1: Lone Cypress Hydrogen project (CA),United States,North America,"Lone Cypress Energy services, California Resources Corporation (Carbon TerraVault)",Capture,concept,Planned,,Fuel transformation,Hydrogen or ammonia,capture_capacity,0.1,0.1,,2022,2026,2029,,Dedicated storage,Carbon TerraVault 1,https://investors.crc.com/news/news-details/2022/California-Resources-Corporation-Announces-Carbon-Dioxide-Management-Agreement-For-CTVs-First-Permanent-Carbon-Storage-Project/default.aspx,2026-03-27,https://www.iea.org/data-and-statistics/data-product/ccus-projects-database,official_workbook,,unmatched-review
iea-2026-0601,Jubail CCS Hub (*capture sources under evaluation),Saudi Arabia,Middle East,"Saudi Aramco (60%), SLB Capturi (20%), Linde (20%)",T&S,construction,Under construction,,CO2 T&S,CO2 T&S,storage_injection_capacity,9.0,9.0,,2022,2025,2027,,Dedicated storage,Jubail CCS hub,https://www.reuters.com/business/energy/saudi-aramco-energy-ministry-sign-agreement-establish-carbon-capture-storage-hub-2022-11-10/|https://www.ogj.com/energy-transition/article/55088077/aramcos-accs-project-advances-with-preliminary-engineering-work-complete|https://www.aramco.com/en/news-media/news/2024/aramco-linde-and-slb-sign-shareholders-agreement-for-one-of-the-largest-ccs-hubs-globally|https://gulffire.com/one-of-the-largest-carbon-capture-hubs-secures-usd-1-5-billion-epc-contract/,2026-03-27,https://www.iea.org/data-and-statistics/data-product/ccus-projects-database,official_workbook,,unmatched-review
iea-2026-0604,Battle River clean hydrogen for power station (AB),Canada,North America,TransAlta (formerly Heartland Generation Ltd),Capture,concept,Planned,,Fuel transformation,Hydrogen or ammonia,capture_capacity,,,,2022,,,,Dedicated storage,Battle River Carbon Hub (ALB),https://www.eralberta.ca/projects/details/innovative-integration-of-carbon-capture-for-clean-power/,2026-03-27,https://www.iea.org/data-and-statistics/data-product/ccus-projects-database,official_workbook,,unmatched-review
iea-2026-0605,Exshaw Cement Carbon Capture (ALB),Canada,North America,Amrize (Lafarge Canada),Capture,concept,Planned,,Industry,Cement,capture_capacity,1.0,1.0,,2022,2026,2030,,Dedicated storage,,https://www.eralberta.ca/projects/details/exshaw-cement-carbon-capture-and-bow-valley-decarbonization/|https://www.cbc.ca/news/canada/calgary/cement-carbon-capture-1.6968299,2026-03-27,https://www.iea.org/data-and-statistics/data-product/ccus-projects-database,official_workbook,,unmatched-review
iea-2026-0607,Athabasca Leismer project (ALB),Canada,North America,"Entropy Inc, Athabasca Oil Corporation",Full chain,concept,Planned,,Fuel transformation,Oil and gas extraction,capture_capacity,0.44,0.44,,2022,,2027,,Unknown/unspecified,,https://www.eralberta.ca/projects/details/entropy-carbon-capture-and-sequestration-of-in-situ-oil-production-process-at-athabascas-leismer-facility/|https://financialpost.com/commodities/energy/oil-gas/athabasca-oil-carbon-capture-project-oilsands,2026-03-27,https://www.iea.org/data-and-statistics/data-product/ccus-projects-database,official_workbook,,unmatched-review
iea-2026-0608,Nutrien Redwater Fertilizer (ALB) phase 2,Canada,North America,Nutrien (formerly Agrium),Capture,cancelled,Cancelled,2,Industry,Fertiliser,capture_capacity,,,,2022,,,2025,EOR,Alberta Carbon Trunk Line (ACTL),https://www.eralberta.ca/projects/details/nutrien-redwater-carbon-capture-study/,2026-03-27,https://www.iea.org/data-and-statistics/data-product/ccus-projects-database,official_workbook,,unmatched-review
iea-2026-0609,Hinton Bioenergy CCS project (ALB),Canada,North America,"Vault 44.01 Ltd, West Fraser, TorchLight Bioresources",Capture,concept,Planned,,Industry,Pulp and paper,capture_capacity,1.26,1.26,1.26,2022,2026,2027,,Dedicated storage,Rocky Mountain Carbon Vault (ALB),https://www.eralberta.ca/projects/details/hinton-bioenergy-carbon-capture-and-storage-project/|https://natural-resources.canada.ca/funding-partnerships/hinton-pulp-beccs-negative-emissions-feed-study,2026-03-27,https://www.iea.org/data-and-statistics/data-product/ccus-projects-database,official_workbook,,unmatched-review
iea-2026-0610,Suncor Edmonton Refinery - Fluid Catalytic Cracker Capture (ALB),Canada,North America,"Suncor, Svante",Capture,cancelled,Cancelled,,Fuel transformation,Refining,capture_capacity,,,,2023,,,2025,Unknown/unspecified,,https://www.eralberta.ca/projects/details/svantes-co2-capture-process-for-suncors-fluid-catalytic-cracker/,2026-03-27,https://www.iea.org/data-and-statistics/data-product/ccus-projects-database,official_workbook,,unmatched-review
iea-2026-0611,Shepard Energy Centre (SEC) (ALB),Canada,North America,Enmax Energy Corporation,Capture,cancelled,Cancelled,,Power and heat,Power (gas),capture_capacity,,,,2022,,,2025,Unknown/unspecified,,https://www.eralberta.ca/projects/details/shepard-energy-centre-carbon-capture-unit-feed-study/,2026-03-27,https://www.iea.org/data-and-statistics/data-product/ccus-projects-database,official_workbook,,unmatched-review
iea-2026-0615,Morecambe Net Zero,United Kingdom,Europe,Spirit Energy (Centrica and Stadtwerke Mucnchen GmbH joint venture),Storage,concept,Planned,,CO2 T&S,CO2 storage,storage_injection_capacity,3.0,3.0,,2023,,2030,,Dedicated storage,Morecambe Net Zero (storage),https://www.spirit-energy.com/newsroom/press-releases/spirit-energy-launches-plan-for-carbon-storage-cluster/|https://www.mnzcluster.com/news/mnz-cluster-signs-memorandum-of-understanding-with-peak-cluster|https://www.energylivenews.com/2023/05/19/morecambe-gas-fields-embrace-carbon-capture/,2026-03-27,https://www.iea.org/data-and-statistics/data-product/ccus-projects-database,official_workbook,uk-morecambe,matched-exact
iea-2026-0616,"Integratred clean ammonia production, Port of Corpus Christi (TX) phase 1",United States,North America,"Rwe, Lotte Chemical Corporation, Mitsubishi Corporation (JSA)",Capture,concept,Planned,1,Fuel transformation,Hydrogen or ammonia,capture_capacity,,,,2023,,2030,,Unknown/unspecified,,https://www.rwe.com/en/press/rwe-supply-and-trading/2023-02-08-rwe-lotte-mc-enter-into-jsa-to-develop-clean-ammonia-project/,2026-03-27,https://www.iea.org/data-and-statistics/data-product/ccus-projects-database,official_workbook,,unmatched-review
iea-2026-0617,"Integratred clean ammonia production, Port of Corpus Christi (TX) phase 2",United States,North America,"Rwe, Lotte Chemical Corporation, Mitsubishi Corporation (JSA)",Capture,concept,Planned,2,Fuel transformation,Hydrogen or ammonia,capture_capacity,,,,2023,,,,Unknown/unspecified,,https://www.rwe.com/en/press/rwe-supply-and-trading/2023-02-08-rwe-lotte-mc-enter-into-jsa-to-develop-clean-ammonia-project/,2026-03-27,https://www.iea.org/data-and-statistics/data-product/ccus-projects-database,official_workbook,,unmatched-review
iea-2026-0618,Omifco ammonia capture,Oman,Middle East,"OQ group, Omifco",Capture,concept,Planned,,Fuel transformation,Hydrogen or ammonia,capture_capacity,,,,2023,,,,Unknown/unspecified,,https://www.zawya.com/en/projects/industry/omans-oq-weighs-blue-ammonia-production-from-omifco-plant-d6jrc6bz,2026-03-27,https://www.iea.org/data-and-statistics/data-product/ccus-projects-database,official_workbook,,unmatched-review
iea-2026-0622,Structure A&E,Lybia,Africa,"Eni, National Oil Corporation (NOC) Libya",Full chain,concept,Planned,,Fuel transformation,Natural gas processing/LNG,capture_capacity,1.6,1.6,,2023,,2030,,Dedicated storage,,https://www.eni.com/en-IT/media/press-release/2023/01/eni-launches-a-major-gas-development-project-in-libya.html|https://www.seetao.com/details/200627.html,2026-03-27,https://www.iea.org/data-and-statistics/data-product/ccus-projects-database,official_workbook,,unmatched-review
iea-2026-0624,Rohm chemical plant (x2),Germany,Europe,"Rohm, Aker Carbon Capture",CCU,concept,Planned,,Industry,Chemicals,capture_capacity,0.5,0.5,,2023,,,,Use,,https://akercarboncapture.com/?cision_id=4435469A86CA6227,2026-03-27,https://www.iea.org/data-and-statistics/data-product/ccus-projects-database,official_workbook,,unmatched-review
iea-2026-0626,Carbon America Bridgeport Ethanol - Voyager carbon storage (NE),United States,North America,Carbon America,Full chain,concept,Planned,,Fuel transformation,Bioethanol,capture_capacity,0.175,0.175,0.175,2022,,2027,,Dedicated storage,,https://www.tallgrass.com/newsroom/press-releases/tallgrass-to-capture-and-sequester-co2-emissions-from-adm-corn-processing-complex-in-nebraska|https://www.carbonamerica.com/bridgeport,2026-03-27,https://www.iea.org/data-and-statistics/data-product/ccus-projects-database,official_workbook,,unmatched-review
iea-2026-0627,ADM Columbus Wet Mill (NE),United States,North America,ADM,Capture,operating,Operational,,Fuel transformation,Bioethanol,capture_capacity,0.238,,0.238,2022,,2025,,Dedicated storage,Trailblazer CO2 pipeline (NE-WY)/Eastern Wyoming Sequestration Hub (WY),https://www.tallgrass.com/newsroom/press-releases/tallgrass-to-capture-and-sequester-co2-emissions-from-adm-corn-processing-complex-in-nebraska|https://www.carboncapturejournal.com/news/adm-opens-worlds-largest-bioethanol-carbon-capture-facility/7033.aspx?Category=all,2026-03-27,https://www.iea.org/data-and-statistics/data-product/ccus-projects-database,official_workbook,,unmatched-review
iea-2026-0628,Bayu-Undan field storage hub Timor-Leste phase 2,Australia-Timor Leste,Australia and New Zealand,"Santos (43.4%) , SK E&S (25%), INPEX (11.4%), ENI (11%), JERA (6.1%), Tokyo Gas (3.1%)",T&S,concept,Planned,2,CO2 T&S,CO2 T&S,storage_injection_capacity,7.7,7.7,,2021,,,,Dedicated storage,Bayu-Undan field storage hub,https://www.santos.com/wp-content/uploads/2022/03/Santos-2022-Climate-Change-Report_web.pdf|https://www.santos.com/news/mous-executed-for-potential-co2-supply-to-underpin-santos-bayu-undan-ccs-project/,2026-03-27,https://www.iea.org/data-and-statistics/data-product/ccus-projects-database,official_workbook,,unmatched-review
iea-2026-0629,Woodside Browse CCS Assessment,Australia,Australia and New Zealand,"Woodside, BP, Japan Australia LNG (MIMI), PetroChina",Full chain,concept,Planned,,Fuel transformation,Natural gas processing/LNG,capture_capacity,,,,2018,,,,Dedicated storage,,https://globalflowcontrol.com/newsroom/woodside-reveals-carbon-capture-strategy-for-browse-gas-project/,2026-03-27,https://www.iea.org/data-and-statistics/data-product/ccus-projects-database,official_workbook,,unmatched-review
iea-2026-0630,Geovault Canning Basin CCS Assessment,Australia,Australia and New Zealand,"Buru Energy (Geovault), Energy Resources Ltd",Storage,concept,Planned,,CO2 T&S,CO2 storage,storage_injection_capacity,,,,2022,,,,Dedicated storage,,https://www.buruenergy.com/site/PDF/4bae9a34-0ffa-4e0e-8489-040130e66b92/BuruofferedGovernmentGrantforonshoreCCSProject,2026-03-27,https://www.iea.org/data-and-statistics/data-product/ccus-projects-database,official_workbook,,unmatched-review
iea-2026-0635,Rockpoint and Inter Pipeline Carbon Sequestration Hub (AB),Canada,North America,"Inter Pipeline, Rockpoint Gas Storage",T&S,concept,Planned,,CO2 T&S,CO2 T&S,storage_injection_capacity,6.0,6.0,,2022,,,,Dedicated storage,Rockpoint and Inter Pipeline Carbon Sequestration Hub,https://www.sherwoodparknews.com/news/local-news/carbon-sequestration-hub-proposal-launched-by-inter-pipeline-and-rockpoint-gas,2026-03-27,https://www.iea.org/data-and-statistics/data-product/ccus-projects-database,official_workbook,,unmatched-review
iea-2026-0636,CF Fertilisers Billingham Ammonia CCS,United Kingdom,Europe,CF Fertilisers,Capture,cancelled,Cancelled,,Industry,Fertiliser,capture_capacity,,,,2021,,,2022,Dedicated storage,Northern Endurance Partnership,https://www.greencarcongress.com/2021/08/20210806-bp.html|https://www.gov.uk/government/publications/cluster-sequencing-phase-2-eligible-projects-power-ccus-hydrogen-and-icc/cluster-sequencing-phase-2-shortlisted-projects-power-ccus-hydrogen-and-icc-august-2022,2026-03-27,https://www.iea.org/data-and-statistics/data-product/ccus-projects-database,official_workbook,,unmatched-review
iea-2026-0637,Rookery South Energy Recovery Facility (ERF),United Kingdom,Europe,Encyclis (former Covanta Europe),Capture,construction,Under construction,,Power and heat,Power and heat (waste),capture_capacity,0.38,0.38,0.19,2022,2025,2029,,Dedicated storage,Liverpool Bay CO2 storage (Hynet),https://www.letsrecycle.com/news/two-efw-projects-shortlisted-for-carbon-capture-funding/|https://www.gov.uk/government/publications/cluster-sequencing-phase-2-eligible-projects-power-ccus-hydrogen-and-icc/cluster-sequencing-phase-2-shortlisted-projects-power-ccus-hydrogen-and-icc-august-2022|https://hynet.co.uk/hynet-partners-announce-a-major-plan-to-develop-the-uks-first-energy-from-waste-facility/|https://www.carboncapturejournal.com/news/uk-government-signs-contracts-to-proceed-two-major-ccs-projects/6964.aspx?Category=all|https://www.encyclis.com/news/encyclis-secures-planning-permission-for-carbon-capture-at-rookery-south-erf/,2026-03-27,https://www.iea.org/data-and-statistics/data-product/ccus-projects-database,official_workbook,,unmatched-review
iea-2026-0638,Buxton Lime Net Zero,United Kingdom,Europe,"Tarmac, SigmaRoc",Capture,concept,Planned,,Industry,Lime,capture_capacity,,,,2022,,,,Dedicated storage,Liverpool Bay CO2 storage (Hynet),https://www.gov.uk/government/publications/cluster-sequencing-phase-2-eligible-projects-power-ccus-hydrogen-and-icc/cluster-sequencing-phase-2-shortlisted-projects-power-ccus-hydrogen-and-icc-august-2022,2026-03-27,https://www.iea.org/data-and-statistics/data-product/ccus-projects-database,official_workbook,,unmatched-review
iea-2026-0639,Tees Valley Energy Recovery Facility (TVERF),United Kingdom,Europe,Hartlepool Borough Council (leading partnership with 6 other councils),Capture,concept,Planned,,Power and heat,Power and heat (waste),capture_capacity,,,,2022,2026,2029,,Dedicated storage,Northern Endurance Partnership,https://www.tverf.co.uk/|https://www.bbc.com/news/articles/cq83459p4y9o,2026-03-27,https://www.iea.org/data-and-statistics/data-product/ccus-projects-database,official_workbook,,unmatched-review
iea-2026-0640,ZerCal250,United Kingdom,Europe,"Origin, Singleton Birch",Capture,concept,Planned,,Industry,Lime,capture_capacity,,,,2021,,,,Dedicated storage,Northern Endurance Partnership,https://birchchemicals.co.uk/birch-chemicals-begins-the-journey-to-zero-carbon-production/|https://www.gov.uk/government/publications/cluster-sequencing-phase-2-eligible-projects-power-ccus-hydrogen-and-icc/cluster-sequencing-phase-2-shortlisted-projects-power-ccus-hydrogen-and-icc-august-2022,2026-03-27,https://www.iea.org/data-and-statistics/data-product/ccus-projects-database,official_workbook,,unmatched-review
iea-2026-0642,Guanghui Energy CCUS integration project Phase 1 (Xinjiang),People's Republic of China,Other Asia Pacific,"Guanghui Energy CO., Ltd, China Kunlun Engineering (EPC)",Full chain,operating,Operational,,Industry,Chemicals,capture_capacity,0.1,0.1,,2021,2022,2023,,EOR,,https://www.mrchub.com/news/406625-guanghui-energy-builds-up-carbon-capture-utilisation-and-storage-demonstration-project-in-china|http://www.sse.com.cn/disclosure/listedinfo/announcement/c/new/2022-03-15/600256_20220315_1_lNNoFbgj.pdf|https://news.bjx.com.cn/html/20230828/1328476.shtml,2026-03-27,https://www.iea.org/data-and-statistics/data-product/ccus-projects-database,official_workbook,,unmatched-review
iea-2026-0643,Jiling Petrochemical CCUS (Nanjing refinery) (Jiangsu) phase 1,People's Republic of China,Other Asia Pacific,"Sinopec (Nanjing refinery), Jiling Petrochemical, Jiangsu oilfield",Full chain,operating,Operational,1,Fuel transformation,Coal-to-liquids,capture_capacity,0.1,0.1,,2021,2022,2023,,EOR,Jiangsu oilfield,http://www.tanjiaoyi.com/article-44241-1.html,2026-03-27,https://www.iea.org/data-and-statistics/data-product/ccus-projects-database,official_workbook,,unmatched-review
iea-2026-0645,BIR Waste-to-Energy Bergen,Norway,Europe,"BIR, Aker Carbon Capture",Capture,concept,Planned,,Power and heat,Power and heat (waste),capture_capacity,0.1,0.1,0.05,2021,,,,Unknown/unspecified,,https://akercarboncapture.com/?cision_id=92D8BAC2851B0A03,2026-03-27,https://www.iea.org/data-and-statistics/data-product/ccus-projects-database,official_workbook,,unmatched-review
iea-2026-0646,KVA Linth Waste-to-Energy Niederurnen,Switzerland,Europe,"KVA Linth, VBSA, Capsol (feasibility)",Capture,concept,Planned,,Power and heat,Power and heat (waste),capture_capacity,0.1,0.1,0.05,2020,,2029,,Unknown/unspecified,,https://www.akersolutions.com/globalassets/investors/presentations/aker-carbon-capture-company-presentation-aug-6-2020.pdf|https://www.wastetodaymagazine.com/news/waste-to-energy-capsol-co2-capsol-carbon-capture/|https://www.carboncapturejournal.com/ViewNews.aspx?NewsID=5472|https://xn--proptecherklrt-hib.ch/kva-linth-erhaelt-spezialpreis-fuer-co2-abscheidungsprojekt/,2026-03-27,https://www.iea.org/data-and-statistics/data-product/ccus-projects-database,official_workbook,,unmatched-review
iea-2026-0647,Oceania CCS (capture sources under evaluation),Japan,Other Asia Pacific,"Nippon steel, ExxonMobil, Mitsubishi",T&S,concept,Planned,,CO2 T&S,CO2 T&S,storage_injection_capacity,2.0,2.0,,2023,,,,Dedicated storage,Oceania CCS,https://www.mitsubishicorp.com/jp/en/pr/archive/2023/html/0000050630.html|https://www.meti.go.jp/english/press/2023/0613_001.html,2026-03-27,https://www.iea.org/data-and-statistics/data-product/ccus-projects-database,official_workbook,,unmatched-review
iea-2026-0648,ECO2CEE (previously Poland EU CCS Interconnector) phase 3,"Poland, Latvia, Lithuania",Europe,"Air Liquide Polska, PKN Orlen, Lafarge Cement, Orlen Lietuva",Transport,concept,Planned,3,CO2 T&S,CO2 transport,transport_capacity,0.3,0.3,,2021,,2033,,Dedicated storage,ECO2CEE,https://ec.europa.eu/eusurvey/runner/Consultation_PCIcandidates_CO2networks,2026-03-27,https://www.iea.org/data-and-statistics/data-product/ccus-projects-database,official_workbook,,unmatched-review
iea-2026-0649,ECO2Normandy phase 1,France,Europe,"Air Liquide, Borealis, North Atlantic, TotalEnergies, Yara",Transport,concept,Planned,1,CO2 T&S,CO2 transport,transport_capacity,3.0,3.0,,2023,,2028,,Dedicated storage,ECO2Normandy/Nautilus,https://www.airliquide.com/group/press-releases-news/2021-07-12/air-liquide-borealis-esso-totalenergies-and-yara-collaborate-help-decarbonize-industrial-basin|https://corporate.exxonmobil.com/locations/european-region/european-newsroom/2025/exxonmobil-france-holding-has-entered-into-exclusive-negotiations,2026-03-27,https://www.iea.org/data-and-statistics/data-product/ccus-projects-database,official_workbook,,unmatched-review
iea-2026-0652,Callisto Mediterranean CO2 Network phase 1,France-Italy,Europe,"Air Liquide, Eni, Snam",Transport,concept,Planned,1,CO2 T&S,CO2 transport,transport_capacity,3.6,3.6,,2023,,2029,,Dedicated storage,Ravenna CCS,https://ec.europa.eu/eusurvey/runner/Consultation_PCIcandidates_CO2networks,2026-03-27,https://www.iea.org/data-and-statistics/data-product/ccus-projects-database,official_workbook,,unmatched-review
iea-2026-0653,Callisto Mediterranean CO2 Network phase 2,France-Italy,Europe,"Air Liquide, Eni, Snam",Transport,concept,Planned,2,CO2 T&S,CO2 transport,transport_capacity,2.8,2.8,,2023,,2035,,Dedicated storage,Ravenna CCS,https://ec.europa.eu/eusurvey/runner/Consultation_PCIcandidates_CO2networks,2026-03-27,https://www.iea.org/data-and-statistics/data-product/ccus-projects-database,official_workbook,,unmatched-review
iea-2026-0654,C Zero phase 1,Germany-Netherlands,Europe,"Air Liquide, Lhoist, Duisport",Transport,concept,Planned,1,CO2 T&S,CO2 transport,transport_capacity,,,,2023,,,,Dedicated storage,C Zero/Nautilus,https://ec.europa.eu/eusurvey/runner/Consultation_PCIcandidates_CO2networks,2026-03-27,https://www.iea.org/data-and-statistics/data-product/ccus-projects-database,official_workbook,,unmatched-review
iea-2026-0655,C Zero phase 2,Germany-Netherlands,Europe,"Air Liquide, Lhoist, Duisport",Transport,concept,Planned,2,CO2 T&S,CO2 transport,transport_capacity,,,,2023,,,,Dedicated storage,C Zero/Nautilus,https://ec.europa.eu/eusurvey/runner/Consultation_PCIcandidates_CO2networks,2026-03-27,https://www.iea.org/data-and-statistics/data-product/ccus-projects-database,official_workbook,,unmatched-review
iea-2026-0656,C Zero phase 3,Germany-Netherlands,Europe,"Air Liquide, Lhoist, Duisport",Transport,concept,Planned,3,CO2 T&S,CO2 transport,transport_capacity,,,,2023,,2029,,Dedicated storage,C Zero/Nautilus,https://ec.europa.eu/eusurvey/runner/Consultation_PCIcandidates_CO2networks|https://www.carbonbridge.de/,2026-03-27,https://www.iea.org/data-and-statistics/data-product/ccus-projects-database,official_workbook,,unmatched-review
iea-2026-0657,OLYMPUS Holcim Milaki,Greece,Europe,"Holcim Group, Air Liquide",Capture,construction,Under construction,,Industry,Cement,capture_capacity,1.0,1.0,,2023,2025,2029,,Dedicated storage,Prinos CO2 storage,https://annual-report.holcim.com/fileadmin/user_upload/2022/pdf/24022023-finance-holcim-fy-2022-report-full-en-3914999618.pdf|https://www.lafarge.gr/sites/greece/files/docs/heracles-group-and-air-liquide-signed-a-front-end-engineering-design-feed-contract-for-olympus-ccs-project-12-12-2024_vs2.pdf|https://www.holcim.com/what-we-do/green-operations/ccus/olympus|https://www.agg-net.com/news/holcim-break-ground-on-greek-olympus-project|https://carbonherald.com/heracles-and-air-liquide-partner-for-olympus-carbon-capture-project-in-greece/,2026-03-27,https://www.iea.org/data-and-statistics/data-product/ccus-projects-database,official_workbook,,unmatched-review
iea-2026-0658,KOdeCO net zero project (Koromačno),Croatia,Europe,"Holcim Group, Air Liquide",Capture,concept,Planned,,Industry,Cement,capture_capacity,0.366,0.366,,2023,,2028,,Dedicated storage,,https://annual-report.holcim.com/fileadmin/user_upload/2022/pdf/24022023-finance-holcim-fy-2022-report-full-en-3914999618.pdf|https://climate.ec.europa.eu/system/files/2024-01/policy_ccs_implementation_20231215_capture_en.pdf|https://www.holcim.pl/hill-international-dolacza-do-strategicznego-projektu-wychwytywania-i-skladowania-co2-ccs-w|https://www.holcim.hr/KOdeCO-net-zero,2026-03-27,https://www.iea.org/data-and-statistics/data-product/ccus-projects-database,official_workbook,,unmatched-review
iea-2026-0659,Weyburn-Midale storage (SK),Canada,North America,"Whitecap Resources Inc., Cardinal Energy LTD.",Storage,operating,Operational,,CO2 T&S,CO2 storage,storage_injection_capacity,3.0,3.0,,,,2020,,EOR,,,2026-03-27,https://www.iea.org/data-and-statistics/data-product/ccus-projects-database,official_workbook,,unmatched-review
iea-2026-0660,Heidelberg Materials CBR Antoing Cement Plant (Anthemis),Belgium,Europe,Heidelberg Materials,Capture,concept,Planned,,Industry,Cement,capture_capacity,0.8,0.8,,2023,,2030,,Dedicated storage,Fluxys Tournai-Zeebrugge,https://www.cbr.be/fr/cbr-a-lintention-de-construire-une-unite-hybride-de-capture-de-carbone-unique-en-son-genre-dans-sa-cimenterie-dantoing|https://www.heidelbergmaterials.com/en/pr-2025-11-03,2026-03-27,https://www.iea.org/data-and-statistics/data-product/ccus-projects-database,official_workbook,,unmatched-review
iea-2026-0661,EU2NSEA PCI Project,Norway,Europe,Equinor and partners (incl. Heidelberg Materials),Transport,cancelled,Cancelled,,CO2 T&S,CO2 transport,transport_capacity,20.0,20.0,,2022,,2030,2025,Dedicated storage,EU2NSEA,https://network.bellona.org/content/uploads/sites/3/2023/01/EU-CO2-INFRASTRUCTURE-IN-BLOOM-1.pdf|https://www.equinor.com/energy/smeaheia,2026-03-27,https://www.iea.org/data-and-statistics/data-product/ccus-projects-database,official_workbook,,unmatched-review
iea-2026-0662,Marquis Industrial Complex (IL),United States,North America,Marquis Inc.,Full chain,concept,Planned,,Fuel transformation,Bioethanol,capture_capacity,1.2,1.2,1.2,2022,,,,Dedicated storage,,https://marquisindustrialcomplex.com/who-we-are|https://www.prnewswire.com/news-releases/gle-commences-engineering-on-carbon-capture-at-marquis-industrial-complex-301769736.html,2026-03-27,https://www.iea.org/data-and-statistics/data-product/ccus-projects-database,official_workbook,,unmatched-review
iea-2026-0663,Hoosier 1 (Cardinal ethanol facility) (IN),United States,North America,"One Carbon Partnership (Cardinal Ethanol, Vault 44.01 joint venture)",Full chain,concept,Planned,,Fuel transformation,Bioethanol,capture_capacity,0.4,0.4,0.4,2022,,,,Dedicated storage,,https://www.businesswire.com/news/home/20230130005121/en/Cardinal-Ethanol-and-Vault-44.01-Form-Joint-Venture-to-Implement-a-Carbon-Capture-and-Sequestration-Project-in-Indiana|https://www.epa.gov/system/files/documents/2023-02/One_Carbon_Partnership_AoR_and_Corrective_Action_Plan.pdf,2026-03-27,https://www.iea.org/data-and-statistics/data-product/ccus-projects-database,official_workbook,,unmatched-review
iea-2026-0664,"CO2 TransPorts phase 2 (cross-border pipeline, phase 1 is Porthos and Antwerp?)",Belgium-Netherlands,Europe,"Port of Rotterdam, port of Antwerp, North Sea Port, Fluxys, Gasunie",Transport,concept,Planned,1,CO2 T&S,CO2 transport,transport_capacity,5.0,5.0,,2022,,,,Dedicated storage,CO2TransPorts,https://cinea.ec.europa.eu/news-events/news/cef-energy-visiting-porthos-co2-transport-backbone-port-rotterdam-area-2025-03-19_en,2026-03-27,https://www.iea.org/data-and-statistics/data-product/ccus-projects-database,official_workbook,,unmatched-review
iea-2026-0666,Tohoku Region West Coast CCS,Japan,Other Asia Pacific,"ITOCHU, ITOCHU Oil exploration Mistubishi Heavy Industries, INPEX, Taisei",T&S,concept,Planned,,CO2 T&S,CO2 T&S,storage_injection_capacity,2.0,2.0,,2023,,2030,,Dedicated storage,Tohoku Region West Coast CCS,https://www.itochu.co.jp/en/news/press/2023/230126.html|https://www.meti.go.jp/english/press/2023/0613_001.html|https://www.offshore-energy.biz/partners-to-conduct-engineering-design-work-for-japanese-ccs-project/,2026-03-27,https://www.iea.org/data-and-statistics/data-product/ccus-projects-database,official_workbook,,unmatched-review
iea-2026-0667,Tomakomai area CCS,Japan,Other Asia Pacific,"Idemitsu, Hokkaido Electric Power, JAPEX",T&S,concept,Planned,,CO2 T&S,CO2 T&S,storage_injection_capacity,1.5,1.5,,2023,,2030,,Dedicated storage,Tomakomai area CCS,https://www.japex.co.jp/en/news/detail/20230126_01/|https://www.meti.go.jp/english/press/2023/0613_001.html|https://www.japex.co.jp/en/news/detail/20250917_01/,2026-03-27,https://www.iea.org/data-and-statistics/data-product/ccus-projects-database,official_workbook,,unmatched-review
iea-2026-0669,MOL Szank field CO2 EOR,Hungary,Europe,MOL group,Full chain,operating,Operational,,Fuel transformation,Natural gas processing/LNG,capture_capacity,0.16,0.16,,,,1992,,EOR,,https://molgroup.info/storage/documents/publications/annual_reports/2021/mol_plc_consolidated_annual_report_2021_eng.pdf,2026-03-27,https://www.iea.org/data-and-statistics/data-product/ccus-projects-database,official_workbook,,unmatched-review
iea-2026-0670,Gassum storage/Fyrkat network (Norne carbon storage hub),Denmark,Europe,"Fidelis new energy, Gas Storage Denmark, Capio Danmark (PCI coordinator), Ross Energy",Storage,concept,Planned,1,CO2 T&S,CO2 storage,storage_injection_capacity,2.6,2.6,,2022,,2027,,Dedicated storage,Norne carbon storage hub,https://zeroemissionsplatform.eu/wp-content/uploads/Detailed_information_regarding_the_candidate_projects_CO2_networks_Dec_2022_v2.pdf|https://www.prnewswire.com/news-releases/fidelis-new-energy-to-store-3-million-tons-of-co2-in-denmark-in-2026-and-10-million-tons-by-2028-301638454.html|https://www.prnewswire.com/da/pressemeddelelser/gas-storage-denmark-and-fidelis-new-energy-enter-into-a-collaboration-on-co2-storage-301823959.html|https://norneccs.com/en/news/|https://www.prnewswire.com/news-releases/aalborg-portland-and-fidelis-new-energy-enter-into-letter-of-intent-for-onshore-co2-storage-301845314.html|https://www.prnewswire.com/news-releases/carbon-centric-and-fidelis-new-energy-enter-into-letter-of-intent-for-onshore-co2-storage-301913781.html,2026-03-27,https://www.iea.org/data-and-statistics/data-product/ccus-projects-database,official_workbook,,unmatched-review
iea-2026-0671,Havnso storage/Trelleborg network (Norne carbon storage hub),Denmark,Europe,"Fidelis new energy, Gas Storage Denmark, Capio Danmark (PCI coordinator), Ross Energy",Storage,concept,Planned,2,CO2 T&S,CO2 storage,storage_injection_capacity,16.4,16.4,,2022,,2030,,Dedicated storage,Norne carbon storage hub,https://zeroemissionsplatform.eu/wp-content/uploads/Detailed_information_regarding_the_candidate_projects_CO2_networks_Dec_2022_v2.pdf|https://www.prnewswire.com/news-releases/fidelis-new-energy-to-store-3-million-tons-of-co2-in-denmark-in-2026-and-10-million-tons-by-2028-301638454.html|https://www.prnewswire.com/da/pressemeddelelser/gas-storage-denmark-and-fidelis-new-energy-enter-into-a-collaboration-on-co2-storage-301823959.html|https://norneccs.com/en/news/,2026-03-27,https://www.iea.org/data-and-statistics/data-product/ccus-projects-database,official_workbook,,unmatched-review
iea-2026-0672,Port of Aalborg terminal and pipeline to Fyrkat (Norne carbon storage hub),Denmark,Europe,"Fidelis new energy, Gas Storage Denmark, Capio Danmark (PCI coordinator)",Transport,construction,Under construction,,CO2 T&S,CO2 transport,transport_capacity,15.0,15.0,,2022,2025,2026,,Dedicated storage,Norne carbon storage hub,https://zeroemissionsplatform.eu/wp-content/uploads/Detailed_information_regarding_the_candidate_projects_CO2_networks_Dec_2022_v2.pdf|https://www.prnewswire.com/news-releases/fidelis-new-energy-to-store-3-million-tons-of-co2-in-denmark-in-2026-and-10-million-tons-by-2028-301638454.html|https://www.prnewswire.com/news-releases/fidelis-new-energys-new-receiving-facility-will-make-aalborg-one-of-europes-leaders-in-co2-management-301824191.html|https://norneccs.com/en/news/|https://www.kbr.com/en/insights-news/press-release/kbr-awarded-engineering-contract-fidelis-new-energys-liquid-carbon|https://portofaalborg.dk/en/norne-and-port-of-aalborg-sign-30-year-exclusive-agreement-accept-eu-cef-grant-and-launch-construction-of-co2-hub/|https://ec.europa.eu/assets/cinea/PCI/files/PCIFiche_13.10_1st_PCI_PMI_list.pdf,2026-03-27,https://www.iea.org/data-and-statistics/data-product/ccus-projects-database,official_workbook,,unmatched-review
iea-2026-0673,Port of Kalundborg terminal and pipeline to Trelleborg phase 1 (Norne carbon storage hub),Denmark,Europe,"Fidelis new energy, Gas Storage Denmark, Capio Danmark (PCI coordinator)",Transport,concept,Planned,1,CO2 T&S,CO2 transport,transport_capacity,4.0,4.0,,2022,,,,Dedicated storage,Norne carbon storage hub,https://zeroemissionsplatform.eu/wp-content/uploads/Detailed_information_regarding_the_candidate_projects_CO2_networks_Dec_2022_v2.pdf|https://www.prnewswire.com/news-releases/fidelis-new-energy-to-store-3-million-tons-of-co2-in-denmark-in-2026-and-10-million-tons-by-2028-301638454.html|https://norneccs.com/en/news/,2026-03-27,https://www.iea.org/data-and-statistics/data-product/ccus-projects-database,official_workbook,,unmatched-review
iea-2026-0674,Port of Kalundborg terminal and pipeline to Trelleborg phase 2 (Norne carbon storage hub),Denmark,Europe,"Fidelis new energy, Gas Storage Denmark, Capio Danmark (PCI coordinator)",Transport,concept,Planned,2,CO2 T&S,CO2 transport,transport_capacity,8.0,8.0,,2022,,,,Dedicated storage,Norne carbon storage hub,https://zeroemissionsplatform.eu/wp-content/uploads/Detailed_information_regarding_the_candidate_projects_CO2_networks_Dec_2022_v2.pdf|https://www.prnewswire.com/news-releases/fidelis-new-energy-to-store-3-million-tons-of-co2-in-denmark-in-2026-and-10-million-tons-by-2028-301638454.html|https://norneccs.com/en/news/,2026-03-27,https://www.iea.org/data-and-statistics/data-product/ccus-projects-database,official_workbook,,unmatched-review
iea-2026-0675,German carbon transport grid,Germany,Europe,"Open Grid Europe (OGE), TES",Transport,concept,Planned,,CO2 T&S,CO2 transport,transport_capacity,25.8,18.8,,2022,2026,2028,,Dedicated storage,German Carbon transport grid,https://oge.net/en/press-releases/2022/oge-and-tes-join-forces-to-develop-a-1-000-km-co-2-transmission-system|https://ec.europa.eu/eusurvey/runner/Consultation_PCIcandidates_CO2networks,2026-03-27,https://www.iea.org/data-and-statistics/data-product/ccus-projects-database,official_workbook,,unmatched-review
iea-2026-0676,Equinor Smeaheia storage phase 2,Norway,Europe,Equinor Low Carbon Solutions (100%),T&S,cancelled,Cancelled,2,CO2 T&S,CO2 T&S,storage_injection_capacity,24.0,24.0,,2022,,2035,2025,Dedicated storage,Wilhelmshaven/Smeahia,https://www.equinor.com/news/archive/20220405-awarded-smeaheia-polaris-co2-licenses,2026-03-27,https://www.iea.org/data-and-statistics/data-product/ccus-projects-database,official_workbook,,unmatched-review
iea-2026-0677,North Sea CO2 corridor (Zeebrugge - Germany),Belgium-Germany,Europe,"Fluxys, OGE",Transport,concept,Planned,,CO2 T&S,CO2 transport,transport_capacity,20.0,20.0,,2023,,2030,,Dedicated storage,,https://wintershalldea.com/en/newsroom/pi-23-04-fluxys|https://wintershalldea.com/en/newsroom/pi-23-42|https://www.oge.net/de/co2/co2-netz|https://ec.europa.eu/commission/presscorner/detail/en/ip_25_377|https://www.fluxys.com/en/news/fluxys-group/2025/fluxys-equinor-oge-to-develop,2026-03-27,https://www.iea.org/data-and-statistics/data-product/ccus-projects-database,official_workbook,,unmatched-review
iea-2026-0678,WH2V therminal (Wilhelshaven green energy hub phase 1),Multiple Europe,Europe,TES,Transport,concept,Planned,,CO2 T&S,CO2 transport,transport_capacity,10.0,10.0,,2022,,2029,,Dedicated storage,German Carbon Grid,https://zeroemissionsplatform.eu/wp-content/uploads/Detailed_information_regarding_the_candidate_projects_CO2_networks_Dec_2022_v2.pdf|https://www.carboncapturejournal.com/news/tes-and-ramboll-explore-co2-infrastructure-for-wilhelmshavens-green-energy-hub/6826.aspx?Category=all%20https://tes-h2.com/news/tes-and-ramboll-explore-co2-infrastructure-for-wilhelmshaven-s-green-energy-hub|https://www.energyhub-wilhelmshaven.de/projekte,2026-03-27,https://www.iea.org/data-and-statistics/data-product/ccus-projects-database,official_workbook,,unmatched-review
iea-2026-0679,NL CCS Direct Injection Phase 1,Netherlands,Europe,"Eni, EBN, OneDyas",T&S,cancelled,Cancelled,1,CO2 T&S,CO2 T&S,storage_injection_capacity,3.0,3.0,,2023,2037,2040,,Dedicated storage,DI Hub,https://zeroemissionsplatform.eu/wp-content/uploads/Detailed_information_regarding_the_candidate_projects_CO2_networks_Dec_2022_v2.pdf|https://benelux.rwe.com/en/press/2023-02-22-capeomega-and-neptune-energy-announce-noordkaap-rwe-signs-letter-of-intent-/,2026-03-27,https://www.iea.org/data-and-statistics/data-product/ccus-projects-database,official_workbook,,unmatched-review
iea-2026-0680,RWE Eemshaven power plant (BECCUS project),Netherlands,Europe,RWE,Capture,concept,Planned,,Power and heat,Power (bioenergy),capture_capacity,8.0,8.0,8.0,2022,,2030,,Dedicated storage,Noorkaap,https://zeroemissionsplatform.eu/wp-content/uploads/Detailed_information_regarding_the_candidate_projects_CO2_networks_Dec_2022_v2.pdf|https://benelux.rwe.com/en/press/2022-12-13-rwe-launches-project-for-large-scale-capture-and-storage-of-co/|https://benelux.rwe.com/en/our-energy/biomass/beccus/,2026-03-27,https://www.iea.org/data-and-statistics/data-product/ccus-projects-database,official_workbook,,unmatched-review
iea-2026-0681,RWE Amer power plant (BECCUS project),Netherlands,Europe,RWE,Capture,concept,Planned,,Power and heat,Power (bioenergy),capture_capacity,3.0,3.0,3.0,2022,,2032,,Dedicated storage,Noorkaap,https://zeroemissionsplatform.eu/wp-content/uploads/Detailed_information_regarding_the_candidate_projects_CO2_networks_Dec_2022_v2.pdf|https://benelux.rwe.com/en/press/2022-12-13-rwe-launches-project-for-large-scale-capture-and-storage-of-co/|https://benelux.rwe.com/en/our-energy/biomass/beccus/,2026-03-27,https://www.iea.org/data-and-statistics/data-product/ccus-projects-database,official_workbook,,unmatched-review
iea-2026-0682,Project Bifrost Phase 2,Denmark,Europe,TotalEnergies 65% Nordsofonden 20% Mitsui&Co 15%,T&S,concept,Planned,2,CO2 T&S,CO2 T&S,storage_injection_capacity,10.0,10.0,,2021,2031,2035,,Dedicated storage,Project Bifrost,https://zeroemissionsplatform.eu/wp-content/uploads/Detailed_information_regarding_the_candidate_projects_CO2_networks_Dec_2022_v2.pdf,2026-03-27,https://www.iea.org/data-and-statistics/data-product/ccus-projects-database,official_workbook,,unmatched-review
iea-2026-0683,"CCS Baltic Consortium, Klapeida terminal",Latvia-Lithuania,Europe,"Kalipedos Nafta AB, KN Energies (operator), CCS Baltic Consortium",Transport,concept,Planned,,CO2 T&S,CO2 transport,transport_capacity,4.0,4.0,,2022,2027,2031,,Dedicated storage,"CCS Baltic Constium, Klapeida terminal",https://zeroemissionsplatform.eu/wp-content/uploads/Detailed_information_regarding_the_candidate_projects_CO2_networks_Dec_2022_v2.pdf|https://ccs-baltic.eu/,2026-03-27,https://www.iea.org/data-and-statistics/data-product/ccus-projects-database,official_workbook,,unmatched-review
iea-2026-0684,Geothermal CCS Croatia,Croatia,Europe,Hydrocarbons Agency Croatia,T&S,concept,Planned,,CO2 T&S,CO2 T&S,storage_injection_capacity,0.63,0.63,,2022,,2031,,Dedicated storage,Geothermal CCS Croatia,https://zeroemissionsplatform.eu/wp-content/uploads/Detailed_information_regarding_the_candidate_projects_CO2_networks_Dec_2022_v2.pdf,2026-03-27,https://www.iea.org/data-and-statistics/data-product/ccus-projects-database,official_workbook,,unmatched-review
iea-2026-0685,PYCASSO hub phase 2 - northern and cross-border pipeline,France-Spain,Europe,"Terega, Pole Avenia, Agglo Pau, Holcim Group, Université de Pau, BGRM, IFPEN, Schlumberger, CNAM, Geostock, Geopetrol",T&S,concept,Planned,2,CO2 T&S,CO2 T&S,storage_injection_capacity,6.0,6.0,0.6,2021,,2035,,Dedicated storage,PYCASSO hub,https://zeroemissionsplatform.eu/wp-content/uploads/Detailed_information_regarding_the_candidate_projects_CO2_networks_Dec_2022_v2.pdf|https://carbongap.org/wp-content/uploads/2024/11/CRRA_France_Final-eng.pdf,2026-03-27,https://www.iea.org/data-and-statistics/data-product/ccus-projects-database,official_workbook,,unmatched-review
iea-2026-0686,Buzzi Unicem Augusta cement plant,Italy,Europe,Buzzi Unicem Spa,Capture,concept,Planned,,Industry,Cement,capture_capacity,0.6,0.6,,2022,,2033,,Dedicated storage,Ravenna CCS,https://zeroemissionsplatform.eu/wp-content/uploads/Detailed_information_regarding_the_candidate_projects_CO2_networks_Dec_2022_v2.pdf,2026-03-27,https://www.iea.org/data-and-statistics/data-product/ccus-projects-database,official_workbook,,unmatched-review
iea-2026-0687,Augusta C2,Italy-Greece,Europe,Buzzi Unicem Spa,Transport,concept,Planned,,CO2 T&S,CO2 transport,transport_capacity,0.2,0.2,,2022,,2029,,Dedicated storage,Augusta-C2/Prinos CO2 storage,https://zeroemissionsplatform.eu/wp-content/uploads/Detailed_information_regarding_the_candidate_projects_CO2_networks_Dec_2022_v2.pdf,2026-03-27,https://www.iea.org/data-and-statistics/data-product/ccus-projects-database,official_workbook,,unmatched-review
iea-2026-0688,Prinos CCS phase 1,Greece,Europe,Energean (EnEarth),T&S,concept,Planned,1,CO2 T&S,CO2 T&S,storage_injection_capacity,1.0,1.0,,2021,2026,2029,,Dedicated storage,Prinos CO2 storage,https://www.energean.com/media/5183/energean-annual-report-2021.pdf|https://www.halliburton.com/en/about-us/press-release/energean-selects-halliburton-carbon-storage-subsurface-study-greece|https://zeroemissionsplatform.eu/wp-content/uploads/Detailed_information_regarding_the_candidate_projects_CO2_networks_Dec_2022_v2.pdf|https://www.enearth.earth/_files/ugd/ea191a_6859d2521c1842419dd86efb6aa35bd3.docx?dn=European%2520Commission%2520Backs%2520EnEarths%2520Prinos%2520CO%25E2%2582%2582%2520Storage%2520Project%2520NR%2520Comments%2520(002).docx|https://www.ebrd.com/home/work-with-us/projects/psd/56584.html#customtab-04806a0f83-item-342ea500ce-tab|https://ec.europa.eu/info/funding-tenders/opportunities/portal/screen/opportunities/projects-details/43251567/101223665/CEF2027,2026-03-27,https://www.iea.org/data-and-statistics/data-product/ccus-projects-database,official_workbook,,unmatched-review
iea-2026-0689,Prinos CCS phase 2,Greece,Europe,Energean (EnEarth),T&S,concept,Planned,2,CO2 T&S,CO2 T&S,storage_injection_capacity,1.8,1.8,,2021,2026,2030,,Dedicated storage,Prinos CO2 storage,https://www.energean.com/media/5183/energean-annual-report-2021.pdf|https://www.halliburton.com/en/about-us/press-release/energean-selects-halliburton-carbon-storage-subsurface-study-greece|https://zeroemissionsplatform.eu/wp-content/uploads/Detailed_information_regarding_the_candidate_projects_CO2_networks_Dec_2022_v2.pdf|https://www.iene.eu/articlefiles/inline/sardi%20-%2014th%20seeed.pdf|https://www.enearth.earth/_files/ugd/ea191a_6859d2521c1842419dd86efb6aa35bd3.docx?dn=European%2520Commission%2520Backs%2520EnEarths%2520Prinos%2520CO%25E2%2582%2582%2520Storage%2520Project%2520NR%2520Comments%2520(002).docx,2026-03-27,https://www.iea.org/data-and-statistics/data-product/ccus-projects-database,official_workbook,,unmatched-review
iea-2026-0690,Prinos sigma plant,Greece,Europe,Energean (EnEarth),Capture,concept,Planned,,Fuel transformation,Natural gas processing/LNG,capture_capacity,1.0,1.0,,2022,,2028,,Dedicated storage,Prinos CO2 storage,https://zeroemissionsplatform.eu/wp-content/uploads/Detailed_information_regarding_the_candidate_projects_CO2_networks_Dec_2022_v2.pdf|https://www.iene.eu/articlefiles/inline/sardi%20-%2014th%20seeed.pdf|https://ec.europa.eu/assets/cinea/PCI/files/PCIFiche_13.11_1st_PCI_PMI_list.pdf,2026-03-27,https://www.iea.org/data-and-statistics/data-product/ccus-projects-database,official_workbook,,unmatched-review
iea-2026-0691,Burns Harbour (IN),United States,North America,"Dastur International Inc., ON Clean Energy, Inc., University of Texas,Cleveland-Cliffs Inc.",Capture,concept,Planned,,Industry,Iron and steel,capture_capacity,2.8,2.8,,2020,,,,Unknown/unspecified,,https://www.energy.gov/fecm/articles/foa-2187-and-foa-2188-project-selections|https://www.businesswire.com/news/home/20221207005491/en/,2026-03-27,https://www.iea.org/data-and-statistics/data-product/ccus-projects-database,official_workbook,,unmatched-review
iea-2026-0695,Advanced CO2 Capture from Hydrogen Production Unit at Phillips 66 Rodeo Refinery (CA),United States,North America,Phillips 66,Capture,concept,Planned,,Fuel transformation,Refining,capture_capacity,0.19,0.19,,2021,,,,Unknown/unspecified,,https://www.netl.doe.gov/node/10875,2026-03-27,https://www.iea.org/data-and-statistics/data-product/ccus-projects-database,official_workbook,,unmatched-review
iea-2026-0696,Linde-BASF capture SMR plant Covent (LA),United States,North America,Praxair,Capture,concept,Planned,,Fuel transformation,Hydrogen or ammonia,capture_capacity,1.361,1.361,,2020,,,,Unknown/unspecified,,https://www.energy.gov/fecm/articles/foa-2187-and-foa-2188-project-selections|https://www.osti.gov/servlets/purl/1898038,2026-03-27,https://www.iea.org/data-and-statistics/data-product/ccus-projects-database,official_workbook,,unmatched-review
iea-2026-0697,Blue Bison ATR advanced CCUS system (WY),United States,North America,Tallgrass MLP Operations,Capture,concept,Planned,,Fuel transformation,Hydrogen or ammonia,capture_capacity,1.66,1.66,,2021,,,,Unknown/unspecified,,https://www.netl.doe.gov/node/10875|https://carbonherald.com/carboncapture-inc-pauses-development-of-project-bison-in-wyoming/,2026-03-27,https://www.iea.org/data-and-statistics/data-product/ccus-projects-database,official_workbook,,unmatched-review
iea-2026-0698,Calpine Delta Energy Center (CA),United States,North America,"ION Clean Energy, Inc., Calpine",Capture,concept,Planned,,Power and heat,Power (gas),capture_capacity,,,,2021,,,,Dedicated storage,,https://www.energy.gov/fecm/articles/funding-opportunity-announcement-2515-carbon-capture-rd-natural-gas-and-industrial|https://calpinecarboncapture.com/|https://www.energy.gov/articles/doe-invests-45-million-decarbonize-natural-gas-power-and-industrial-sectors-using-carbon,2026-03-27,https://www.iea.org/data-and-statistics/data-product/ccus-projects-database,official_workbook,,unmatched-review
iea-2026-0699,Carbon Capture Retrofit at Sherman Generating Station (TX),United States,North America,"Bechtel National, Inc.",Capture,concept,Planned,,Power and heat,Power (gas),capture_capacity,,,,2019,,,,Unknown/unspecified,,https://www.osti.gov/biblio/1836563|https://www.energy.gov/fecm/foa-2058-front-end-engineering-design-feed-studies-carbon-capture-systems-coal-and-natural-gas|https://ukccsrc.ac.uk/open-access-sherman-feed/,2026-03-27,https://www.iea.org/data-and-statistics/data-product/ccus-projects-database,official_workbook,,unmatched-review
iea-2026-0700,CO2 capture at Duke Energy's East Bend Station (KY),United States,North America,"EPRI, MTR",Capture,concept,Planned,,Power and heat,Power (coal),capture_capacity,,,,2018,,,,EOR,,https://netl.doe.gov/sites/default/files/netl-file/D-Dillon-EPRI-East-Bend-Membrane.pdf,2026-03-27,https://www.iea.org/data-and-statistics/data-product/ccus-projects-database,official_workbook,,unmatched-review
iea-2026-0701,Calpine Baytown Energy Center (Baytown decarbonization project) (TX),United States,North America,"Calpine, Technip Energies, Shell, Zachry Group, ExxonMobil (storage)",Capture,concept,Planned,,Power and heat,Power (gas),capture_capacity,2.0,2.0,,2023,,,,Unknown/unspecified,,https://www.technipenergies.com/en/media/press-releases/technip-energies-shell-catalysts-technologies-and-zachry-group-selected-calpines-carbon-capture|https://www.energy.gov/sites/default/files/2024-07/Baytown%20CC%20and%20Storage%20Factsheet_072324.pdf|https://www.energy.gov/fecm/funding-notice-bipartisan-infrastructure-law-carbon-capture-demonstration-projects-program-0|https://www.energy.gov/oced/articles/award-wednesdays-july-3-2024,2026-03-27,https://www.iea.org/data-and-statistics/data-product/ccus-projects-database,official_workbook,,unmatched-review
iea-2026-0702,Shell Deer Park Chemical complex (TX),United States,North America,Wood Environment & Infrastructure Solutions,Capture,concept,Planned,,Industry,Chemicals,capture_capacity,,,,2021,,,,Unknown/unspecified,,https://www.energy.gov/fecm/articles/foa-2187-and-foa-2188-project-selections|https://netl.doe.gov/sites/default/files/netl-file/23CM_PSCC28_Herman.pdf,2026-03-27,https://www.iea.org/data-and-statistics/data-product/ccus-projects-database,official_workbook,,unmatched-review
iea-2026-0703,North Dakota CarbonSAFE (ND),United States,North America,"Summit carbon solutions, Minnkota Power Cooperative, Inc., University of North Dakota EERC (data from CarbonSafe used for project)",Storage,concept,Planned,,CO2 T&S,CO2 storage,storage_injection_capacity,4.99,4.99,,2017,,,,Dedicated storage,North Dakota CarbonSAFE (ND),https://www.projecttundrand.com/post/minnkota-and-summit-carbon-solutions-announce-co2-storage-partnership|https://undeerc.org/research/projects/ndcarbonsafe.html#d56e191--2|https://netl.doe.gov/carbon-management/carbon-storage/carbonsafe/publications,2026-03-27,https://www.iea.org/data-and-statistics/data-product/ccus-projects-database,official_workbook,,unmatched-review
iea-2026-0704,J-Power Sumitomo joint feasibility clean hydrogen Latrobe Valley (VI),Australia,Australia and New Zealand,"J-Power, Sumitomo corporation",Capture,concept,Planned,,Fuel transformation,Hydrogen or ammonia,capture_capacity,,,,2023,,,,Dedicated storage,CarbonNet,https://www.jpower.co.jp/english/news_release/pdf/news230308e.pdf|https://www.pilotenergy.com.au/wp-content/uploads/Pilot-Energy-MWCEP-CHCCS-Project.pdf|https://www.pilotenergy.com.au/mid-west-clean-energy-project/,2026-03-27,https://www.iea.org/data-and-statistics/data-product/ccus-projects-database,official_workbook,,unmatched-review
iea-2026-0705,Viking CCS Phase 3,United Kingdom,Europe,"Harbour Energy (operator), BP (40%)",T&S,concept,Planned,3,CO2 T&S,CO2 T&S,storage_injection_capacity,5.0,5.0,,2020,,2035,,Dedicated storage,Viking CCS,https://www.vikingccs.co.uk/capture,2026-03-27,https://www.iea.org/data-and-statistics/data-product/ccus-projects-database,official_workbook,,unmatched-review
iea-2026-0706,RWE CCGT Staythorpe,United Kingdom,Europe,RWE,Capture,concept,Planned,,Power and heat,Power (gas),capture_capacity,3.7,3.7,,2022,,2033,,Dedicated storage,Viking CCS,https://www.rwe.com/en/press/rwe-generation/2022-12-20-rwe-enters-partnership-with-harbour-energy-to-explore-ccs-opportunities-at-uk-po/|https://www.rwe.com/en/press/rwe-generation/2023-05-23-rwe-announces-development-proposals-for-three-new-carbon-capture-projects-across-the-uk/|https://uk.rwe.com/-/media/RWE/RWE-UK/downloads/press/2025/2025-02-04-rwe-announces-public-consultation-carbon-capture-project-staythorpe.pdf,2026-03-27,https://www.iea.org/data-and-statistics/data-product/ccus-projects-database,official_workbook,,unmatched-review
iea-2026-0708,Central Louisiana Regional Carbon Storage (CENLA) Hub (Wilcox) (LA) phase 1,United States,North America,"CapturePoint Solutions, Energy transfer",T&S,construction,Under construction,1,CO2 T&S,CO2 T&S,storage_injection_capacity,2.0,2.0,,2022,2023,2026,,Dedicated storage,Central Louisiana Regional Carbon Storage (CENLA) Hub (LA),https://capturepointllc.com/news/capturepoint-announces-intent-proceed-central-louisiana-carbon-capture-and-sequestration|https://www.ten.com/sites/energies/files/2024-06/QatarEnergy-North-Field-East-Case-Study.pdf|https://decarbonfuse.com/posts/capturepoint-s-cenla-hub-project-advances-on-louisiana-s-short-list-for-carbon-storage-permitting|https://capturepointllc.com/news/capturepoint-announces-intent-proceed-central-louisiana-carbon-capture-and-sequestration,2026-03-27,https://www.iea.org/data-and-statistics/data-product/ccus-projects-database,official_workbook,,unmatched-review
iea-2026-0709,Haynesville Shale natural gas (LA),United States,North America,"CapturePoint Solutions, Energy transfer, Southwestern",Capture,construction,Under construction,,Fuel transformation,Natural gas processing/LNG,capture_capacity,2.0,2.0,,2022,2022,2026,,Dedicated storage,Central Louisiana Regional Carbon Storage (CENLA) Hub (LA),https://www.businesswire.com/news/home/20220804005835/en/CapturePoint-Solutions-LLC-Announces-Intended-Partnership-With-Energy-Transfer|https://capturepointllc.com/news/capturepoint-announces-intent-proceed-central-louisiana-carbon-capture-and-sequestration|https://www.businesswire.com/news/home/20231115792020/en/CapturePoint-Secures-Dedication-of-CO2-for-CENLA-Hub-From-Southwestern-Energy-Company,2026-03-27,https://www.iea.org/data-and-statistics/data-product/ccus-projects-database,official_workbook,,unmatched-review
iea-2026-0710,Trudvang storage project (EXL007),Norway,Europe,"Eni (following acquisition of Neptune Energy) (30%), Sval (28% op), Storegga (30%), INPEX(12%)",Storage,concept,Planned,,CO2 T&S,CO2 storage,storage_injection_capacity,10.0,5.0,,2023,2027,2029,,Dedicated storage,Trudvang storage project,https://www.neptuneenergy.com/media/press-releases/year/2023/neptune-energy-partners-sval-and-storegga-co2-storage-licence|https://www.carboncapturejournal.com/ViewNews.aspx?NewsID=6574,2026-03-27,https://www.iea.org/data-and-statistics/data-product/ccus-projects-database,official_workbook,,unmatched-review
iea-2026-0711,Coastal Bend Carbon Management Project (TX),United States,North America,"Port of Corpus Christi, Storegga, Howard Energy Partners, Texas A&M University System",Storage,concept,Planned,,CO2 T&S,CO2 storage,storage_injection_capacity,1.5,1.0,,2022,,,,Dedicated storage,Coastal Bend Carbon Management Partnership (TX),https://portofcc.com/port-of-corpus-christi-enters-into-agreement-with-talos-energy-and-howard-energy-partners-for-carbon-capture-and-sequestration-opportunities/|https://portofcc.com/port-of-corpus-christi-awarded-16-4m-in-carbonsafe-grants-from-u-s-department-of-energy/|https://www.energy.gov/fecm/project-selections-foa-2610-carbonsafe-phase-ii-storage-complex-feasibility|https://www.energy.gov/fecm/project-selections-foa-2610-carbonsafe-phase-ii-storage-complex-feasibility,2026-03-27,https://www.iea.org/data-and-statistics/data-product/ccus-projects-database,official_workbook,,unmatched-review
iea-2026-0712,Coastal Bend Offshore CO2 Storage (TX),United States,North America,"Port of Corpus Christi, 1845 Carbon Storage LLC, Strategic Sequestration Development LLC, University of Texas Bureau of Economic Geology’s Gulf Coast Carbon Center",Storage,concept,Planned,,CO2 T&S,CO2 storage,storage_injection_capacity,,,,2023,,,,Dedicated storage,Corpus Christi offshore storage (TX),https://portofcc.com/port-of-corpus-christi-awarded-16-4m-in-carbonsafe-grants-from-u-s-department-of-energy/|https://www.energy.gov/fecm/project-selections-foa-2610-carbonsafe-phase-ii-storage-complex-feasibility,2026-03-27,https://www.iea.org/data-and-statistics/data-product/ccus-projects-database,official_workbook,,unmatched-review
iea-2026-0713,Tulare County Carbon Storage Project (CA),United States,North America,Advanced Resources International Inc.,Storage,concept,Planned,,CO2 T&S,CO2 storage,storage_injection_capacity,2.5,,,2023,,2027,,Dedicated storage,Tulare County Carbon Storage Project (CA),https://www.energy.gov/fecm/project-selections-foa-2610-carbonsafe-phase-ii-storage-complex-feasibility,2026-03-27,https://www.iea.org/data-and-statistics/data-product/ccus-projects-database,official_workbook,,unmatched-review
iea-2026-0714,Carbon Storage Complex Southeastern Michigan (MI),United States,North America,"Battelle Memorial Institute, DTE Energy",Storage,concept,Planned,,CO2 T&S,CO2 storage,storage_injection_capacity,2.1,,,2023,,,,Dedicated storage,Carbon Storage Complex Southeastern Michigan (MI),https://www.energy.gov/fecm/project-selections-foa-2610-carbonsafe-phase-ii-storage-complex-feasibility|https://netl.doe.gov/carbon-management/carbon-storage/carbonsafe/publications,2026-03-27,https://www.iea.org/data-and-statistics/data-product/ccus-projects-database,official_workbook,,unmatched-review
iea-2026-0715,Mitchell CarbonSAFE (IN),United States,North America,"Illinois State Geological Survey, Heidelberg Materials, Projeo, IGS, University of Illinois",Storage,concept,Planned,,CO2 T&S,CO2 storage,storage_injection_capacity,1.667,1.667,,2023,,,,Dedicated storage,Mitchell CarbonSAFE (IL),https://www.energy.gov/fecm/project-selections-foa-2610-carbonsafe-phase-ii-storage-complex-feasibility,2026-03-27,https://www.iea.org/data-and-statistics/data-product/ccus-projects-database,official_workbook,,unmatched-review
iea-2026-0716,Sutter Decarbonization Project (CA),United States,North America,"Gas Technology Institute, Calpine, 1PointFive (Occidental) (storage)",Full chain,concept,Planned,,Power and heat,Power (gas),capture_capacity,1.8,1.8,,2023,2026,2029,,Dedicated storage,Sutter Decarbonization Project (CA),https://www.energy.gov/fecm/project-selections-foa-2610-carbonsafe-phase-ii-storage-complex-feasibility|https://www.smud.org/-/media/Documents/Corporate/About-Us/Board-Meetings-and-Agendas/2023/May/Exhibit-to-Agenda-Item-1---Calpine-Presentation.ashx|https://www.epa.gov/uic/uic-permits-epas-pacific-southwest-region-9|https://www.energy.gov/fecm/funding-notice-bipartisan-infrastructure-law-carbon-capture-demonstration-projects-program-0|https://content.govdelivery.com/accounts/USDOEOCED/bulletins/3ad58d6|https://www.energy.gov/articles/secretary-wright-announces-termination-24-projects-generating-over-3-billion-taxpayer,2026-03-27,https://www.iea.org/data-and-statistics/data-product/ccus-projects-database,official_workbook,,unmatched-review
iea-2026-0717,Project OASIS Shelby County (AL),United States,North America,Southern States Energy Board,Storage,concept,Planned,,CO2 T&S,CO2 storage,storage_injection_capacity,,,,2022,,,,Dedicated storage,Project OASIS Shelby County (AL),https://www.energy.gov/fecm/project-selections-foa-2610-carbonsafe-phase-ii-storage-complex-feasibility,2026-03-27,https://www.iea.org/data-and-statistics/data-product/ccus-projects-database,official_workbook,,unmatched-review
iea-2026-0718,Project Lochridge (Gulf of Mexico CCS Partnership Hub) (LA),United States,North America,"Carbon Zero (Storage), Cox (field owner), Crescent Midstream (pipeline operator), Repsol",T&S,concept,Planned,,CO2 T&S,CO2 T&S,storage_injection_capacity,,,,2022,2026,,,Dedicated storage,Project Lochridge (Gulf of Mexico CCS Partnership Hub) (LA),https://www.energy.gov/fecm/project-selections-foa-2610-carbonsafe-phase-ii-storage-complex-feasibility|https://www.ogj.com/energy-transition/article/14287618/repsol-crescent-midstream-part-of-offshore-louisiana-ccs-partnership|https://www.ogj.com/energy-transition/article/14293569/cox-crescent-midstream-repsol-us-gulf-ccs-project-gets-doe-funding|https://netl.doe.gov/carbon-management/carbon-storage/carbonsafe/publications,2026-03-27,https://www.iea.org/data-and-statistics/data-product/ccus-projects-database,official_workbook,,unmatched-review
iea-2026-0719,Roughrider Carbon Storage Hub (ND),United States,North America,"University of North Dakota, ONEOK, EERC",Storage,concept,Planned,,CO2 T&S,CO2 storage,storage_injection_capacity,,,,2023,,,,Dedicated storage,Roughrider Carbon Storage Hub (ND),https://www.energy.gov/fecm/project-selections-foa-2610-carbonsafe-phase-ii-storage-complex-feasibility|https://netl.doe.gov/carbon-management/carbon-storage/carbonsafe/publications,2026-03-27,https://www.iea.org/data-and-statistics/data-product/ccus-projects-database,official_workbook,,unmatched-review
iea-2026-0720,Unita Basin Carbon SAFE (UT),United States,North America,University of Utah,Storage,concept,Planned,,CO2 T&S,CO2 storage,storage_injection_capacity,,,,2023,,,,Dedicated storage,Unita Basin Carbon SAFE (UT),https://www.energy.gov/fecm/project-selections-foa-2610-carbonsafe-phase-ii-storage-complex-feasibility,2026-03-27,https://www.iea.org/data-and-statistics/data-product/ccus-projects-database,official_workbook,,unmatched-review
iea-2026-0721,Calpine Hermiston Power/HERO Basalt CarbonSafe (OR),United States,North America,"University of Wyoming, PNNL, 1PointFive (Occidental), Calpine, Carbfix, Schlumberger",Full chain,concept,Planned,,Power and heat,Power (gas),capture_capacity,1.7,1.7,,2023,,,,Dedicated storage,,https://www.energy.gov/fecm/project-selections-foa-2610-carbonsafe-phase-ii-storage-complex-feasibility|https://netl.doe.gov/sites/default/files/netl-file/23CM_CTS30_McLaughlin.pdf|https://netl.doe.gov/carbon-management/carbon-storage/carbonsafe/publications,2026-03-27,https://www.iea.org/data-and-statistics/data-product/ccus-projects-database,official_workbook,,unmatched-review
iea-2026-0722,Pathways alliance (ALB) (14 facilities),Canada,North America,"CNRL, Cenovus Energy, ConocoPhilips, Imperial, MEG Energy, Suncor (Pathways Alliance)",Capture,concept,Planned,,Fuel transformation,Oil and gas extraction,capture_capacity,15.2,15.2,,2022,2026,2030,,Dedicated storage,Pathways Alliance,https://www.alberta.ca/carbon-capture-utilization-and-storage-hub-development-process.aspx|https://www.eralberta.ca/projects/details/oil-sands-ccus-pathways-to-net-zero/|https://pathwaysalliance.ca/release-detailed-evaluation/|https://www.cbc.ca/news/canada/calgary/oilsands-group-pledges-to-spend-16-5b-on-carbon-capture-project-by-2030-1.6616689|https://www.woodplc.com/news/latest-press-releases/2023/wood-secures-engineering-contract-for-pathways-alliance-ccs-pipeline,2026-03-27,https://www.iea.org/data-and-statistics/data-product/ccus-projects-database,official_workbook,ca-pathways,matched-exact
iea-2026-0725,CO₂ EOR Project Croatia - Žutica South,Croatia,Europe,INA/MOL,Storage,operating,Operational,,CO2 T&S,CO2 storage,storage_injection_capacity,,,,,,2020,,EOR,,https://molgroup.info/storage/documents/case_studies/climate_change/co2_eor_project_croatia_origin.pdf|https://mingo.gov.hr/UserDocsImages/UPRAVA%20ZA%20ENERGETIKU/NECP_Update%20_CRO_EN_Revised.pdf,2026-03-27,https://www.iea.org/data-and-statistics/data-product/ccus-projects-database,official_workbook,,unmatched-review
iea-2026-0726,Kutina Petrokemija ammonia (ICORD project?),Croatia,Europe,"INA, MOL Group",Capture,concept,Planned,,Industry,Fertiliser,capture_capacity,0.19,0.19,,2021,,2027,,Unknown/unspecified,Zutica and Ivanic grad EOR extension,https://innovationorigins.com/en/croatia-plans-to-store-co2-in-depleted-oil-fields-smart-or-a-drop-in-the-ocean/|https://molgroup.info/storage/documents/case_studies/climate_change/co2_eor_project_croatia_origin.pdf,2026-03-27,https://www.iea.org/data-and-statistics/data-product/ccus-projects-database,official_workbook,,unmatched-review
iea-2026-0727,Kalundborg refinery project,Denmark,Europe,"Kalundborg, Aker Carbon Capture",Capture,concept,Planned,,Fuel transformation,Refining,capture_capacity,,,,2021,,2030,,Unknown/unspecified,,https://www.c4cph.dk/|https://orsted.com/en/media/newsroom/news/2022/06/20220613532911|https://www.prnewswire.com/news-releases/aker-carbon-capture-to-deliver-five-just-catch-units-and-equipment-for-over-eur-200-million-to-orsted-bioenergy-plants-in-denmark-301824370.html,2026-03-27,https://www.iea.org/data-and-statistics/data-product/ccus-projects-database,official_workbook,,unmatched-review
iea-2026-0728,ACCSION Aalborg Portland,Denmark,Europe,"Aalborg Portland (Cementir Holding Group), Air Liquide",Capture,concept,Planned,,Industry,Cement,capture_capacity,1.4,1.4,,2021,2026,2029,,Dedicated storage,Norne carbon storage hub,"https://www.c4cph.dk/|https://aalborgportlandholding.com/en/sustainability/Roadmap-to-2030#:~:text=In%20October%202022%2C%20a%20pilot,2%20per%20year%20by%202030.|https://greencem.dk/the-project/|https://www.airliquide.com/group/press-releases-news/2024-10-24/air-liquide-and-cementir-holding-group-receive-support-european-innovation-fund-carbon-capture-and|https://www.aalborgportland.dk/accsion/",2026-03-27,https://www.iea.org/data-and-statistics/data-product/ccus-projects-database,official_workbook,dk-accsion,matched-exact
iea-2026-0729,ARGO waste-to-energy plant,Denmark,Europe,ARGO,Capture,concept,Planned,,Power and heat,Power and heat (waste),capture_capacity,0.35,0.35,0.175,2021,,2030,,Unknown/unspecified,,https://www.c4cph.dk/|https://argo.dk/om-os/presse/nyheder/argo-tager-et-nyt-vigtigt-skridt-mod-co%E2%82%82-fangst-i-roskilde/,2026-03-27,https://www.iea.org/data-and-statistics/data-product/ccus-projects-database,official_workbook,,unmatched-review
iea-2026-0730,BIOFOS Carbon Capture Project,Denmark,Europe,BIOFOS,Capture,concept,Planned,,Power and heat,Power and heat (waste),capture_capacity,,,,2021,,2030,,Unknown/unspecified,,,2026-03-27,https://www.iea.org/data-and-statistics/data-product/ccus-projects-database,official_workbook,,unmatched-review
iea-2026-0732,DREAM- Decarbonisation of the Rezzato and Mazzano cement plant,Italy,Europe,Heidelberg Materials,Capture,concept,Planned,,Industry,Cement,capture_capacity,,,,2024,,2032,,Dedicated storage,Ravenna CCS,https://www.heidelbergmaterials.com/en/ecra-oxyfuel|https://www.heidelbergmaterials.com/en/pr-2024-09-30,2026-03-27,https://www.iea.org/data-and-statistics/data-product/ccus-projects-database,official_workbook,,unmatched-review
iea-2026-0733,Getica CCS - Turceni power plant,Romania,Europe,"ISPE (feasibility), Alstom (feasibility) Oltenia, Transgaz",Capture,concept,Planned,,Power and heat,Power (coal),capture_capacity,1.3,1.3,,2010,,,,Dedicated storage,,https://static1.squarespace.com/static/5672ab009cadb60e553e3529/t/5a003971652dea4f7209d172/1509964149010/UEFISCDI_Oct2017.pdf|https://www.globalccsinstitute.com/resources/publications-reports-research/getica-ccs-demo-project-romania-feasibility-study-overview-report-to-the-global-ccs-institute-public-report/,2026-03-27,https://www.iea.org/data-and-statistics/data-product/ccus-projects-database,official_workbook,,unmatched-review
iea-2026-0745,Danube Removals,Hungary,Europe,"emov, Danubeenergy ventures, ClonBio Group",Full chain,construction,Under construction,,Fuel transformation,Bioethanol,capture_capacity,0.5,0.5,0.5,2023,2025,2026,,Dedicated storage,,https://danubeenergy.com/danube-removals/,2026-03-27,https://www.iea.org/data-and-statistics/data-product/ccus-projects-database,official_workbook,,unmatched-review
iea-2026-0746,Norvik Infrastructure CCS East (NICE),Sweden,Europe,"Ports of Stockhom, Stockholm Exergi, Mälarenergi, Söderenergi, Vattenfall, Heidelberg Materials, Nordkalk, Plagazi",Transport,concept,Planned,,CO2 T&S,CO2 transport,transport_capacity,9.0,9.0,,2023,,,,Dedicated storage,Norvik Infrastructure CCS East (NICE),"https://www.portsofstockholm.com/about-us/news/2023/stockholm-norvik-port-potential-ccs-hub-in-sweden/|https://news.cision.com/plagazi-ab/r/plagazi-joins-leading-project-for-carbon-capture---storage-management-in-stockholm-norvik-harbour,c3736083|https://www.portsofstockholm.com/about-us/environmental-work/ccs-at-stockholm-norvik-port/",2026-03-27,https://www.iea.org/data-and-statistics/data-product/ccus-projects-database,official_workbook,,unmatched-review
iea-2026-0747,Cypress DAC Hub (LA),United States,North America,"Battelle, Climeworks, Heirloom Carbon, CapturePoint",Capture,concept,Planned,,DAC,Direct Air Capture,capture_capacity,0.683,0.683,0.683,2023,,2027,,Dedicated storage,Central Louisiana Regional Carbon Storage (CENLA) Hub (LA),https://www.battelle.org/insights/newsroom/press-release-details/battelle-climeworks-heirloom-carbon-gulf-coast-sequestration-bid-on-direct-air-capture-hub-for-department-of-energy|https://www.heirloomcarbon.com/news/two-direct-air-capture-facilities-in-northwest-louisiana,2026-03-27,https://www.iea.org/data-and-statistics/data-product/ccus-projects-database,official_workbook,,unmatched-review
iea-2026-0748,Carbon Capture on Air Liquide US Gulf Coast Steam Methane Reformer Using the CryocapTM FG Process (TX),United States,North America,"Dastur International Inc., Air Liquide,University of Texas at Austin’s Bureau of Economic Geology",Capture,concept,Planned,,Fuel transformation,Hydrogen or ammonia,capture_capacity,,,,2022,,,,Unknown/unspecified,,https://www.energy.gov/fecm/additional-selections-funding-opportunity-announcement-2400-clean-hydrogen-production-storage,2026-03-27,https://www.iea.org/data-and-statistics/data-product/ccus-projects-database,official_workbook,,unmatched-review
iea-2026-0749,Combined Carbon Capture Solution on Air Liquide South Texas Steam Methane Reformer (TX),United States,North America,"Electricore Inc., Air Liquide",Capture,concept,Planned,,Fuel transformation,Hydrogen or ammonia,capture_capacity,,,,2022,,,,Unknown/unspecified,,https://www.energy.gov/fecm/additional-selections-funding-opportunity-announcement-2400-clean-hydrogen-production-storage,2026-03-27,https://www.iea.org/data-and-statistics/data-product/ccus-projects-database,official_workbook,,unmatched-review
iea-2026-0751,3D DMX ArcelorMittal and IFPEN Dunkirk 'REUZE',France,Europe,"ArcelorMittal, Engie, Infinium",CCU,concept,Planned,1,Industry,Iron and steel,capture_capacity,0.3,0.3,,2022,,,,Use,,https://newsroom.engie.com/actualites/engie-et-infinium-annoncent-un-partenariat-pour-developper-un-hub-industriel-denvergure-europeenne-de-production-de-carburants-de-synthese-a-dunkerque-6d4d-ff316.html,2026-03-27,https://www.iea.org/data-and-statistics/data-product/ccus-projects-database,official_workbook,,unmatched-review
iea-2026-0752,e-Alto,United Kingdom,Europe,"Velocys, Clariant Catalysts, Technip Energies, British Airways",CCU,concept,Planned,,Fuel transformation,Biodiesel,capture_capacity,,,,2022,,,,Use,,https://www.altalto.com/2022/12/12/award-of-2-5m-grant-for-new-e-fuels-project/,2026-03-27,https://www.iea.org/data-and-statistics/data-product/ccus-projects-database,official_workbook,,unmatched-review
iea-2026-0753,HIF Tasmania eFuels Facility (TAS),Australia,Australia and New Zealand,HIF Asia Pacific,CCU,concept,Planned,,Power and heat,Power (bioenergy),capture_capacity,0.3,0.3,,2022,2026,2028,,Use,,http://www.hiftasmania.com.au/|https://hifglobal.com/wp-content/uploads/2022/07/HIF-Global-begins-approval-process-for-its-first-carbon-neutral-eFuels-manufacturing-facility-in-Australia.pdf|https://hifglobal.com/docs/default-source/documentos-noticias/chile/pr-2023-11-28-hif-and-forico-agreement-(final).pdf?sfvrsn=6f90842d_1|https://hifglobal.com/docs/default-source/documentos-noticias/chile/pr-2023-08-17-hif-engages-technip-energies-in-australia.pdf?sfvrsn=8795b0a4_1|https://research.csiro.au/hyresource/hif-tasmania-efuels-facility/,2026-03-27,https://www.iea.org/data-and-statistics/data-product/ccus-projects-database,official_workbook,,unmatched-review
iea-2026-0756,Asnæs Power Station,Denmark,Europe,"Orsted, Aker Carbon Capture (tech), NCC (construction)",Capture,construction,Under construction,,Power and heat,Power (bioenergy),capture_capacity,0.28,0.28,0.28,2022,2023,2026,,Dedicated storage,Kalundborg hub/Northern Lights,"https://orsted.com/en/media/newsroom/news/2023/05/20230515676011|https://www.bioenergy-news.com/news/orsted-bids-danish-biomass-fired-cogeneration-plants-into-carbon-capture-tender/|https://orsted.com/en/media/newsroom/news/2023/12/oersted-begins-construction-of-denmarks-first-carb-13757543|https://news.cision.com/ncc/r/ncc-contracted-by-orsted-to-construct-carbon-capture-plant-in-denmark,c3906317",2026-03-27,https://www.iea.org/data-and-statistics/data-product/ccus-projects-database,official_workbook,,unmatched-review
iea-2026-0757,Avedøre Power Station CCU (Green Fuels for Denmark),Denmark,Europe,Orsted,CCU,cancelled,Cancelled,2,Power and heat,Power (bioenergy),capture_capacity,,,,2021,,2026,2024,Use,,https://orsted.com/en/media/newsroom/news/2022/12/13666863|https://orsted.com/en/media/newsroom/news/2021/06/857452362384936|https://danishnews.cphpost.dk/article/88b3f139-f28b-410d-a65a-eeadfa0dc5684undefined,2026-03-27,https://www.iea.org/data-and-statistics/data-product/ccus-projects-database,official_workbook,,unmatched-review
iea-2026-0760,Ramba CCUS/EOR,Indonesia,Other Asia Pacific,Pertamina,Full chain,concept,Planned,,Fuel transformation,Natural gas processing/LNG,capture_capacity,,,,2022,,2032,,EOR,,https://acnf.jp/program/file/presentation/7_Panelist_MEMR-IDN.pdf|https://static1.squarespace.com/static/60b8dd7acb58186e05cb8387/t/63e31f41c84c7e0cbf1d4829/1675829057767/peta-ccus.jpg,2026-03-27,https://www.iea.org/data-and-statistics/data-product/ccus-projects-database,official_workbook,,unmatched-review
iea-2026-0761,Central Sumatera Basin CCUS hub,Indonesia,Other Asia Pacific,"Pertamina, Mitsui",Storage,concept,Planned,,CO2 T&S,CO2 storage,storage_injection_capacity,,,,2022,,2030,,Dedicated storage,Central Sumatera Basin CCUS hub,https://acnf.jp/program/file/presentation/7_Panelist_MEMR-IDN.pdf|https://static1.squarespace.com/static/60b8dd7acb58186e05cb8387/t/63e31f41c84c7e0cbf1d4829/1675829057767/peta-ccus.jpg|https://ekonomi.bisnis.com/read/20230814/44/1684866/gencarkan-ccus-pertamina-temukan-lokasi-penyimpanan-karbon-kapasitas-2-giga-ton|https://www.pertamina.com/en/pertamina.s-4-new-collaborations-to-create-future-energy,2026-03-27,https://www.iea.org/data-and-statistics/data-product/ccus-projects-database,official_workbook,,unmatched-review
iea-2026-0762,Sunda Asri Basin CCUS hub,Indonesia,Other Asia Pacific,"Pertamina, ExxonMobil",Storage,concept,Planned,,CO2 T&S,CO2 storage,storage_injection_capacity,,,,2022,,2030,,Dedicated storage,Sunda Asri Basin CCUS hub,https://acnf.jp/program/file/presentation/7_Panelist_MEMR-IDN.pdf|https://static1.squarespace.com/static/60b8dd7acb58186e05cb8387/t/63e31f41c84c7e0cbf1d4829/1675829057767/peta-ccus.jpg|https://www.pertamina.com/en/news-room/news-release/pertamina-cooperates-with-exxonmobil-to-study-ccus-technology-application-in-three-oil-and-gas-field-areas|https://www.pertamina.com/en/news-room/news-release/pertamina-exxonmobil-explores-carbon-capture-storage-hub-development,2026-03-27,https://www.iea.org/data-and-statistics/data-product/ccus-projects-database,official_workbook,,unmatched-review
iea-2026-0764,Gemah field EOR,Indonesia,Other Asia Pacific,"Petrochina (Daqing Petroleum Services), PT Gemilang Buana Utama",Storage,concept,Planned,1,CO2 T&S,CO2 storage,storage_injection_capacity,,,,2022,2026,2031,,EOR,,https://www.asiaccusnetwork-eria.org/blog-2-1/indonesia-reaches-an-initial-milestone-in-ccus|https://static1.squarespace.com/static/60b8dd7acb58186e05cb8387/t/63e31f41c84c7e0cbf1d4829/1675829057767/peta-ccus.jpg,2026-03-27,https://www.iea.org/data-and-statistics/data-product/ccus-projects-database,official_workbook,,unmatched-review
iea-2026-0765,Kutai Basin CCUS hub,Indonesia,Other Asia Pacific,Pertamina,Storage,concept,Planned,,CO2 T&S,CO2 storage,storage_injection_capacity,,,,2022,,2030,,Dedicated storage,Kutai Basin CCUS hub,https://www.pertamina.com/en/news-room/news-release/pertamina-air-liquide-agree-to-collaborate-in-developing-ccu-technology-at-the-balikpapan-refinery|https://static1.squarespace.com/static/60b8dd7acb58186e05cb8387/t/63e31f41c84c7e0cbf1d4829/1675829057767/peta-ccus.jpg,2026-03-27,https://www.iea.org/data-and-statistics/data-product/ccus-projects-database,official_workbook,,unmatched-review
iea-2026-0768,Peak cluster transport,United Kingdom,Europe,"Summit Energy Evolution Ltd (part of Sumitomo Corporation), Progressive Energy Ltd, Breedon group, Tarmac, Holcim and SigmaRoc",Transport,concept,Planned,,CO2 T&S,CO2 transport,transport_capacity,3.0,3.0,,2023,,2032,,Dedicated storage,The Peak Cluster,https://www.peakcluster.co.uk/wp-content/uploads/2023/05/17052023-World-first-project-to-create-net-zero-cement-cluster-in-Peak-District.pdf|https://www.breedongroup.com/content/dam/breedon/corporate/documents/media/news/2023/Breedon%20to%20play%20key%20role%20in%20securing%20a%20sustainable%20future%20in%20the%20Peak%20District.pdf.downloadasset.pdf|https://www.nationalwealthfund.org.uk/news/national-wealth-fund-invests-peak-cluster-secure-resilient-future-cement-and-lime,2026-03-27,https://www.iea.org/data-and-statistics/data-product/ccus-projects-database,official_workbook,,unmatched-review
iea-2026-0769,Trailblazer CO2 pipeline (NE)(WY),United States,North America,Tallgrass energy,Transport,operating,Operational,,CO2 T&S,CO2 transport,transport_capacity,10.0,10.0,,2022,2024,2025,,Dedicated storage,Trailblazer CO2 pipeline (NE-WY)/Eastern Wyoming Sequestration Hub (WY),https://ir.tallgrass.com/news-market-information/press-releases/press-release/2022/Tallgrass-to-Capture-and-Sequester-CO2-Emissions-From-ADM-Corn-Processing-Complex-in-Nebraska/default.aspx|https://pgjonline.com/news/2025/september/tallgrass-392-mile-trailblazer-pipeline-to-begin-co2-transport-from-nebraska-to-wyoming,2026-03-27,https://www.iea.org/data-and-statistics/data-product/ccus-projects-database,official_workbook,,unmatched-review
iea-2026-0770,Drax US BECCS plant 1,United States,North America,Drax,Capture,concept,Planned,,Power and heat,Power (bioenergy),capture_capacity,3.0,3.0,3.0,2023,2026,2030,,Dedicated storage,,https://www.drax.com/investors/progressing-global-beccs-opportunities/,2026-03-27,https://www.iea.org/data-and-statistics/data-product/ccus-projects-database,official_workbook,,unmatched-review
iea-2026-0771,Drax US BECCS plant 2,United States,North America,Drax,Capture,concept,Planned,,Power and heat,Power (bioenergy),capture_capacity,3.0,3.0,3.0,2023,2026,2030,,Dedicated storage,,https://www.drax.com/investors/progressing-global-beccs-opportunities/,2026-03-27,https://www.iea.org/data-and-statistics/data-product/ccus-projects-database,official_workbook,,unmatched-review
iea-2026-0772,STARFISH project (Havstjerne CO2 storage/Altera Stella Maris CCS Project Phase 1),Norway,Europe,"Altera (50%), Wintershall Dea (50%, Harbour Energy)",T&S,concept,Planned,1,CO2 T&S,CO2 T&S,storage_injection_capacity,4.275,4.275,,2020,,,,Dedicated storage,Altera Stella Maris CCS/ Havstjerne,https://www.globenewswire.com/news-release/2023/03/31/2638405/0/en/Altera-Infrastructure-and-Wintershall-Dea-Awarded-License-to-Develop-CO2-Storage-on-Norwegian-Continental-Shelf.html|https://alterainfra.com/articles/ccs-project-starfish-awarded-eur-225-million-from-eu-innovation-fund,2026-03-27,https://www.iea.org/data-and-statistics/data-product/ccus-projects-database,official_workbook,,unmatched-review
iea-2026-0773,Ferrybridge EfW,United Kingdom,Europe,"Enfinium, Navigator CO2, Bechtel (feasibility)",Capture,concept,Planned,1,Power and heat,Power and heat (waste),capture_capacity,1.2,1.2,0.6,2023,,2030,,Dedicated storage,Northern Endurance Partnership,https://enfinium.co.uk/uks-first-train-to-zero-carbon-capture-rail-link-set-to-decarbonise-yorkshire-energy-facility-through-connection-to-teesside-terminal/|https://enfinium.co.uk/enfinium-announces-plans-for-up-to-800m-investment-in-carbon-capture-project/|https://enfinium.co.uk/enfinium-proposal-to-decarbonise-largest-energy-from-waste-site-in-uk-designated-as-nationally-significant-by-uk-government/,2026-03-27,https://www.iea.org/data-and-statistics/data-product/ccus-projects-database,official_workbook,,unmatched-review
iea-2026-0774,Navigator Terminal train,United Kingdom,Europe,"Enfinium, Navigator CO2, Bechtel (feasibility)",Transport,concept,Planned,,CO2 T&S,CO2 transport,transport_capacity,,,,2023,,,,Dedicated storage,Northern Endurance Partnership,https://enfinium.co.uk/uks-first-train-to-zero-carbon-capture-rail-link-set-to-decarbonise-yorkshire-energy-facility-through-connection-to-teesside-terminal/,2026-03-27,https://www.iea.org/data-and-statistics/data-product/ccus-projects-database,official_workbook,,unmatched-review
iea-2026-0775,Poseidon CO2 storage,Norway,Europe,"Aker BP (50%), OMV AS (50%)",Storage,concept,Planned,,CO2 T&S,CO2 storage,storage_injection_capacity,5.0,5.0,,2023,2026,,,Dedicated storage,Poseidon CO2 storage,https://akerbp.com/en/borsmelding/aker-bp-and-omv-awarded-licence-for-co2-storage-2/|https://www.ogj.com/energy-transition/article/14297727/perenco-granted-storage-license-for-ukcs-poseidon-ccs-project|https://akerhorizons.com/what-we-do/aukra/,2026-03-27,https://www.iea.org/data-and-statistics/data-product/ccus-projects-database,official_workbook,,unmatched-review
iea-2026-0777,Joint study CCS value chain Japan Malaysia steel,Japan-Malaysia,Japan and Other Asia Pacific,"Japan Petroleum Exploration Co., Ltd. (JAPEX), JGC Holdings Corporation (JGC HD), Kawasaki Kisen Kaisha, Ltd. (“K” LINE), JFE Steel Corporation, Petronas",Capture,concept,Planned,,Industry,Iron and steel,capture_capacity,,,,2022,,,,Dedicated storage,M3 CCS Project/Eastern CCS Hub project,https://www.japex.co.jp/en/news/detail/20220530_02/|https://www.kline.co.jp/en/news/carbon-neutral/carbon-neutral7943232713056097109/main/0/link/220729EN.pdf|https://www.japex.co.jp/en/news/detail/20230619_01/|https://www.japex.co.jp/en/news/detail/20240913_01/,2026-03-27,https://www.iea.org/data-and-statistics/data-product/ccus-projects-database,official_workbook,,unmatched-review
iea-2026-0779,Fortum waste solutions Nyborg,Denmark,Europe,"Fortum waste solutions, Aker Carbon Capture (feasibility)",Capture,concept,Planned,,Power and heat,Power and heat (waste),capture_capacity,0.17,0.17,0.085,2023,,,,Dedicated storage,,https://akercarboncapture.com/?cision_id=2F2C1FEABAAA8402,2026-03-27,https://www.iea.org/data-and-statistics/data-product/ccus-projects-database,official_workbook,,unmatched-review
iea-2026-0784,Project Ruby (Rodby) phase 1,Denmark,Europe,"CarbonCuts, bluenord (funding)",Storage,concept,Planned,1,CO2 T&S,CO2 storage,storage_injection_capacity,1.0,1.0,,2022,2026,2030,,Dedicated storage,,https://ens.dk/sites/ens.dk/files/CCS/nsbtf_strategic_plan_updated_16.3_final_002.pdf|https://www.carboncuts.dk/ruby-projektet,2026-03-27,https://www.iea.org/data-and-statistics/data-product/ccus-projects-database,official_workbook,,unmatched-review
iea-2026-0785,Project Ruby (Rodby) phase 2,Denmark,Europe,"CarbonCuts, bluenord (funding)",Storage,concept,Planned,2,CO2 T&S,CO2 storage,storage_injection_capacity,6.5,4.0,,2022,,,,Dedicated storage,,https://ens.dk/sites/ens.dk/files/CCS/nsbtf_strategic_plan_updated_16.3_final_002.pdf|https://www.carboncuts.dk/ruby-projektet,2026-03-27,https://www.iea.org/data-and-statistics/data-product/ccus-projects-database,official_workbook,,unmatched-review
iea-2026-0786,Stenlille project (CO2RYLUS),Denmark,Europe,Gas Storage Denmark,Storage,concept,Planned,,CO2 T&S,CO2 storage,storage_injection_capacity,0.5,0.5,,2022,,,,Dedicated storage,,https://ens.dk/sites/ens.dk/files/CCS/nsbtf_strategic_plan_updated_16.3_final_002.pdf|https://www.businesswire.com/news/home/20230712819960/en/Gas-Storage-Denmark-Call-for-Interest|https://carbonherald.com/carbon-capture-scotland-secures-pioneering-european-storage-project/|https://www.worldcement.com/europe-cis/08072025/holcim-uk-welcomes-national-investment-in-peak-cluster-ccs-project/,2026-03-27,https://www.iea.org/data-and-statistics/data-product/ccus-projects-database,official_workbook,,unmatched-review
iea-2026-0788,Yara Pilbara ammonia,Australia,Australia and New Zealand,"Yara, JERA",Capture,cancelled,Cancelled,,Fuel transformation,Hydrogen or ammonia,capture_capacity,,,,2021,,,2025,Dedicated storage,Angel CCS,https://www.yara.com/corporate-releases/yara-and-jera-plan-to-collaborate-on-clean-ammonia-to-decarbonize-power-production-in-japan/|https://www.woodside.com/docs/default-source/media-releases/angel-ccs-jv-and-yara-collaborate-on-carbon-capture-and-storage.pdf?sfvrsn=6465c43b_17|https://research.csiro.au/hyresource/yuri-renewable-hydrogen-to-ammonia-project/,2026-03-27,https://www.iea.org/data-and-statistics/data-product/ccus-projects-database,official_workbook,,unmatched-review
iea-2026-0789,WAH2 Clean Ammonia Project - phase 1,Australia,Australia and New Zealand,NH3 Clean Energy (formerly Hexagon Energy Materials ),Capture,concept,Planned,1,Fuel transformation,Hydrogen or ammonia,capture_capacity,0.25,0.25,,2022,,2028,,Unknown/unspecified,,https://fuelcellsworks.com/news/australia-hexagon-energy-materials-completes-wah2-low-carbon-hydrogen-scoping-study/|https://research.csiro.au/hyresource/wah2-clean-ammonia-project/,2026-03-27,https://www.iea.org/data-and-statistics/data-product/ccus-projects-database,official_workbook,,unmatched-review
iea-2026-0790,WAH2 Clean Ammonia Project - phase 2,Australia,Australia and New Zealand,Hexagon Energy Materials,Capture,concept,Planned,2,Fuel transformation,Hydrogen or ammonia,capture_capacity,0.55,0.55,,2022,,,,Unknown/unspecified,,https://hxgenergymaterials.com.au/wp-content/uploads/2022/03/Hexagons-West-Australian-Blue-Ammonia-Project.pdf|https://research.csiro.au/hyresource/wah2-clean-ammonia-project/,2026-03-27,https://www.iea.org/data-and-statistics/data-product/ccus-projects-database,official_workbook,,unmatched-review
iea-2026-0791,Pembina& Marubeni Hydrogen and Ammonia Complex (AB),Canada,North America,"Pembina Pipeline Corporation, Marubeni",Full chain,concept,Planned,,Fuel transformation,Hydrogen or ammonia,capture_capacity,1.575,,,2023,,2027,,Dedicated storage,Alberta Carbon Grid (ALB),https://www.businesswire.com/news/home/20230529005164/en/Pembina-Pipeline-Announces-Agreement-with-Marubeni-Corporation-to-Develop-a-Low-Carbon-Ammonia-Project-and-Outlines-Vision-for-Pembina-Low-Carbon-Complex,2026-03-27,https://www.iea.org/data-and-statistics/data-product/ccus-projects-database,official_workbook,,unmatched-review
iea-2026-0792,CarbonSAFE Eos (CO),United States,North America,"Colorado School of Mines, Carbon America, Los Alamos National Laboratory",Storage,concept,Planned,,CO2 T&S,CO2 storage,storage_injection_capacity,,,,2023,,,,Dedicated storage,CarbonSAFE Eos (CO),https://www.energy.gov/articles/biden-harris-administration-invests-251-million-expand-infrastructure-support-co2,2026-03-27,https://www.iea.org/data-and-statistics/data-product/ccus-projects-database,official_workbook,,unmatched-review
iea-2026-0793,Magnolia sequestration hub (Allen Parish) (LA),United States,North America,1PointFive (Occidental),T&S,concept,Planned,,CO2 T&S,CO2 T&S,storage_injection_capacity,4.0,4.0,,2020,,,,Dedicated storage,Magnolia sequestration hub,https://www.energy.gov/articles/biden-harris-administration-invests-251-million-expand-infrastructure-support-co2|https://www.energy.gov/fecm/project-selections-foa-2711-carbon-storage-validation-and-testing-round-1|https://netl.doe.gov/sites/default/files/netl-file/23CM_CTS28_Watson.pdf,2026-03-27,https://www.iea.org/data-and-statistics/data-product/ccus-projects-database,official_workbook,,unmatched-review
iea-2026-0794,Longleaf CCS (AL),United States,North America,"Tenaska, Southern States Energy Board",Storage,concept,Planned,,CO2 T&S,CO2 storage,storage_injection_capacity,2.6,2.6,,2023,2026,2029,,Dedicated storage,Longleaf CCS (AL),https://www.energy.gov/fecm/project-selections-foa-2711-carbon-storage-validation-and-testing-round-1|https://longleafccs.com/,2026-03-27,https://www.iea.org/data-and-statistics/data-product/ccus-projects-database,official_workbook,,unmatched-review
iea-2026-0795,Timberland Sequestration project (AL),United States,North America,"Timberlands Sequestration LLC, Alabama River Cellulose (ARC), Georgia Pacific LLC",Full chain,concept,Planned,,Industry,Pulp and paper,capture_capacity,2.0,2.0,2.0,2023,,,,Dedicated storage,Timberland Sequestration project,https://www.energy.gov/fecm/project-selections-foa-2711-carbon-storage-validation-and-testing-round-1,2026-03-27,https://www.iea.org/data-and-statistics/data-product/ccus-projects-database,official_workbook,,unmatched-review
iea-2026-0796,Illinois Basin West CarbonSAFE (IL),United States,North America,University of Illinois,Storage,concept,Planned,,CO2 T&S,CO2 storage,storage_injection_capacity,1.67,1.67,,2023,,,,Dedicated storage,Illinois Basin West CarbonSAFE (IL),https://www.energy.gov/fecm/project-selections-foa-2711-carbon-storage-validation-and-testing-round-1,2026-03-27,https://www.iea.org/data-and-statistics/data-product/ccus-projects-database,official_workbook,,unmatched-review
iea-2026-0797,Sweetwater Carbon Storage Hub (SCS Hub) (WY),United States,North America,University of Wyoming’s School of Energy Resources (SER); Frontier Infrastructure Holdings,Storage,concept,Planned,,CO2 T&S,CO2 storage,storage_injection_capacity,1.27,1.27,,2023,,,,Dedicated storage,Sweetwater Carbon Storage Hub (WY),https://www.energy.gov/fecm/project-selections-foa-2711-carbon-storage-validation-and-testing-round-1|https://www.hartenergy.com/exclusives/frontier-receives-federal-funds-develop-carbon-storage-hub-205639|https://frontierccus.com/news/baker-hughes-frontier-infrastructure-announce-partnership-to-accelerate-development-of-carbon-capture-and-storage-data-center-projects-in-the-u-s|https://uwenergyreview.wordpress.com/2025/05/05/sweetwater-carbon-storage-hub-project-completes-first-deep-characterization-well/,2026-03-27,https://www.iea.org/data-and-statistics/data-product/ccus-projects-database,official_workbook,,unmatched-review
iea-2026-0798,Project WyoTCH pipeline (WY),United States,North America,"Carbon Solutions LLC, Enhanced Oil Recovery Institute of University of Wyoming",Transport,concept,Planned,,CO2 T&S,CO2 transport,transport_capacity,120.0,120.0,,2023,,,,Unknown/unspecified,Wyoming Trails Carbon Hub,https://www.uwyo.edu/news/2023/06/uws-eori-to-co-lead-3m-doe-funded-co2-pipeline-study.html,2026-03-27,https://www.iea.org/data-and-statistics/data-product/ccus-projects-database,official_workbook,,unmatched-review
iea-2026-0799,Port of Corpus Christi-Mississippi pipeline (TX),United States,North America,Howard Midstream Energy Partners LLC,Transport,concept,Planned,,CO2 T&S,CO2 transport,transport_capacity,250.0,250.0,,2023,,,,Unknown/unspecified,Port of Corpus Christi-Mississippi pipeline,,2026-03-27,https://www.iea.org/data-and-statistics/data-product/ccus-projects-database,official_workbook,,unmatched-review
iea-2026-0800,Houston-Galveston pipeline (TX),United States,North America,Southern States Energy Board,Transport,cancelled,Cancelled,,CO2 T&S,CO2 transport,transport_capacity,8.0,8.0,,2023,,,,Unknown/unspecified,Houston-Galveston pipeline,,2026-03-27,https://www.iea.org/data-and-statistics/data-product/ccus-projects-database,official_workbook,,unmatched-review
iea-2026-0802,Nihon Shipyard Mistubishi Shipbuilding JV LCO2 carrier,Japan,Other Asia Pacific,"Mitsubishi Shipbuilding (Mitsubishi Heavy Industries (Mistubishi Heavy Industries)) Group,Nihon Shipyard Co.",Transport,concept,Planned,,CO2 T&S,CO2 transport,transport_capacity,,,,2023,,2027,,Unknown/unspecified,,https://www.mhi.com/news/23052201.html,2026-03-27,https://www.iea.org/data-and-statistics/data-product/ccus-projects-database,official_workbook,,unmatched-review
iea-2026-0803,Removr Carbfix Polar plant phase 2,Iceland,Europe,"Removr (Greencap 40%, Vanir Green Industries 60%), Carbfix",Full chain,concept,Planned,2,DAC,Direct Air Capture,capture_capacity,0.05,0.05,0.05,2023,,2028,,Dedicated storage,,https://www.removr.no/news/removr-partners-with-carbfix-100000t-plant-iceland,2026-03-27,https://www.iea.org/data-and-statistics/data-product/ccus-projects-database,official_workbook,,unmatched-review
iea-2026-0804,RWE CCGT Stallingborough,United Kingdom,Europe,RWE,Capture,concept,Planned,,Power and heat,Power (gas),capture_capacity,1.87,1.87,,2024,,2035,,Dedicated storage,Viking CCS,https://www.rwe.com/en/press/rwe-generation/2023-05-23-rwe-announces-development-proposals-for-three-new-carbon-capture-projects-across-the-uk/,2026-03-27,https://www.iea.org/data-and-statistics/data-product/ccus-projects-database,official_workbook,,unmatched-review
iea-2026-0805,Nucor Steel Convent plant (LA),United States,North America,"Nucor, ExxonMobil, Technip (E&P), Turner Induestries (Construction)",Capture,concept,Planned,,Industry,Iron and steel,capture_capacity,0.8,0.8,,2023,,2028,,Dedicated storage,ExxonMobil Ascension Parish storage (TX),https://corporate.exxonmobil.com/news/news-releases/2023/0601_lcs-nucor-agreement|https://nucor.com/news-release/19816|https://www.ten.com/en/media/press-releases/technip-energies-and-turner-industries-awarded-contract-exxonmobil-louisiana,2026-03-27,https://www.iea.org/data-and-statistics/data-product/ccus-projects-database,official_workbook,,unmatched-review
iea-2026-0806,ExxonMobil Vermilion parish storage: Pecan island (LA),United States,North America,ExxonMobil,Storage,concept,Planned,,CO2 T&S,CO2 storage,storage_injection_capacity,5.0,5.0,,2022,,2027,,Dedicated storage,ExxonMobil Vermilion parish storage: Pecan island (LA),https://sustainability.enlink.com/carbon-solutions/|https://corporate.exxonmobil.com/news/newsroom/news-releases/2022/1012_landmark-emissions-reduction-project-in-louisiana-announced|https://corporate.exxonmobil.com/news/news-releases/2023/0601_lcs-nucor-agreement,2026-03-27,https://www.iea.org/data-and-statistics/data-product/ccus-projects-database,official_workbook,,unmatched-review
iea-2026-0809,Aluminium Dunkerque feasibility study,France,Europe,"EDF, Aluminium Dunkerque, Trimet, Rio Tinto, Fives",Capture,concept,Planned,,Industry,Aluminium,capture_capacity,0.24,0.24,,2021,,2030,,Unknown/unspecified,,https://papers.ssrn.com/sol3/papers.cfm?abstract_id=4271839|https://www.usinenouvelle.com/article/nous-lancons-un-projet-de-capture-de-co2-pour-l-aluminium-primaire-annonce-guillaume-de-goys-president-d-aluminium-france.N1049874,2026-03-27,https://www.iea.org/data-and-statistics/data-product/ccus-projects-database,official_workbook,,unmatched-review
iea-2026-0810,Metropolitan Area CCS (capture sources under evaluation),Japan,Other Asia Pacific,"INPEX Corporation, Nippon Steel Corporation, Kanto Natural Gas Development Co., Ltd.",T&S,concept,Planned,,CO2 T&S,CO2 T&S,storage_injection_capacity,1.0,1.0,,2023,,2030,,Dedicated storage,Metropolitan Area CCS,https://www.meti.go.jp/english/press/2023/0613_001.html|https://www.argusmedia.com/en//news/2458762-japan-to-fund-seven-projects-to-advance-ccs-strategy|https://www.inpex.com/english/business/project/metropolitan-ccs.html,2026-03-27,https://www.iea.org/data-and-statistics/data-product/ccus-projects-database,official_workbook,,unmatched-review
iea-2026-0811,Offshore Western Kyushu CCS,Japan,Other Asia Pacific,"ENEOS Corporation, JX Nippon Oil & Gas Exploration Corporation, Electric Power Development Co.,Ltd. (J-POWER), West Japan Carbon dioxide Storage Survey Co., Ltd.,",T&S,concept,Planned,,CO2 T&S,CO2 T&S,storage_injection_capacity,1.7,1.7,,2023,2026,2030,,Dedicated storage,Offshore Western Kyushu CCS,https://www.meti.go.jp/english/press/2023/0613_001.html|https://www.meti.go.jp/english/press/2024/0628_005.html|https://www.jpower.co.jp/english/news_release/pdf/news241015_2e.pdf,2026-03-27,https://www.iea.org/data-and-statistics/data-product/ccus-projects-database,official_workbook,,unmatched-review
iea-2026-0812,Offshore Malay CCS (capture sources under evaluation),Japan-Malaysia,Japan and Other Asia Pacific,"Mitsui, TotalEnergies, PETRONAS",T&S,concept,Planned,,CO2 T&S,CO2 T&S,storage_injection_capacity,5.0,5.0,,2023,,2030,,Dedicated storage,Offshore Malay CCS,https://www.meti.go.jp/english/press/2023/0613_001.html|https://totalenergies.com/media/news/press-releases/totalenergies-partners-petronas-and-mitsui-carbon-storage-hub-malaysia|https://www.petronas.com/media/media-releases/petronas-ccs-ventures-sdn-bhd-receives-malaysias-first-offshore-assessment,2026-03-27,https://www.iea.org/data-and-statistics/data-product/ccus-projects-database,official_workbook,,unmatched-review
iea-2026-0813,CEIC-CNPC CCUS-EOR demonstration (Ningxia) Phase 1,People's Republic of China,Other Asia Pacific,"CEIC, CNPC",Full chain,operating,Operational,1,Fuel transformation,Coal-to-liquids,capture_capacity,0.4,0.4,,2023,2023,2024,,EOR,,https://sandpipercomms.com/environmental-social-and-governance-esg/carbon-capture-utilisation-and-storage-in-china/|https://www.ceic.com/gjnyjtwwEn/xwzx/202409/38418adcecf34ea0873902b0ace0955a.shtml,2026-03-27,https://www.iea.org/data-and-statistics/data-product/ccus-projects-database,official_workbook,,unmatched-review
iea-2026-0814,Aemetis CCS (CA),United States,North America,Aemetis Carbon Capture (Aemetis),Storage,concept,Planned,,CO2 T&S,CO2 storage,storage_injection_capacity,1.4,1.4,,2021,,2028,,Dedicated storage,Aemetis CCS,https://www.aemetis.com/products/carbon-capture/|https://www.aemetis.com/aemetis-awarded-the-first-co2-sequestration-characterization-well-permit-issued-by-the-state-of-california/,2026-03-27,https://www.iea.org/data-and-statistics/data-product/ccus-projects-database,official_workbook,,unmatched-review
iea-2026-0815,Pelican sequestration hub (Livingston Parish) (LA),United States,North America,1PointFive (Occidental),Storage,construction,Under construction,,CO2 T&S,CO2 storage,storage_injection_capacity,6.0,6.0,,2022,2025,2029,,Dedicated storage,EnLink midstream network/ Pelican sequestration hub,https://www.oxy.com/news/news-releases/enlink-midstream-and-oxy-low-carbon-ventures-sign-letter-of-intent-for-mississippi-river-co2-transportation-services-agreement/|https://www.1pointfive.com/livingston|https://www.1pointfive.com/news/1pointfive-signs-25-year-sequestration-agreement-with-cf-industries,2026-03-27,https://www.iea.org/data-and-statistics/data-product/ccus-projects-database,official_workbook,,unmatched-review
iea-2026-0816,ADM Decatur Campus CO2 Storage Site Expansion (IL),United States,North America,ADM,T&S,concept,Planned,2,CO2 T&S,CO2 T&S,storage_injection_capacity,2.95,2.95,,2022,,2028,,Dedicated storage,ADM Decatur Campus CO2 Storage Site Expansion (IL),,2026-03-27,https://www.iea.org/data-and-statistics/data-product/ccus-projects-database,official_workbook,,unmatched-review
iea-2026-0818,Hydrogen to Humber (H2H) Saltend phase 2,United Kingdom,Europe,Equinor,Capture,concept,Planned,2,Fuel transformation,Hydrogen or ammonia,capture_capacity,1.0,1.0,,2020,,,,Dedicated storage,Northern Endurance Partnership,,2026-03-27,https://www.iea.org/data-and-statistics/data-product/ccus-projects-database,official_workbook,,unmatched-review
iea-2026-0819,H2-gateway,Netherlands,Europe,"NHN, Gasterra, Gasunie, Port den Helder",Full chain,concept,Planned,,Fuel transformation,Hydrogen or ammonia,capture_capacity,1.8,,,2020,,2030,,Dedicated storage,,https://topsectorenergie.nl/documents/99/TKI_Nieuw_Gas-Overview_Hydrogen_projects_in_the_Netherlands_-_version_-_220627.pdf|https://www.porttechnology.org/news/port-of-amsterdam-unveils-blue-hydrogen-plant-plan/,2026-03-27,https://www.iea.org/data-and-statistics/data-product/ccus-projects-database,official_workbook,,unmatched-review
iea-2026-0820,Eleusis oil refinery (Elefsina),Greece,Europe,HELLENiQ ENERGY - Helpe,Capture,concept,Planned,,Fuel transformation,Refining,capture_capacity,0.6,0.6,,2021,,2030,,Unknown/unspecified,Prinos CO2 storage,https://www.helleniqenergy.gr/sites/default/files/2023-03/EN_HELPE_AR_2022_PREVIEW.pdf|https://energynews.biz/greeces-leading-oil-refiner-helleniq-energy-forges-path-to-green-hydrogen-investment/,2026-03-27,https://www.iea.org/data-and-statistics/data-product/ccus-projects-database,official_workbook,,unmatched-review
iea-2026-0826,Yara-BASF Gulf Coast,United States,North America,"Yara, BASF",Capture,cancelled,Cancelled,,Fuel transformation,Hydrogen or ammonia,capture_capacity,2.1,,,2023,,2028,2025,Unknown/unspecified,,https://www.basf.com/global/en/media/news-releases/2023/06/p-23-255.html|https://www.basf.com/global/en/media/news-releases/2025/08/p-25-164,2026-03-27,https://www.iea.org/data-and-statistics/data-product/ccus-projects-database,official_workbook,,unmatched-review
iea-2026-0829,"Mote biomass-to-hydrogen plant, 2nd facility (CA)",United States,North America,Mote,Capture,concept,Planned,,Fuel transformation,Hydrogen or ammonia,capture_capacity,0.45,0.45,0.45,2023,,,,Dedicated storage,,https://www.businesswire.com/news/home/20230810509160/en/Mote-Kicks-Off-Second-Biomass-to-Hydrogen-Project-in-Northern-California,2026-03-27,https://www.iea.org/data-and-statistics/data-product/ccus-projects-database,official_workbook,,unmatched-review
iea-2026-0830,Babcock & Wilcox’s (LA),United States,North America,"Babcock & Wilcox’s, CGI Gases (CO2 offtaker, transport), General Hydrogen (H2 offtaker)",Capture,concept,Planned,,Fuel transformation,Hydrogen or ammonia,capture_capacity,,,,2023,,,,Unknown/unspecified,,https://www.power-eng.com/hydrogen/hydrogen-co2-to-be-produced-at-babcock-wilcox-biomass-fueled-plant/#gref,2026-03-27,https://www.iea.org/data-and-statistics/data-product/ccus-projects-database,official_workbook,,unmatched-review
iea-2026-0831,Alberta Carbon Trunk Line (ACTL) - Edmonton Connector Phase 2 (AB),Canada,North America,Wolf Midstream,T&S,construction,Under construction,2,CO2 T&S,CO2 T&S,storage_injection_capacity,7.0,7.0,,2023,2023,2026,,Dedicated storage,Alberta Carbon Trunk Line (ACTL),https://www.newswire.ca/news-releases/wolf-midstream-to-extend-alberta-carbon-trunk-line-into-the-edmonton-region-enabling-large-scale-emissions-reduction-872102700.html|https://gaspathways.com/wolf-midstream-to-extend-alberta-co2-pipeline-2209|https://wolfmidstream.com/wolf-midstream-to-extend-alberta-carbon-trunk-line-into-the-edmonton-region-enabling-large-scale-emissions-reduction/,2026-03-27,https://www.iea.org/data-and-statistics/data-product/ccus-projects-database,official_workbook,,unmatched-review
iea-2026-0835,Midland Basin project: Dusek CCS (TX),United States,North America,"Milestone carbon (Milestone Envrionmental services), Texas Pacific Land Corporation",Storage,concept,Planned,,CO2 T&S,CO2 storage,storage_injection_capacity,,,,2023,,,,Dedicated storage,Midland Basin project (TX),https://www.milestone-es.com/About-Us/News-and-Events/Milestone-Carbon-Announces-Development-of-Carbon-Sequestration-Hub-in-Midland-Basin/,2026-03-27,https://www.iea.org/data-and-statistics/data-product/ccus-projects-database,official_workbook,,unmatched-review
iea-2026-0836,Carbon reduced Ammonia plant St Rose (LA),United States,North America,St. Charles Clean Fuels (Copenhagen Infrastructure Partners and Sustainable Fuels Group),Full chain,concept,Planned,,Fuel transformation,Hydrogen or ammonia,capture_capacity,,,,2023,,2027,,Unknown/unspecified,,https://www.opportunitylouisiana.gov/led-news/news-releases/news/2023/04/19/st.-charles-clean-fuels-proposes-$4.6-billion-reduced-carbon-ammonia-facility-in-st.-rose|https://www.fugro.com/news/business-news/2023/fugro-provides-geotechnical-expertise-for-clean-fuel-project-in-louisiana,2026-03-27,https://www.iea.org/data-and-statistics/data-product/ccus-projects-database,official_workbook,,unmatched-review
iea-2026-0837,Stryde CO2 storage assessment Brazil,Brazil,Central and South America,"Stryde, bioethanol producers (XX)",Storage,concept,Planned,,CO2 T&S,CO2 storage,storage_injection_capacity,,,,2023,,,,Dedicated storage,,https://strydefurther.com/news/first-large-scale-onshore-nodal-ccs-exploration-projects-in-brazil-commence,2026-03-27,https://www.iea.org/data-and-statistics/data-product/ccus-projects-database,official_workbook,,unmatched-review
iea-2026-0838,Great Carbon Valley DAC,Kenya,Africa,"Climeworks, Great Carbon Valley",Full chain,concept,Planned,,DAC,Direct Air Capture,capture_capacity,1.0,1.0,,2023,,2028,,Dedicated storage,,https://climeworks.com/news/climeworks-and-great-carbon-valley-chart-path-to-large-scale-dac,2026-03-27,https://www.iea.org/data-and-statistics/data-product/ccus-projects-database,official_workbook,,unmatched-review
iea-2026-0839,Libra (LA),United States,North America,"Lapis Energy (50% permitting process pre-FID), ExxonMobil (formerly Denbury carbon solutions) (50%; operatorship managing construction)",Storage,concept,Planned,,CO2 T&S,CO2 storage,storage_injection_capacity,10.0,5.0,,2023,,2028,,Unknown/unspecified,,https://carbonherald.com/lapis-energy-and-denbury-collaborate-on-carbon-sequestration-project/,2026-03-27,https://www.iea.org/data-and-statistics/data-product/ccus-projects-database,official_workbook,,unmatched-review
iea-2026-0840,Mountaineer Gigasystem (WV) Phase 1,United States,North America,"Fidelis new energy, State of West Virginia, MCDA, West Virginia University, West Virginia DNR,WVGES, Babcock & Wilcox, Topsoe, Battelle Carbon Services (Storage)",Capture,concept,Planned,1,Fuel transformation,Hydrogen or ammonia,capture_capacity,1.7,,,2023,,2028,,Dedicated storage,"CO2NNECTION Central Appalachian Basin hub/Appalachian basin storage MoU (OH, PA, WV)",https://www.prnewswire.com/news-releases/fidelis-new-energy-selects-battelle-carbon-services-as-its-subsurface-contractor-for-carbon-capture-and-sequestration-in-support-of-the-mountaineer-gigasystem-hydrogen-project-in-west-virginia-301916588.html|https://governor.wv.gov/News/press-releases/2023/Pages/Gov.-Justice-announces-Fidelis-New-Energy-to-build-hydrogen-project-and-data-center-campus-in-Mason-County.aspx,2026-03-27,https://www.iea.org/data-and-statistics/data-product/ccus-projects-database,official_workbook,,unmatched-review
iea-2026-0841,Equinor Smeaheia storage phase 1 (start up phase),Norway,Europe,Equinor Low Carbon Solutions (100%),T&S,concept,Planned,1,CO2 T&S,CO2 T&S,storage_injection_capacity,5.0,5.0,,2022,2026,2032,,Dedicated storage,Wilhelmshaven/Smeahia,https://www.equinor.com/energy/smeaheia,2026-03-27,https://www.iea.org/data-and-statistics/data-product/ccus-projects-database,official_workbook,,unmatched-review
iea-2026-0845,UK Poseidon CCS project phase 1,United Kingdom,Europe,"Prenco UK (operator), Carbon Catalyst Ltd, Wintershall dea (10% of carbon catalyst license, Harbour Energy)",Storage,concept,Planned,1,CO2 T&S,CO2 storage,storage_injection_capacity,1.5,1.5,,2023,2026,2029,,Dedicated storage,UKCS Poseidon CCS project,https://www.ogj.com/energy-transition/article/14297727/perenco-granted-storage-license-for-ukcs-poseidon-ccs-project|https://www.nstauthority.co.uk/news-publications/news/2023/net-zero-boost-as-carbon-storage-licences-accepted/|https://wintershalldea.com/en/newsroom/pi-23-39|https://carbonherald.com/perenco-carbon-catalyst-prepare-for-uks-first-co2-injection-test-at-leman-gas-fields/,2026-03-27,https://www.iea.org/data-and-statistics/data-product/ccus-projects-database,official_workbook,,unmatched-review
iea-2026-0846,UK Poseidon CCS project phase 2,United Kingdom,Europe,"Prenco UK (operator), Carbon Catalyst Ltd, Wintershall dea (10% of carbon catalyst license, Harbour Energy)",Storage,concept,Planned,2,CO2 T&S,CO2 storage,storage_injection_capacity,8.5,8.5,,2023,2026,2032,,Dedicated storage,UKCS Poseidon CCS project,https://www.nstauthority.co.uk/news-publications/news/2023/net-zero-boost-as-carbon-storage-licences-accepted/|https://wintershalldea.com/en/newsroom/pi-23-39,2026-03-27,https://www.iea.org/data-and-statistics/data-product/ccus-projects-database,official_workbook,,unmatched-review
iea-2026-0847,UK Poseidon CCS project phase 3,United Kingdom,Europe,"Prenco UK (operator), Carbon Catalyst Ltd, Wintershall dea (10% of carbon catalyst license, Harbour Energy)",Storage,concept,Planned,3,CO2 T&S,CO2 storage,storage_injection_capacity,30.0,30.0,,2023,2026,2035,,Dedicated storage,UKCS Poseidon CCS project,https://www.ogj.com/energy-transition/article/14297727/perenco-granted-storage-license-for-ukcs-poseidon-ccs-project|https://www.nstauthority.co.uk/news-publications/news/2023/net-zero-boost-as-carbon-storage-licences-accepted/|https://wintershalldea.com/en/newsroom/pi-23-39,2026-03-27,https://www.iea.org/data-and-statistics/data-product/ccus-projects-database,official_workbook,,unmatched-review
iea-2026-0849,Enquest CCS Project,United Kingdom,Europe,Enquest CCS Ltd,Storage,concept,Planned,,CO2 T&S,CO2 storage,storage_injection_capacity,10.0,10.0,,2023,,,,Dedicated storage,,https://www.enquest.com/media/press-releases/article/enquest-plc-awarded-offer-of-carbon-storage-licences|https://www.nstauthority.co.uk/news-publications/news/2023/net-zero-boost-as-carbon-storage-licences-accepted/,2026-03-27,https://www.iea.org/data-and-statistics/data-product/ccus-projects-database,official_workbook,,unmatched-review
iea-2026-0850,Orion CCS Project Phase 1,United Kingdom,Europe,"Prenco UK (licencee 80%), Carbon Catalyst Ltd (10%), Summit Energy Evolution Limited (Sumitomo) (10%)",Storage,concept,Planned,1,CO2 T&S,CO2 storage,storage_injection_capacity,1.0,1.0,,2023,2029,2031,,Dedicated storage,,https://www.offshore-energy.biz/perenco-and-carbon-catalyst-win-two-more-carbon-storage-licenses/|https://www.sumitomocorp.com/en/jp/news/topics/2023/group/20231117,2026-03-27,https://www.iea.org/data-and-statistics/data-product/ccus-projects-database,official_workbook,,unmatched-review
iea-2026-0851,Orion CCS Project Phase 2,United Kingdom,Europe,"Prenco UK (licencee 80%), Carbon Catalyst Ltd (10%), Summit Energy Evolution Limited (Sumitomo) (10%)",Storage,concept,Planned,2,CO2 T&S,CO2 storage,storage_injection_capacity,5.0,5.0,,2023,2029,,,Dedicated storage,,https://www.offshore-energy.biz/perenco-and-carbon-catalyst-win-two-more-carbon-storage-licenses/|https://www.sumitomocorp.com/en/jp/news/topics/2023/group/20231117,2026-03-27,https://www.iea.org/data-and-statistics/data-product/ccus-projects-database,official_workbook,,unmatched-review
iea-2026-0853,Tellus CCS - CS020 (Area 1),United Kingdom,Europe,"Eni CCUS Holding (Liverpool Bay CCS Ltd, Bacton CCS Ltd, Tellus CCS Ltd, and Eni Netherlands CCUS BV)",Storage,concept,Planned,,CO2 T&S,CO2 storage,storage_injection_capacity,10.0,4.0,,2023,2028,2030,,Dedicated storage,Tellus CCS,https://www.nstauthority.co.uk/news-publications/news/2023/net-zero-boost-as-carbon-storage-licences-accepted/,2026-03-27,https://www.iea.org/data-and-statistics/data-product/ccus-projects-database,official_workbook,,unmatched-review
iea-2026-0854,Tellus CCS - CS021 (Area 5),United Kingdom,Europe,"Eni CCUS Holding (Liverpool Bay CCS Ltd, Bacton CCS Ltd, Tellus CCS Ltd, and Eni Netherlands CCUS BV), Exxon",Storage,concept,Planned,,CO2 T&S,CO2 storage,storage_injection_capacity,6.0,4.0,,2023,2029,2033,,Dedicated storage,Tellus CCS,https://www.nstauthority.co.uk/news-publications/news/2023/net-zero-boost-as-carbon-storage-licences-accepted/,2026-03-27,https://www.iea.org/data-and-statistics/data-product/ccus-projects-database,official_workbook,,unmatched-review
iea-2026-0855,Tellus CCS - CS022 (Area 7),United Kingdom,Europe,"Eni CCUS Holding (Liverpool Bay CCS Ltd, Bacton CCS Ltd, Tellus CCS Ltd, and Eni Netherlands CCUS BV)",Storage,concept,Planned,,CO2 T&S,CO2 storage,storage_injection_capacity,6.0,4.0,,2023,2029,2033,,Dedicated storage,Tellus CCS,https://www.nstauthority.co.uk/news-publications/news/2023/net-zero-boost-as-carbon-storage-licences-accepted/,2026-03-27,https://www.iea.org/data-and-statistics/data-product/ccus-projects-database,official_workbook,,unmatched-review
iea-2026-0856,Humberside CCS with Shell and Esso,United Kingdom,Europe,"Shell (50%), Esso (ExxonMobil) (50%)",Storage,concept,Planned,,CO2 T&S,CO2 storage,storage_injection_capacity,,,,2023,,,,Dedicated storage,,https://www.nstauthority.co.uk/news-publications/news/2023/net-zero-boost-as-carbon-storage-licences-accepted/,2026-03-27,https://www.iea.org/data-and-statistics/data-product/ccus-projects-database,official_workbook,,unmatched-review
iea-2026-0857,Gas power CCUS MoU,Indonesia,Other Asia Pacific,"GE Vernova, CARBONCO, BP, PLN Nusantara (Jawa 1)",Capture,concept,Planned,,Power and heat,Power (gas),capture_capacity,,,,2023,,,,Dedicated storage,,https://www.ge.com/news/press-releases/ge-vernova-carbonco-bp-pln-nusantara-and-jawa-1-to-develop-ccus-value-chain,2026-03-27,https://www.iea.org/data-and-statistics/data-product/ccus-projects-database,official_workbook,,unmatched-review
iea-2026-0858,Nagoya port cluster (capture sources under evaluation),Japan-Indonesia,Other Asia Pacific,"BP, Chubu Electric",T&S,concept,Planned,,CO2 T&S,CO2 T&S,storage_injection_capacity,,,,2023,,,,Dedicated storage,Nagoya port cluster,https://www.chuden.co.jp/english/corporate/releases/pressreleases/1211821_5163.html|https://www.upstreamonline.com/carbon-capture/bp-progresses-tangguh-ccs-signs-broader-cooperation-with-chubu-electric/2-1-1696659?zephr_sso_ott=3B29gl,2026-03-27,https://www.iea.org/data-and-statistics/data-product/ccus-projects-database,official_workbook,,unmatched-review
iea-2026-0860,Tangguh CCUS hub (Vorwata),Indonesia,Other Asia Pacific,"Tangguh JV (BP (40%), CNOOC (14%), INPEX Corporation (8%), JOGMEC (12%), LNG Japan (7%), Misubishi Corporation (10%), Mitsui(2%), Nippon Oil Exp Berau (7%))",Storage,concept,Planned,2,CO2 T&S,CO2 storage,storage_injection_capacity,,,,2023,,,,Dedicated storage,Tangguh CCUS hub,https://www.chuden.co.jp/english/corporate/releases/pressreleases/1211821_5163.html,2026-03-27,https://www.iea.org/data-and-statistics/data-product/ccus-projects-database,official_workbook,id-tangguh-ucc,matched-exact
iea-2026-0863,Corpus Christi carbon storage hub (TX),United States,North America,"Repsol (operator), Carbonvert, MEPUSA (Mitsui E&P USA)",T&S,concept,Planned,,CO2 T&S,CO2 storage,storage_injection_capacity,20.0,5.0,,2023,,2030,,Dedicated storage,Corpus Christi carbon storage hub (TX),,2026-03-27,https://www.iea.org/data-and-statistics/data-product/ccus-projects-database,official_workbook,,unmatched-review
iea-2026-0864,Cameron Parish CO2 hub (LA),United States,North America,"CarbonVert, Castex (joint venture)",Storage,concept,Planned,,CO2 T&S,CO2 storage,storage_injection_capacity,,,,2023,,2027,,Dedicated storage,,,2026-03-27,https://www.iea.org/data-and-statistics/data-product/ccus-projects-database,official_workbook,,unmatched-review
iea-2026-0865,Orion (AL),United States,North America,ExxonMobil (formerly Denbury carbon solutions),Storage,cancelled,Cancelled,,CO2 T&S,CO2 storage,storage_injection_capacity,20.0,10.0,,2022,,2026,2024,Dedicated storage,,https://www.spglobal.com/commodityinsights/en/market-insights/latest-news/energy-transition/020822-oil-producer-denbury-plans-co2-storage-hub-in-southern-alabama|https://corporate.exxonmobil.com/what-we-do/delivering-industrial-solutions/carbon-capture-and-storage|https://s201.q4cdn.com/317576541/files/doc_presentations/2023/May/07/den-may-presentation-final.pdf,2026-03-27,https://www.iea.org/data-and-statistics/data-product/ccus-projects-database,official_workbook,,unmatched-review
iea-2026-0866,Leo (MS),United States,North America,ExxonMobil (formerly Denbury carbon solutions),Storage,concept,Planned,,CO2 T&S,CO2 storage,storage_injection_capacity,10.0,5.0,,2022,,2027,,Dedicated storage,Denbury NEJD Pipeline (MS-LA)/Leo (MS),https://www.businesswire.com/news/home/20221212005682/en/Denbury-and-Weyerhaeuser-Announce-Agreement-for-CO2-Sequestration-Site-in-Mississippi|https://www.denbury.com/operations/carbon-solutions/carbon-sequestration/|https://s201.q4cdn.com/317576541/files/doc_presentations/2023/May/07/den-may-presentation-final.pdf,2026-03-27,https://www.iea.org/data-and-statistics/data-product/ccus-projects-database,official_workbook,,unmatched-review
iea-2026-0867,Lorain CCS (OH),United States,North America,Lorain Carbon Zero Solutions,Storage,concept,Planned,,CO2 T&S,CO2 storage,storage_injection_capacity,,,,2021,,,,Dedicated storage,,https://www.epa.gov/system/files/documents/2023-01/Lorain_Testing_and_Monitoring_Plan.pdf,2026-03-27,https://www.iea.org/data-and-statistics/data-product/ccus-projects-database,official_workbook,,unmatched-review
iea-2026-0868,Linden (IN),United States,North America,Vault,Storage,concept,Planned,,CO2 T&S,CO2 storage,storage_injection_capacity,,,,2023,,,,Unknown/unspecified,,https://www.epa.gov/uic/current-class-vi-projects-under-review-epa,2026-03-27,https://www.iea.org/data-and-statistics/data-product/ccus-projects-database,official_workbook,,unmatched-review
iea-2026-0869,ADM Maroa/Forsyth CO2 Storage Site Development (IL),United States,North America,ADM,Storage,concept,Planned,,CO2 T&S,CO2 storage,storage_injection_capacity,3.3,3.3,,2023,,2028,,Unknown/unspecified,Maroa (IL),https://www.epa.gov/uic/current-class-vi-projects-under-review-epa,2026-03-27,https://www.iea.org/data-and-statistics/data-product/ccus-projects-database,official_workbook,,unmatched-review
iea-2026-0870,Heartland Greenway Storage (HGSS) NVC-1 (IL),United States,North America,Heartland Greenway Carbon Storage LLC (Navigator Carbon Ventures),Storage,concept,Planned,,CO2 T&S,CO2 storage,storage_injection_capacity,,,,2022,,,,Unknown/unspecified,,https://www.epa.gov/uic/current-class-vi-projects-under-review-epa,2026-03-27,https://www.iea.org/data-and-statistics/data-product/ccus-projects-database,official_workbook,,unmatched-review
iea-2026-0871,Heartland Greenway Storage: Vervain (IL),United States,North America,Heartland Greenway Carbon Storage LLC,Storage,cancelled,Cancelled,,CO2 T&S,CO2 storage,storage_injection_capacity,,,,2023,,,,Unknown/unspecified,,https://www.epa.gov/uic/current-class-vi-projects-under-review-epa,2026-03-27,https://www.iea.org/data-and-statistics/data-product/ccus-projects-database,official_workbook,,unmatched-review
iea-2026-0872,Heartland Greenway Storage: Compass (IL),United States,North America,Heartland Greenway Carbon Storage LLC,Storage,cancelled,Cancelled,,CO2 T&S,CO2 storage,storage_injection_capacity,,,,2023,,,,Unknown/unspecified,,https://www.epa.gov/uic/current-class-vi-projects-under-review-epa,2026-03-27,https://www.iea.org/data-and-statistics/data-product/ccus-projects-database,official_workbook,,unmatched-review
iea-2026-0873,Minerva (LA),United States,North America,Gulf Coast Sequestration,Storage,concept,Planned,,CO2 T&S,CO2 storage,storage_injection_capacity,,,,2022,,,,Unknown/unspecified,Gulf Coast Sequestration Hub(LA),https://www.epa.gov/uic/current-class-vi-projects-under-review-epa,2026-03-27,https://www.iea.org/data-and-statistics/data-product/ccus-projects-database,official_workbook,,unmatched-review
iea-2026-0874,Goose Lake (LA),United States,North America,Gulf Coast Sequestration,Storage,concept,Planned,,CO2 T&S,CO2 storage,storage_injection_capacity,,,,2022,,,,Unknown/unspecified,Gulf Coast Sequestration Hub(LA),https://www.epa.gov/uic/current-class-vi-projects-under-review-epa,2026-03-27,https://www.iea.org/data-and-statistics/data-product/ccus-projects-database,official_workbook,,unmatched-review
iea-2026-0875,LA CCS (LA),United States,North America,DT Midstream Holdings LLC,Storage,concept,Planned,,CO2 T&S,CO2 storage,storage_injection_capacity,1.0,1.0,,2022,,,,Unknown/unspecified,,https://ccusmap.com/markers/project-detail/la-ccs-project,2026-03-27,https://www.iea.org/data-and-statistics/data-product/ccus-projects-database,official_workbook,,unmatched-review
iea-2026-0876,El Camino (LA),United States,North America,"Shell US Power and Gas LLC, Geo Stock Sandia LLC",Storage,concept,Planned,,CO2 T&S,CO2 storage,storage_injection_capacity,1.5,1.5,,2022,,,,Unknown/unspecified,,https://ccusmap.com/markers/project-detail/el-camino,2026-03-27,https://www.iea.org/data-and-statistics/data-product/ccus-projects-database,official_workbook,,unmatched-review
iea-2026-0877,Orchard (TX),United States,North America,"Orchard Storage Company LLC, Elysian Ventures LLC, EnCap Flatrock Midstream, Buckeye Partners, Lonquist Sequestration",Storage,concept,Planned,,CO2 T&S,CO2 storage,storage_injection_capacity,1.0,1.0,,2022,,,,Unknown/unspecified,,https://ccusmap.com/markers/project-detail/orchard,2026-03-27,https://www.iea.org/data-and-statistics/data-product/ccus-projects-database,official_workbook,,unmatched-review
iea-2026-0878,River Parish Sequestration (LA),United States,North America,"River Parish Sequestration LLC, Blue Sky Infrastructure",T&S,concept,Planned,,CO2 T&S,CO2 T&S,storage_injection_capacity,5.867,5.867,,2023,,2027,,Dedicated storage,River Paris Sequestration (LA),https://ccusmap.com/markers/project-detail/river-parish-sequestration-project|https://blueskyinfrastructure.com/river-parish-sequestration/|https://blueskyinfrastructure.com/river-parish-sequestration/,2026-03-27,https://www.iea.org/data-and-statistics/data-product/ccus-projects-database,official_workbook,,unmatched-review
iea-2026-0879,Diamond Vault (LA),United States,North America,"Cleco Power LLC, Battelle, Sargebt abd Kybdy",Storage,concept,Planned,,CO2 T&S,CO2 storage,storage_injection_capacity,3.5,3.5,,2023,,,,Dedicated storage,,https://ccusmap.com/markers/project-detail/diamond-vault,2026-03-27,https://www.iea.org/data-and-statistics/data-product/ccus-projects-database,official_workbook,,unmatched-review
iea-2026-0880,Draco (LA),United States,North America,ExxonMobil (formerly Denbury carbon solutions),Storage,concept,Planned,,CO2 T&S,CO2 storage,storage_injection_capacity,5.0,5.0,,2022,,2027,,Unknown/unspecified,,https://ccusmap.com/markers/project-detail/denbury-draco|https://oilandgaswatch.org/facility/6887|https://www.denbury.com/operations/carbon-solutions/carbon-sequestration/|https://s201.q4cdn.com/317576541/files/doc_presentation/2023/02/DEN-March-Presentation-vFINAL.pdf,2026-03-27,https://www.iea.org/data-and-statistics/data-product/ccus-projects-database,official_workbook,,unmatched-review
iea-2026-0881,Aries (LA),United States,North America,ExxonMobil (formerly Denbury carbon solutions),Storage,concept,Planned,,CO2 T&S,CO2 storage,storage_injection_capacity,10.0,10.0,,2022,,2027,,Unknown/unspecified,,https://www.denbury.com/operations/carbon-solutions/carbon-sequestration/|https://s201.q4cdn.com/317576541/files/doc_presentation/2023/02/DEN-March-Presentation-vFINAL.pdf,2026-03-27,https://www.iea.org/data-and-statistics/data-product/ccus-projects-database,official_workbook,,unmatched-review
iea-2026-0883,Pegasus (LA),United States,North America,ExxonMobil (formerly Denbury carbon solutions),Storage,concept,Planned,,CO2 T&S,CO2 storage,storage_injection_capacity,10.0,10.0,,2022,,2028,,Unknown/unspecified,,https://www.denbury.com/operations/carbon-solutions/carbon-sequestration/|https://s201.q4cdn.com/317576541/files/doc_presentation/2023/02/DEN-March-Presentation-vFINAL.pdf,2026-03-27,https://www.iea.org/data-and-statistics/data-product/ccus-projects-database,official_workbook,,unmatched-review
iea-2026-0884,Dorado (TX),United States,North America,ExxonMobil (former Denbury Carbon Solutions),Storage,cancelled,Cancelled,,CO2 T&S,CO2 storage,storage_injection_capacity,5.0,5.0,,2022,,2026,,Dedicated storage,Dorado (TX),https://www.denbury.com/operations/carbon-solutions/carbon-sequestration/|https://s201.q4cdn.com/317576541/files/doc_presentation/2023/02/DEN-March-Presentation-vFINAL.pdf,2026-03-27,https://www.iea.org/data-and-statistics/data-product/ccus-projects-database,official_workbook,,unmatched-review
iea-2026-0885,Virgo (LA),United States,North America,ExxonMobil (formerly Denbury carbon solutions),Storage,concept,Planned,,CO2 T&S,CO2 storage,storage_injection_capacity,5.0,5.0,,2022,,2027,,Unknown/unspecified,,https://www.denbury.com/operations/carbon-solutions/carbon-sequestration/,2026-03-27,https://www.iea.org/data-and-statistics/data-product/ccus-projects-database,official_workbook,,unmatched-review
iea-2026-0886,Corvus (WY),United States,North America,ExxonMobil (formerly Denbury carbon solutions),Storage,concept,Planned,,CO2 T&S,CO2 storage,storage_injection_capacity,5.0,2.0,,2022,,,,Unknown/unspecified,Denbury Rock Mountains Hub (WY),https://www.denbury.com/operations/carbon-solutions/carbon-sequestration/,2026-03-27,https://www.iea.org/data-and-statistics/data-product/ccus-projects-database,official_workbook,,unmatched-review
iea-2026-0887,Cygnus (WY),United States,North America,ExxonMobil (formerly Denbury carbon solutions),Storage,concept,Planned,,CO2 T&S,CO2 storage,storage_injection_capacity,5.0,2.0,,2022,,2027,,Unknown/unspecified,Denbury Rock Mountains Hub (WY),https://www.denbury.com/operations/carbon-solutions/carbon-sequestration/,2026-03-27,https://www.iea.org/data-and-statistics/data-product/ccus-projects-database,official_workbook,,unmatched-review
iea-2026-0888,Harvest Bend CCS White Castle (LA),United States,North America,"Harvest Bend CCS LLC (Enlink Midsteram, Storegga)",Storage,concept,Planned,,CO2 T&S,CO2 storage,storage_injection_capacity,5.0,5.0,,2022,,,,Unknown/unspecified,Harvest Bend (LA),https://www.harvestbendla.com/,2026-03-27,https://www.iea.org/data-and-statistics/data-product/ccus-projects-database,official_workbook,,unmatched-review
iea-2026-0889,Osage CCS 1 (OK),United States,North America,CapturePoint LLC,Storage,concept,Planned,,CO2 T&S,CO2 storage,storage_injection_capacity,,,,2022,,,,Unknown/unspecified,Osage CCS 1 (OK),https://ccusmap.com/markers/project-detail/osage-ccs-1,2026-03-27,https://www.iea.org/data-and-statistics/data-product/ccus-projects-database,official_workbook,,unmatched-review
iea-2026-0890,San Joaquin Renewables BCCS (CA),United States,North America,Pelican Renewables LLC,Storage,concept,Planned,,CO2 T&S,CO2 storage,storage_injection_capacity,0.44,0.44,,2021,2026,2029,,Dedicated storage,,https://ccusmap.com/markers/project-detail/san-joaquin-renewables-bccs,2026-03-27,https://www.iea.org/data-and-statistics/data-product/ccus-projects-database,official_workbook,,unmatched-review
iea-2026-0892,Carbon TerraVault 2 (CA),United States,North America,Carbon TerraVault Holdings LLC,Storage,concept,Planned,,CO2 T&S,CO2 storage,storage_injection_capacity,,,,2022,2026,,,Dedicated storage,Carbon TerraVault 2,https://www.crc.com/carbon-terravault/projects/california-dac-hub/default.aspx,2026-03-27,https://www.iea.org/data-and-statistics/data-product/ccus-projects-database,official_workbook,,unmatched-review
iea-2026-0893,Carbon TerraVault 3 (CA),United States,North America,"Carbon TerraVault Holdings LLC, Colorado School of Mines",Storage,concept,Planned,,CO2 T&S,CO2 storage,storage_injection_capacity,0.37,0.37,,2022,2026,,,Dedicated storage,Carbon TerraVault 3,https://www.crc.com/carbon-terravault/projects/california-dac-hub/default.aspx,2026-03-27,https://www.iea.org/data-and-statistics/data-product/ccus-projects-database,official_workbook,,unmatched-review
iea-2026-0894,Carbon TerraVault 4 (CA),United States,North America,Carbon TerraVault Holdings LLC,Storage,concept,Planned,,CO2 T&S,CO2 storage,storage_injection_capacity,0.04,0.04,,2023,2026,,,Dedicated storage,Carbon TerraVault 4,https://www.crc.com/carbon-terravault/projects/california-dac-hub/default.aspx|https://www.crc.com/carbon-terravault/default.aspx,2026-03-27,https://www.iea.org/data-and-statistics/data-product/ccus-projects-database,official_workbook,,unmatched-review
iea-2026-0895,Carbon TerraVault 5 (CA),United States,North America,Carbon TerraVault Holdings LLC,Storage,concept,Planned,,CO2 T&S,CO2 storage,storage_injection_capacity,1.0,1.0,,2023,2026,,,Dedicated storage,Carbon TerraVault 5,https://www.crc.com/carbon-terravault/projects/california-dac-hub/default.aspx,2026-03-27,https://www.iea.org/data-and-statistics/data-product/ccus-projects-database,official_workbook,,unmatched-review
iea-2026-0896,CarbonFrontier (CA),United States,North America,Aera Energy LLC,Full chain,concept,Planned,,Fuel transformation,Oil and gas extraction,capture_capacity,1.6,1.6,,2023,,,,Dedicated storage,,https://www.aeraenergy.com/aera-announces-carbon-capture-and-storage-project-carbonfrontier/,2026-03-27,https://www.iea.org/data-and-statistics/data-product/ccus-projects-database,official_workbook,,unmatched-review
iea-2026-0897,Russel CO2 storage complex (KS),United States,North America,Purefield Carbon Capture LLC (Purefield ingredients),Full chain,concept,Planned,,Industry,Other industry,capture_capacity,1.0,1.0,1.0,2020,,,,Dedicated storage,,https://www.bakingbusiness.com/articles/55680-purefield-expansion-increases-wheat-protein-capacity-by-50,2026-03-27,https://www.iea.org/data-and-statistics/data-product/ccus-projects-database,official_workbook,,unmatched-review
iea-2026-0900,Pelican Rindge Tract CCS Project (CA),United States,North America,Pelican Renewables LLC,Full chain,concept,Planned,,Fuel transformation,Bioethanol,capture_capacity,2.0,2.0,2.0,2023,,,,Dedicated storage,,https://ccusmap.com/markers/project-detail/pelican-rindge-tract-ccs-project,2026-03-27,https://www.iea.org/data-and-statistics/data-product/ccus-projects-database,official_workbook,,unmatched-review
iea-2026-0901,Montezuma NorCal Carbon Hub (CA),United States,North America,"Montezuma Carbon LLC, University of Berkeley, Lawrence Berkeley National Lab",T&S,concept,Planned,,CO2 T&S,CO2 T&S,storage_injection_capacity,1.0,1.0,,2023,,,,Dedicated storage,,https://www.epa.gov/uic/uic-permits-epas-pacific-southwest-region-9|https://netl.doe.gov/coal/carbon-storage/atlas/westcarb/montezuma,2026-03-27,https://www.iea.org/data-and-statistics/data-product/ccus-projects-database,official_workbook,,unmatched-review
iea-2026-0902,Carbon TerraVault 1: Verde (CA),United States,North America,"California Resource Corporation (Carbon TerraVault), Verde Clean Fuels",Capture,concept,Planned,,Fuel transformation,Biodiesel,capture_capacity,0.1,0.1,0.1,2023,,,,Dedicated storage,Carbon TerraVault 1,https://www.crc.com/carbon-terravault/Vaults/default.aspx,2026-03-27,https://www.iea.org/data-and-statistics/data-product/ccus-projects-database,official_workbook,,unmatched-review
iea-2026-0903,Carbon TerraVault 1: InEnTec (CA),United States,North America,"California Resource Corporation (Carbon TerraVault), InEnTEc",Capture,concept,Planned,,Industry,Chemicals,capture_capacity,0.1,0.1,0.1,2023,,2027,,Dedicated storage,Carbon TerraVault 1,https://www.crc.com/carbon-terravault/Vaults/default.aspx|https://s202.q4cdn.com/682408967/files/doc_events/2024/Mar/18/crc-march-2024-presentation-final.pdf,2026-03-27,https://www.iea.org/data-and-statistics/data-product/ccus-projects-database,official_workbook,,unmatched-review
iea-2026-0904,Tranmere and Stanlow Terminal,United Kingdom,Europe,"Stanlow Terminals Limited (Essar Energy Transition), Spirit Energy, Progressive Energy",Transport,concept,Planned,,CO2 T&S,CO2 transport,transport_capacity,,,,2023,,,,Dedicated storage,"Tranmere terminal (transport), Morecambe Net Zero (storage)",https://www.stanlowterminals.co.uk/stanlow-terminals-and-eni-uk-sign-a-mou-to-develop-carbon-dioxide-transport-and-storage-projects/|https://www.stanlowterminals.co.uk/stanlow-terminals-awarded-liverpool-city-region-freeport-grant-to-advance-co%E2%82%82-terminal-development-into-pre-feed-phase/|https://www.stanlowterminals.co.uk/essar-energy-transition-spirit-energy-and-progressive-energy-join-forces-to-advance-co2-infrastructure/,2026-03-27,https://www.iea.org/data-and-statistics/data-product/ccus-projects-database,official_workbook,,unmatched-review
iea-2026-0905,Parc Adfer CCS,United Kingdom,Europe,Enfinium,Capture,concept,Planned,,Power and heat,Power and heat (waste),capture_capacity,0.235,0.235,0.118,2023,,,,Dedicated storage,,https://enfinium.co.uk/enfinium-and-eni-uk-sign-carbon-capture-and-storage-agreement-advancing-decarbonisation-efforts-in-north-wales/|https://enfinium.co.uk/enfinium-announces-proposal-for-200m-investment-in-carbon-capture-project-in-north-wales/|https://enfinium.co.uk/wp-content/uploads/2024/04/201029.04_Enfinium_Net-Zero-Report-AWK_SCREEN_AWK_4.pdf|https://parcadferccs.wales/en/|https://enfinium.co.uk/parc-adfer-carbon-capture-planning-application-submitted-to-flintshire-county-council/,2026-03-27,https://www.iea.org/data-and-statistics/data-product/ccus-projects-database,official_workbook,,unmatched-review
iea-2026-0906,Sharjah Hub,United Arab Emirates,Middle East,"Sharjah National Oil Corporation (SNOC), Sumitomo Middle East",T&S,concept,Planned,,CO2 T&S,CO2 T&S,storage_injection_capacity,,,,2023,,,,Dedicated storage,Sharjah Hub,https://www.nsenergybusiness.com/news/sumitomo-snoc-sign-mou-for-ccs-project-development-in-sharjah-uae/,2026-03-27,https://www.iea.org/data-and-statistics/data-product/ccus-projects-database,official_workbook,,unmatched-review
iea-2026-0907,The Bluestreak CO2 Joint Venture,United Kingdom,Europe,"Navigator Holdings (50%), Bumi Armada Berhad (50%)",T&S,concept,Planned,,CO2 T&S,CO2 T&S,storage_injection_capacity,30.0,30.0,,2023,,,,Dedicated storage,The Bluestreak CO2 Joint Venture,https://www.offshore-energy.biz/navigator-holdings-joins-hands-with-bumi-armada-on-co2-shipping-and-injection-jv/,2026-03-27,https://www.iea.org/data-and-statistics/data-product/ccus-projects-database,official_workbook,,unmatched-review
iea-2026-0909,Filer City Station plant (MI),United States,North America,"CMS Enterprises Co, Babcock & Wilcox (feasbility study), NorthStar Clean Energy, Tondu Corp",Full chain,concept,Planned,,Power and heat,Power (bioenergy),capture_capacity,,,,2023,,,,Unknown/unspecified,,https://www.babcock.com/home/about/corporate/news/babcock-and-wilcox-awarded-contract-to-study-bioenergy-with-carbon-capture-and-storage-beccs-conversion-for-coal-power-plant-in-michigan|https://biomassmagazine.com/articles/babcock-wilcox-signs-agreement-to-proceed-with-work-for-beccs-project-in-michigan,2026-03-27,https://www.iea.org/data-and-statistics/data-product/ccus-projects-database,official_workbook,,unmatched-review
iea-2026-0916,HyNet Hydrogen Production Project (HPP) Plant 2 (Hynet phase 2),United Kingdom,Europe,"EET Hydrogen (former Vertex Hydrogen, joint venture Essar Oil 90% and progressive energy 10%), ENKA",Capture,concept,Planned,2,Fuel transformation,Hydrogen or ammonia,capture_capacity,1.9,1.9,,2023,,2028,,Dedicated storage,Liverpool Bay CO2 storage (Hynet),https://www.kbr.com/en/insights-news/press-release/kbr-wins-blue-hydrogen-technology-and-engineering-contract-eet-hydrogen,2026-03-27,https://www.iea.org/data-and-statistics/data-product/ccus-projects-database,official_workbook,,unmatched-review
iea-2026-0917,Gismarvik CO2 hub,Norway,Europe,"Horisont Energi, EON",Transport,concept,Planned,,CO2 T&S,CO2 transport,transport_capacity,24.0,20.0,,2023,,2028,,Dedicated storage,Gismarvik CO2 hub/Errai project,,2026-03-27,https://www.iea.org/data-and-statistics/data-product/ccus-projects-database,official_workbook,,unmatched-review
iea-2026-0919,SK E&S Honeywell gas power plant,South Korea,Other Asia Pacific,"Honeywell, SK E&S",Capture,concept,Planned,,Power and heat,Power (gas),capture_capacity,,,,2023,,,,Unknown/unspecified,,https://carbonherald.com/honeywell-announces-carbon-capture-deal-with-south-koreas-sk-es/,2026-03-27,https://www.iea.org/data-and-statistics/data-product/ccus-projects-database,official_workbook,,unmatched-review
iea-2026-0920,Aker Carbon Capture mineral production (unknown facilities),United States,North America,"Aker Carbon Capture, unknown company",Capture,concept,Planned,,Industry,Cement,capture_capacity,1.5,1.5,,2023,,,,Unknown/unspecified,,https://akercarboncapture.com/?cision_id=C8E822C2D97A90E2,2026-03-27,https://www.iea.org/data-and-statistics/data-product/ccus-projects-database,official_workbook,,unmatched-review
iea-2026-0921,Oxy/ADNOC UAE DAC,United Arab Emirates,Middle East,"Occidental, ADNOC",Capture,concept,Planned,,DAC,Direct Air Capture,capture_capacity,1.0,1.0,,2023,,,,Dedicated storage,,https://www.oxy.com/news/news-releases/occidental-and-adnoc-to-evaluate-carbon-management-projects-in-the-united-states-and-united-arab-emirates-to-accelerate-net-zero-goals/,2026-03-27,https://www.iea.org/data-and-statistics/data-product/ccus-projects-database,official_workbook,,unmatched-review
iea-2026-0923,Gulf Coast Hydrogen Hub HyVelocity (TX),United States,North America,"GTI Energy, AES Corporation, Air Liquide, Chevron, Mitsubishi Power Americas, Chevron, Orsetd, Shell, Sempra Infrastructure",Capture,concept,Planned,,Fuel transformation,Hydrogen or ammonia,capture_capacity,,,,2023,,,,Dedicated storage,,https://www.hyvelocityhub.com/|https://www.chevron.com/newsroom/2023/q1/hydrogen-hub-proposed-for-us-gulf-coast,2026-03-27,https://www.iea.org/data-and-statistics/data-product/ccus-projects-database,official_workbook,,unmatched-review
iea-2026-0924,CEIC-CNPC CCUS-EOR demonstration (Ningxia) Phase 2,People's Republic of China,Other Asia Pacific,"CEIC, CNPC",Full chain,construction,Under construction,2,Industry,Chemicals,capture_capacity,0.5,0.5,,2023,2023,2026,,EOR,,https://www.ceic.com/gjnyjtwwEn/xwzx/202401/4d90d45cab074fb8b4b810c61d51052c.shtml,2026-03-27,https://www.iea.org/data-and-statistics/data-product/ccus-projects-database,official_workbook,,unmatched-review
iea-2026-0925,CEIC-CNPC CCUS-EOR demonstration (Ningxia) Phase 3,People's Republic of China,Other Asia Pacific,"CEIC, CNPC",Full chain,concept,Planned,3,Industry,Chemicals,capture_capacity,1.5,1.5,,2023,2026,2027,,EOR,,,2026-03-27,https://www.iea.org/data-and-statistics/data-product/ccus-projects-database,official_workbook,,unmatched-review
iea-2026-0926,CEIC-CNPC CCUS-EOR demonstration (Ningxia) Phase 3 (dedicated storage),People's Republic of China,Other Asia Pacific,"CEIC, CNPC",Full chain,concept,Planned,3,Industry,Chemicals,capture_capacity,0.5,0.5,,2023,2026,2027,,Dedicated storage,,,2026-03-27,https://www.iea.org/data-and-statistics/data-product/ccus-projects-database,official_workbook,,unmatched-review
iea-2026-0928,ADNOC CO2 storage hub (Phase 2 of fertiglobe pilot),United Arab Emirates,Middle East,ADNOC,Storage,concept,Planned,2,CO2 T&S,CO2 storage,storage_injection_capacity,5.0,5.0,,2023,,2030,,Dedicated storage,ADNOC CO2 storage hub,https://www.adnoc.ae/en/news-and-media/press-releases/2023/adnoc-announces-world-first-fully-sequestered-co2-injection-project|https://fertiglobe.com/wp-content/uploads/2024/08/Fertiglobe-Q2-2024-Results-MDA-Report-vF.pdf|https://www.dnv.com/news/2026/dnv-certifies-adnocs-west-aquifer-co2-storage-site-at-endorsement-stage/,2026-03-27,https://www.iea.org/data-and-statistics/data-product/ccus-projects-database,official_workbook,,unmatched-review
iea-2026-0929,Yulin Energy Chemical (Shaanxi),People's Republic of China,Other Asia Pacific,Yanchang Petroleum,Full chain,concept,Planned,,Fuel transformation,Coal-to-liquids,capture_capacity,1.6,1.6,,2022,,2030,,EOR,Yanchang oilfield,http://www.pmweb.com.cn/xiangmu/6670.html|https://finance.sina.com.cn/esg/2023-08-27/doc-imzirrzz3229002.shtml,2026-03-27,https://www.iea.org/data-and-statistics/data-product/ccus-projects-database,official_workbook,,unmatched-review
iea-2026-0930,Yulin Coal Chemical CCUS (Shaanxi) Phase 2,People's Republic of China,Other Asia Pacific,Yanchang Petroleum,Full chain,concept,Planned,2,Fuel transformation,Coal-to-liquids,capture_capacity,2.6,2.6,,2022,,2050,,EOR,Yanchang oilfield,http://www.pmweb.com.cn/xiangmu/6670.html|https://finance.sina.com.cn/esg/2023-08-27/doc-imzirrzz3229002.shtml,2026-03-27,https://www.iea.org/data-and-statistics/data-product/ccus-projects-database,official_workbook,,unmatched-review
iea-2026-0931,CPNC coal power Baijiantan Karamay (Xinjiang) Phase 1,People's Republic of China,Other Asia Pacific,CNPC,Full chain,construction,Under construction,1,Power and heat,Power (coal),capture_capacity,1.0,1.0,,2023,2023,2027,,EOR,CNPC China Northwest hub (Xinjiang),https://www.cnpc.com.cn/en/nr2025/202504/05bdb20b040d494a98d26d38e08f8138.shtml|https://www.webull.ca/news-detail/13006547167650816,2026-03-27,https://www.iea.org/data-and-statistics/data-product/ccus-projects-database,official_workbook,,unmatched-review
iea-2026-0933,Mountaineer Gigasystem (WV) Phase 2,United States,North America,"Fidelis new energy, State of West Virginia, MCDA, West Virginia University, West Virginia DNR,WVGES, Babcock & Wilcox, Topsoe, Battelle Carbon Services (Storage)",Capture,concept,Planned,2,Fuel transformation,Hydrogen or ammonia,capture_capacity,,,,2023,,,,Dedicated storage,"CO2NNECTION Central Appalachian Basin hub/Appalachian basin storage MoU (OH, PA, WV)",https://governor.wv.gov/News/press-releases/2023/Pages/Gov.-Justice-announces-Fidelis-New-Energy-to-build-hydrogen-project-and-data-center-campus-in-Mason-County.aspx,2026-03-27,https://www.iea.org/data-and-statistics/data-product/ccus-projects-database,official_workbook,,unmatched-review
iea-2026-0934,Mountaineer Gigasystem (WV) Phase 3,United States,North America,"Fidelis new energy, State of West Virginia, MCDA, West Virginia University, West Virginia DNR,WVGES, Babcock & Wilcox, Topsoe, Battelle Carbon Services (Storage)",Capture,concept,Planned,3,Fuel transformation,Hydrogen or ammonia,capture_capacity,,,,2023,,,,Dedicated storage,"CO2NNECTION Central Appalachian Basin hub/Appalachian basin storage MoU (OH, PA, WV)",https://governor.wv.gov/News/press-releases/2023/Pages/Gov.-Justice-announces-Fidelis-New-Energy-to-build-hydrogen-project-and-data-center-campus-in-Mason-County.aspx,2026-03-27,https://www.iea.org/data-and-statistics/data-product/ccus-projects-database,official_workbook,,unmatched-review
iea-2026-0935,Mountaineer Gigasystem (WV) Phase 4,United States,North America,"Fidelis new energy, State of West Virginia, MCDA, West Virginia University, West Virginia DNR,WVGES, Babcock & Wilcox, Topsoe, Battelle Carbon Services (Storage)",Capture,concept,Planned,4,Fuel transformation,Hydrogen or ammonia,capture_capacity,,,,2023,,,,Dedicated storage,"CO2NNECTION Central Appalachian Basin hub/Appalachian basin storage MoU (OH, PA, WV)",https://governor.wv.gov/News/press-releases/2023/Pages/Gov.-Justice-announces-Fidelis-New-Energy-to-build-hydrogen-project-and-data-center-campus-in-Mason-County.aspx,2026-03-27,https://www.iea.org/data-and-statistics/data-product/ccus-projects-database,official_workbook,,unmatched-review
iea-2026-0937,Tohoku Region West Coast CCS - Kyushu Works Oita Area,Japan,Other Asia Pacific,Nippon Steel,Capture,concept,Planned,,Industry,Iron and steel,capture_capacity,,,,2023,,2030,,Dedicated storage,Tohoku Region West Coast CCS,https://www.offshore-energy.biz/partners-to-conduct-engineering-design-work-for-japanese-ccs-project/|https://www.taiheiyo-cement.co.jp/english/summary/pdf/230802.pdf|https://ieefa.org/sites/default/files/2024-11/BN_Steel%20CCUS%20update-%20Carbon%20capture%20technology%20looks%20ever%20less%20convincing_Nov24.pdf,2026-03-27,https://www.iea.org/data-and-statistics/data-product/ccus-projects-database,official_workbook,,unmatched-review
iea-2026-0938,Tohoku Region West Coast CCS - Kawasaki Plant of DC CO,Japan,Other Asia Pacific,Taiheiyo Cement Corporation,Capture,concept,Planned,,Industry,Cement,capture_capacity,,,,2023,,2030,,Dedicated storage,Tohoku Region West Coast CCS,https://www.offshore-energy.biz/partners-to-conduct-engineering-design-work-for-japanese-ccs-project/|https://www.taiheiyo-cement.co.jp/english/summary/pdf/230802.pdf,2026-03-27,https://www.iea.org/data-and-statistics/data-product/ccus-projects-database,official_workbook,,unmatched-review
iea-2026-0939,CO-Creator Pilot Startup program DACCS,Iceland,Europe,"COWI, Removr",Capture,concept,Planned,,DAC,Direct Air Capture,capture_capacity,0.1,0.1,0.1,2023,,,,Dedicated storage,,https://www.removr.no/news/cowi-to-support-removrs-first-commercial-daccs-plants-in-iceland,2026-03-27,https://www.iea.org/data-and-statistics/data-product/ccus-projects-database,official_workbook,,unmatched-review
iea-2026-0940,Waste-to-energy Aker Carbon Capture (unknown facility),France,Europe,Aker Carbon Capture,Capture,concept,Planned,,Power and heat,Power and heat (waste),capture_capacity,0.2,0.2,0.1,2023,,,,Unknown/unspecified,,https://akercarboncapture.com/?cision_id=6FDE114B1611FBE3,2026-03-27,https://www.iea.org/data-and-statistics/data-product/ccus-projects-database,official_workbook,,unmatched-review
iea-2026-0946,"Nordbex 1, Nybro",Sweden,Europe,"Aker Carbon Capture, Aker Solutions, Nordbex AB",Capture,concept,Planned,,Power and heat,Power (bioenergy),capture_capacity,0.2,0.2,0.2,2023,,2029,,Dedicated storage,,https://akercarboncapture.com/?cision_id=127052DDD0AA5012|https://akercarboncapture.com/?cision_id=B878513B1A89CB04|https://www.akersolutions.com/news/news-archive/2025/aker-solutions-signs-mou-with-nordbex/|https://www.carboncapturejournal.com/news/nordbex-and-aker-solutions-deepen-collaboration-to-accelerate-bio-ccus-deployment/6981.aspx?Category=all|https://www.akersolutions.com/entr/case-studies/aker-solutions-supports-carbon-negative-power-generation-project-in-sweden/|https://bioenergitidningen.se/swedbank-finansiell-radgivare-till-nordbex/,2026-03-27,https://www.iea.org/data-and-statistics/data-product/ccus-projects-database,official_workbook,,unmatched-review
iea-2026-0947,East Kalimantan CCUS hub,Indonesia,Other Asia Pacific,"Kaltim Parna Industry, ITB",Storage,concept,Planned,,CO2 T&S,CO2 storage,storage_injection_capacity,1.0,1.0,,2022,,2030,,Dedicated storage,East Kalimantan CCUS hub,https://acnf.jp/program/file/presentation/7_Panelist_MEMR-IDN.pdf,2026-03-27,https://www.iea.org/data-and-statistics/data-product/ccus-projects-database,official_workbook,,unmatched-review
iea-2026-0948,JSA Pertamina Chevron East Kalimantan,Indonesia,Other Asia Pacific,"Pertamina, Chevron",Storage,concept,Planned,,CO2 T&S,CO2 storage,storage_injection_capacity,,,,2023,,,,Unknown/unspecified,,https://indonesia.chevron.com/en/news/latest-news/2023/chevron-and-pertamina-sign-joint-study-agreement-to-explore-development-of-ccs-ccus-technology,2026-03-27,https://www.iea.org/data-and-statistics/data-product/ccus-projects-database,official_workbook,,unmatched-review
iea-2026-0949,Bapco MOL CCUS value chain,Bahrain,Middle East,"Bapco energies (storage), MOL (transport)",T&S,concept,Planned,,CO2 T&S,CO2 T&S,storage_injection_capacity,,,,2023,,,,Dedicated storage,,https://www.mol.co.jp/en/pr/2023/23147.html,2026-03-27,https://www.iea.org/data-and-statistics/data-product/ccus-projects-database,official_workbook,,unmatched-review
iea-2026-0950,CO2NEXT terminal phase 1,Netherlands,Europe,"Vopak, Gasunie",Transport,concept,Planned,,CO2 T&S,CO2 transport,transport_capacity,5.4,5.4,,2023,2027,2028,,Dedicated storage,Aramis CCS,https://co2next.nl/co2next-project-achieves-important-milestones-for-developing-crucial-co2-infrastructure-in-rotterdam/|https://co2next.nl/appeal-against-permits-for-aramis-initiative-2/,2026-03-27,https://www.iea.org/data-and-statistics/data-product/ccus-projects-database,official_workbook,,unmatched-review
iea-2026-0951,CO2NEXT terminal phase 2,Netherlands,Europe,"Vopak, Gasunie",Transport,concept,Planned,2,CO2 T&S,CO2 transport,transport_capacity,10.3,10.3,,2023,,,,Dedicated storage,Aramis CCS,,2026-03-27,https://www.iea.org/data-and-statistics/data-product/ccus-projects-database,official_workbook,,unmatched-review
iea-2026-0952,Deep Sky Alpha phase 1 (AB),Canada,North America,"Deep Sky, Mission Zero Technologies, SkyRenu, Airbus, Phlair, Carbon Capture Inc, Skytree, Airhive, GE Vernova",Capture,operating,Operational,,DAC,Direct Air Capture,capture_capacity,0.002,0.002,0.002,2023,2024,2025,,Dedicated Storage,Meadowbrook Carbon Storage Hub (MCSH) (ALB),https://www.deepskyclimate.com/deep-sky-alpha|https://decarbonfuse.com/posts/deep-sky-secures-40m-grant-from-breakthrough-energy-catalyst-to-scale-direct-air-capture|https://www.missionzero.tech/projects/deep-sky|https://catch4climate.com/|https://catch4climate.com/pressemitteilung-28-07-2025-praezision-auf-den-punkt-gebracht-update-von-der-ci4c-baustelle/,2026-03-27,https://www.iea.org/data-and-statistics/data-product/ccus-projects-database,official_workbook,,unmatched-review
iea-2026-0956,Commonwealth LNG CCS (LA),United States,North America,"Commonwealth LNG, OnStream CO2 LLC (JV between Carbonvert Inc, Castex Carbon Solutions LLC) (own, design, operate capture)",Capture,concept,Planned,,Fuel transformation,Natural gas processing/LNG,capture_capacity,,,,2023,2026,2029,,Dedicated storage,Cameron Parish CO2 Hub (LA),https://commonwealthlng.com/commonwealth-lng-signs-carbon-capture-and-storage-mou-with-onstream-co2/,2026-03-27,https://www.iea.org/data-and-statistics/data-product/ccus-projects-database,official_workbook,,unmatched-review
iea-2026-0957,Joint study CCS value chain Japan Malaysia phase 1 (M3 CCS Project/Eastern CCS Hub project),Japan-Malaysia,Japan and Other Asia Pacific,"Japan Petroleum Exploration Co., Ltd. (JAPEX), JGC Holdings Corporation (JGC HD), Kawasaki Kisen Kaisha, Ltd. (“K” LINE), Petronas CCS Ventures",T&S,concept,Planned,1,CO2 T&S,CO2 T&S,storage_injection_capacity,2.0,2.0,,2022,2026,2028,,Dedicated storage,M3 CCS Project/Eastern CCS Hub project,https://www.japex.co.jp/en/news/detail/20231120_01/|https://www.gasworld.com/story/petronas-subsidiary-and-japanese-firms-sign-co2-storage-deal-in-sarawak/2134988.article/|https://www.japex.co.jp/en/news/detail/20241128_01/,2026-03-27,https://www.iea.org/data-and-statistics/data-product/ccus-projects-database,official_workbook,,unmatched-review
iea-2026-0958,Joint study CCS value chain Japan Malaysia phase 2 (M3 CCS Project/Eastern CCS Hub project),Japan-Malaysia,Japan and Other Asia Pacific,"Japan Petroleum Exploration Co., Ltd. (JAPEX), JGC Holdings Corporation (JGC HD), Kawasaki Kisen Kaisha, Ltd. (“K” LINE), Petronas CCS Ventures, DNV",T&S,concept,Planned,2,CO2 T&S,CO2 T&S,storage_injection_capacity,8.0,8.0,,2022,,2030,,Dedicated storage,M3 CCS Project/Eastern CCS Hub project,https://www.japex.co.jp/en/news/detail/20231120_01/|https://www.dnv.com/news/dnv-and-petronas-ccs-ventures-collaborate-to-enable-carbon-capture-and-storage-ccs-value-chains-across-southeast-asia/|https://www.japex.co.jp/en/news/detail/20241128_01/,2026-03-27,https://www.iea.org/data-and-statistics/data-product/ccus-projects-database,official_workbook,,unmatched-review
iea-2026-0959,William Echo Springs CarbonSAFE (WY),United States,North America,"University of Wyoming, Williams",Storage,concept,Planned,,CO2 T&S,CO2 storage,storage_injection_capacity,1.667,,,2023,,,,Dedicated storage,William Echo Springs CarbonSAFE (WY),"https://www.uwyo.edu/ser/news/2023/11/echo-springs-carbonsafe.html|https://www.uwyo.edu/cegr/research-projects/wyoming-carbonsafe.html#:~:text=The%20Wyoming%20CarbonSAFE%20Project%2C%20which,ready%20for%20integrated%20CCUS%20system|https://netl.doe.gov/node/13090|https://wyoenergy.org/energy-matching-funds/",2026-03-27,https://www.iea.org/data-and-statistics/data-product/ccus-projects-database,official_workbook,,unmatched-review
iea-2026-0960,Southeastern Illinois Basin CarbonSAFE (KT),United States,North America,Battelle Memorial Institute,Storage,concept,Planned,,CO2 T&S,CO2 storage,storage_injection_capacity,,,,2023,,,,Dedicated storage,Southeastern Illinois Basin CarbonSAFE (KT),https://www.energy.gov/fecm/project-selections-foa-2711-carbon-storage-validation-and-testing-round-2,2026-03-27,https://www.iea.org/data-and-statistics/data-product/ccus-projects-database,official_workbook,,unmatched-review
iea-2026-0962,CarbonSAFE Illinois Storage Corridor (IL),United States,North America,"University of Illinois, Illinois State Geological Survey, Carbon Solutions",Storage,concept,Planned,,CO2 T&S,CO2 storage,storage_injection_capacity,2.0,,,2019,,2028,,Dedicated storage,CarbonSAFE Illinois Storage Corridor (IL),https://www.carbonsolutionsllc.com/projects/carbonsafe-illinois/|https://netl.doe.gov/carbon-management/carbon-storage/carbonsafe/publications,2026-03-27,https://www.iea.org/data-and-statistics/data-product/ccus-projects-database,official_workbook,,unmatched-review
iea-2026-0963,Coal creek capture: site characterisation and permitting (ND),United States,North America,University of North Dakota,Storage,concept,Planned,,CO2 T&S,CO2 storage,storage_injection_capacity,,,,2021,2026,,,Dedicated storage,Coal creek capture: site characterisation and permitting (ND),https://netl.doe.gov/carbon-management/carbon-storage/carbonsafe/publications,2026-03-27,https://www.iea.org/data-and-statistics/data-product/ccus-projects-database,official_workbook,,unmatched-review
iea-2026-0964,San Juan Basin CarbonSAFE (NM),United States,North America,New Mexico Institute of Mining and Technology,Storage,concept,Planned,,CO2 T&S,CO2 storage,storage_injection_capacity,,,,2019,,2028,,Dedicated storage,San Juan Basin CarbonSAFE (NM),https://www.sanjuancarbonsafe.org/|https://netl.doe.gov/carbon-management/carbon-storage/carbonsafe/publications,2026-03-27,https://www.iea.org/data-and-statistics/data-product/ccus-projects-database,official_workbook,,unmatched-review
iea-2026-0965,Limeco Waste-to-Energy Dietikon,Switzerland,Europe,"Limeco, Aker Carbon Capture",Capture,concept,Planned,,Power and heat,Power and heat (waste),capture_capacity,,,,2023,,,,Unknown/unspecified,,"https://akercarboncapture.com/?cision_id=651C8691C32227C8#:~:text=Aker%20Carbon%20Capture%20has%20been,to%2Denergy%20plants%20in%20Switzerland.",2026-03-27,https://www.iea.org/data-and-statistics/data-product/ccus-projects-database,official_workbook,,unmatched-review
iea-2026-0966,Moomba CCS storage hub (phase 3),Australia-Japan,Australia and New Zealand,"Santos, JX Nippon Oil & Gas Exploration Corporation, ENEOS",T&S,concept,Planned,2,CO2 T&S,CO2 T&S,storage_injection_capacity,5.0,5.0,,2023,,2035,,Dedicated storage,Moomba CCS storage hub,https://www.santos.com/news/santos-jx-and-eneos-to-collaborate-on-carbon-capture-and-storage-to-support-moomba-ccs-phase-2-and-help-japan-decarbonise/,2026-03-27,https://www.iea.org/data-and-statistics/data-product/ccus-projects-database,official_workbook,au-moomba-ccs,matched-exact
iea-2026-0967,Moomba CCS storage hub (phase 4),Australia-Japan,Australia and New Zealand,"Santos, JX Nippon Oil & Gas Exploration Corporation, ENEOS",T&S,concept,Planned,3,CO2 T&S,CO2 T&S,storage_injection_capacity,10.0,10.0,,2023,,2040,,Dedicated storage,Moomba CCS storage hub,https://www.santos.com/news/santos-jx-and-eneos-to-collaborate-on-carbon-capture-and-storage-to-support-moomba-ccs-phase-2-and-help-japan-decarbonise/,2026-03-27,https://www.iea.org/data-and-statistics/data-product/ccus-projects-database,official_workbook,au-moomba-ccs,matched-exact
iea-2026-0968,INNOZHERO Filbornaverket plant Helsingborg,Sweden,Europe,"Öresundskraft, Capsol Technologies (tech provider)",Capture,construction,Under construction,,Power and heat,Power and heat (waste),capture_capacity,0.21,0.21,0.105,2022,2025,2028,,Dedicated storage,Greensand,https://helsingborg.se/makingofasmartercity/new-technology-to-reduce-emissions-plans-for-a-ccs-facility-in-helsingborg/|https://www.mynewsdesk.com/se/oresundskraft/pressreleases/oeresundskraft-in-unique-test-for-carbon-capture-funded-by-swedish-energy-agency-3180497|https://www.carboncapturejournal.com/ViewNews.aspx?NewsID=6847|https://www.oresundskraft.se/ccs/sa-funkar-det/|https://www.energi.se/artiklar/2025/april-25/helsingborgs-kommun-sager-ja-till-oresundskrafts-ccs-anlaggning/,2026-03-27,https://www.iea.org/data-and-statistics/data-product/ccus-projects-database,official_workbook,,unmatched-review
iea-2026-0971,Virginia CarbonSafe storage (VA),United States,North America,The Commonwealth of Virginia DoE (Big Stone Gap),Storage,concept,Planned,,CO2 T&S,CO2 storage,storage_injection_capacity,4.0,4.0,,2023,,,,Dedicated storage,Virginia CarbonSafe storage (VA),https://www.energy.gov/fecm/project-selections-foa-2711-carbon-storage-validation-and-testing-round-2,2026-03-27,https://www.iea.org/data-and-statistics/data-product/ccus-projects-database,official_workbook,,unmatched-review
iea-2026-0972,CANstore (CA),United States,North America,Electric Power Research Institute,Storage,concept,Planned,,CO2 T&S,CO2 storage,storage_injection_capacity,,,,2023,,,,Dedicated storage,CANstore (CA),https://www.energy.gov/fecm/project-selections-foa-2711-carbon-storage-validation-and-testing-round-2,2026-03-27,https://www.iea.org/data-and-statistics/data-product/ccus-projects-database,official_workbook,,unmatched-review
iea-2026-0973,Atlantic Coast CO2 Emissions Storage Sink (ACCESS) (FL),United States,North America,Southern States Energy Board,Storage,concept,Planned,,CO2 T&S,CO2 storage,storage_injection_capacity,,,,2023,,,,Dedicated storage,Project ACCESS (FL),https://www.energy.gov/fecm/project-selections-foa-2711-carbon-storage-validation-and-testing-round-2|https://omniamidstream.com/project/permian-regional-carbon-sequestration-prcs-hub,2026-03-27,https://www.iea.org/data-and-statistics/data-product/ccus-projects-database,official_workbook,,unmatched-review
iea-2026-0974,Red Hills CO2 storage hub (MS),United States,North America,Trifecta Renewable Solutions,Storage,concept,Planned,,CO2 T&S,CO2 storage,storage_injection_capacity,1.8,1.8,,2023,,,,Dedicated storage,Red Hills CO2 storage hub (MS),https://www.energy.gov/fecm/project-selections-foa-2711-carbon-storage-validation-and-testing-round-2,2026-03-27,https://www.iea.org/data-and-statistics/data-product/ccus-projects-database,official_workbook,,unmatched-review
iea-2026-0975,Ackerman Combined Cycle Plant (MS),United States,North America,"Trifecta Renewable Solutions, Tennessee Valley Authority",Capture,concept,Planned,,Power and heat,Power (gas),capture_capacity,1.8,1.8,,2023,,,,Dedicated storage,Red Hills CO2 storage hub (MS),https://www.energy.gov/fecm/project-selections-foa-2711-carbon-storage-validation-and-testing-round-2,2026-03-27,https://www.iea.org/data-and-statistics/data-product/ccus-projects-database,official_workbook,,unmatched-review
iea-2026-0976,Alaska Railbelt CCS Project (AK),United States,North America,University of Alaska Fairbanks,Storage,concept,Planned,,CO2 T&S,CO2 storage,storage_injection_capacity,,,,2023,,,,Dedicated storage,Alaska Railbelt CCS Project (AK),https://www.energy.gov/fecm/project-selections-foa-2711-carbon-storage-validation-and-testing-round-2,2026-03-27,https://www.iea.org/data-and-statistics/data-product/ccus-projects-database,official_workbook,,unmatched-review
iea-2026-0977,Susitna Power Plant (AK),United States,North America,The Commonwealth of Virginia DoE (Big Stone Gap),Capture,concept,Planned,,Power and heat,Power (gas),capture_capacity,,,,2023,,,,Dedicated storage,Alaska Railbelt CCS Project (AK),https://www.energy.gov/fecm/project-selections-foa-2711-carbon-storage-validation-and-testing-round-2,2026-03-27,https://www.iea.org/data-and-statistics/data-product/ccus-projects-database,official_workbook,,unmatched-review
iea-2026-0978,Monkey Island carbon storage project (LA),United States,North America,Advanced Resources International Inc.,Storage,concept,Planned,,CO2 T&S,CO2 storage,storage_injection_capacity,,,,2023,,,,Dedicated storage,Monkey Island carbon storage project (LA),https://www.energy.gov/fecm/project-selections-foa-2711-carbon-storage-validation-and-testing-round-2,2026-03-27,https://www.iea.org/data-and-statistics/data-product/ccus-projects-database,official_workbook,,unmatched-review
iea-2026-0979,"Project Crossroads (IN, IL, MI)",United States,North America,BP Carbon Solutions LLC,T&S,concept,Planned,,CO2 T&S,CO2 T&S,storage_injection_capacity,23.0,23.0,,2023,,2030,,Dedicated storage,"Project Crossroads (IN, IL, MI)",https://www.energy.gov/fecm/project-selections-foa-2711-carbon-storage-validation-and-testing-round-2|https://mrvan.house.gov/media/in-the-news/bp-commits-building-138m-carbon-storage-facility-nw-indiana-plant,2026-03-27,https://www.iea.org/data-and-statistics/data-product/ccus-projects-database,official_workbook,,unmatched-review
iea-2026-0980,Whiting Refinery,United States,North America,BP Carbon Solutions LLC,Capture,suspended,Suspended,,Fuel transformation,Hydrogen or ammonia,capture_capacity,,,,2023,,,2025,Dedicated storage,"Project Crossroads (IN, IL, MI)",https://www.energy.gov/fecm/project-selections-foa-2711-carbon-storage-validation-and-testing-round-2|https://www.wfyi.org/news/articles/hydrogen-project-at-bp-enters-planning-phase-residents-worry-safety-concerns-not-being-heard|https://www.spglobal.com/commodity-insights/en/news-research/latest-news/electric-power/061825-bp-indefinitely-pausing-blue-hydrogen-project-at-whiting-refinery-in-indiana,2026-03-27,https://www.iea.org/data-and-statistics/data-product/ccus-projects-database,official_workbook,,unmatched-review
iea-2026-0981,Four corners carbon storage hub (NM),United States,North America,New Mexico Institute of Mining and Technology,Storage,concept,Planned,,CO2 T&S,CO2 storage,storage_injection_capacity,8.0,,,2023,,2030,,Dedicated storage,Four corners carbon storage hub (NM),https://www.energy.gov/fecm/project-selections-foa-2711-carbon-storage-validation-and-testing-round-2,2026-03-27,https://www.iea.org/data-and-statistics/data-product/ccus-projects-database,official_workbook,,unmatched-review
iea-2026-0982,Phoenix project (TX),United States,North America,Projeo Corporation,Storage,concept,Planned,,CO2 T&S,CO2 storage,storage_injection_capacity,,,,2023,,,,Dedicated storage,Phoenix project (TX),https://www.energy.gov/fecm/project-selections-foa-2711-carbon-storage-validation-and-testing-round-2,2026-03-27,https://www.iea.org/data-and-statistics/data-product/ccus-projects-database,official_workbook,,unmatched-review
iea-2026-0983,Oak Grove CCS hub (Tri-state CCS hub) (PA),United States,North America,"Tenaska, Southern States Energy Board",Storage,concept,Planned,,CO2 T&S,CO2 storage,storage_injection_capacity,0.682,,,2023,,2030,,Dedicated storage,Oak Grove CCS hub (Tri-state CCS hub) (PA),https://www.energy.gov/fecm/project-selections-foa-2711-carbon-storage-validation-and-testing-round-2|https://tristateccs.com/tri-state-ccs-hub-finalizes-doe-carbonsafe-award/|https://tristateccs.com/tri-state-ccs-oak-grove/|https://energywv.org/assets/files/Energy-Summit-Presentations/2024/Tri-State-CCS-Hub-Project-Tenaska.pdf,2026-03-27,https://www.iea.org/data-and-statistics/data-product/ccus-projects-database,official_workbook,,unmatched-review
iea-2026-0985,Tracy DAC facility,United States,North America,"Heirloom, CarbonCure",CCU,operating,Operational,,DAC,Direct Air Capture,capture_capacity,0.001,0.001,,2021,,2023,,Use,,https://www.heirloomcarbon.com/news/heirloom-unveils-americas-first-commercial-direct-air-capture-facility,2026-03-27,https://www.iea.org/data-and-statistics/data-product/ccus-projects-database,official_workbook,,unmatched-review
iea-2026-0988,FlagshipTWO Sundsvall Korstaverket plant,Sweden,Europe,"Liquid Wind, Sundsvall Energi",CCU,concept,Planned,,Power and heat,Power and heat (waste),capture_capacity,0.15,0.15,,2023,,2027,,Use,,https://www.liquidwind.se/news/liquidwind-announces-plans-for-flagshiptwo-sundsvall|https://www.liquidwind.com/news/liquid-winds-second-efuel-facility-granted-environmental-permit|https://www.liquidwind.com/sundsvall,2026-03-27,https://www.iea.org/data-and-statistics/data-product/ccus-projects-database,official_workbook,,unmatched-review
iea-2026-0989,Sundsvall Korstaverket plant CCS,Sweden,Europe,"Liquid Wind, Sundsvall Energi",Capture,concept,Planned,,Power and heat,Power and heat (waste),capture_capacity,0.084,0.084,0.042,2023,,2027,,Dedicated storage,,https://www.liquidwind.se/news/liquidwind-announces-plans-for-flagshiptwo-sundsvall|https://www.liquidwind.com/news/liquid-winds-second-efuel-facility-granted-environmental-permit|https://www.liquidwind.com/sundsvall,2026-03-27,https://www.iea.org/data-and-statistics/data-product/ccus-projects-database,official_workbook,,unmatched-review
iea-2026-0990,FlagshipTHREE Umea Dava plant CCU,Sweden,Europe,"Liquid Wind, Umea Energi",CCU,concept,Planned,,Power and heat,Power and heat (waste),capture_capacity,0.15,0.15,,2023,2026,2028,,Use,,https://www.liquidwind.se/news/liquidwind-plans-for-third-electrofuel-facility-in-swedish-umea|https://www.liquidwind.com/news/liquid-wind-and-ume%C3%A5-energi-finalise-agreements-to-commercialise-efuel-facility-in-ume%C3%A5,2026-03-27,https://www.iea.org/data-and-statistics/data-product/ccus-projects-database,official_workbook,,unmatched-review
iea-2026-0994,Waste to energy CCU to TES Wilhemshaven (unknown facility),Germany,Europe,"Aker Carbon Capture, TES",CCU,concept,Planned,,Power and heat,Power and heat (waste),capture_capacity,0.4,0.4,,2023,,,,Use,,https://akercarboncapture.com/?cision_id=7F0EAD177CA426B3,2026-03-27,https://www.iea.org/data-and-statistics/data-product/ccus-projects-database,official_workbook,,unmatched-review
iea-2026-0996,Delaware Basin hub (Loving CCS hub) (TX),United States,North America,Milestone carbon (Milestone Envrionmental services),Storage,concept,Planned,,CO2 T&S,CO2 storage,storage_injection_capacity,2.0,2.0,,2023,,,,Dedicated storage,Delaware Basin project: Loving CCS hub (TX),https://www.milestone-es.com/About-Us/News-and-Events/Milestone-Carbon-Announces-Land-Agreement-for-Carbon-Hub-Development-in-the-Permian-Basin/,2026-03-27,https://www.iea.org/data-and-statistics/data-product/ccus-projects-database,official_workbook,,unmatched-review
iea-2026-0998,Tambak Lorok Gas-Fired Power Plant,Indonesia,Other Asia Pacific,"JERA, JGC Holdings, PLN",Full chain,concept,Planned,,Power and heat,Power (gas),capture_capacity,,,,2023,,,,Unknown/unspecified,,https://www.jera.co.jp/en/news/information/20231019_1695,2026-03-27,https://www.iea.org/data-and-statistics/data-product/ccus-projects-database,official_workbook,,unmatched-review
iea-2026-0999,Lake Charles low carbon ammonia (LA),United States,North America,"Proman, Mitsubishi",Capture,concept,Planned,,Fuel transformation,Hydrogen or ammonia,capture_capacity,,,,2023,,,,Unknown/unspecified,,https://www.proman.org/news/proman-mitsubishi-sign-mou-to-develop-world-scale-ultra-low-carbon-ammonia-plant-in-lake-charles-usa/,2026-03-27,https://www.iea.org/data-and-statistics/data-product/ccus-projects-database,official_workbook,,unmatched-review
iea-2026-1000,Northern Gulf of Thailand CCS Exploration project,Thailand,Other Asia Pacific,"PTTEP, INPEX (under cooperation between Thai Department of Mineral Fuels and JOGMEC), Technip (Engineering contract)",Storage,concept,Planned,,CO2 T&S,CO2 storage,storage_injection_capacity,,,,2024,,,,Dedicated storage,,https://www.pttep.com/en/Newsandnmedia/News/2024-Northern-Got-Ccs-Study.aspx?mode=print|https://www.ten.com/en/media/press-releases/technip-energies-awarded-detailed-engineering-contract-thailands-first-carbon,2026-03-27,https://www.iea.org/data-and-statistics/data-product/ccus-projects-database,official_workbook,,unmatched-review
iea-2026-1009,"CO2NNECTION Central Appalachian Basin hub (OH, PA, WV)",United States,North America,Battelle,Transport,concept,Planned,,CO2 T&S,CO2 transport,transport_capacity,,,,2023,,,,Unknown/unspecified,"CO2NNECTION Central Appalachian Basin hub/Appalachian basin storage MoU (OH, PA, WV)","https://www.energy.gov/fecm/articles/doe-invests-45-million-reduce-carbon-pollution#:~:text=WASHINGTON%2C%20D.C.%20%E2%80%94%20The%20U.S.%20Department,successful%20carbon%20transport%20and%20storage|https://www.energy.gov/fecm/project-selections-foa-2614-carbon-management-round-3",2026-03-27,https://www.iea.org/data-and-statistics/data-product/ccus-projects-database,official_workbook,,unmatched-review
iea-2026-1010,"Appalachian basin storage MoU/Capio sequestration (OH, PA, WV)",United States,North America,Battelle,Storage,concept,Planned,,CO2 T&S,CO2 storage,storage_injection_capacity,,,,2022,,,,Dedicated storage,"CO2NNECTION Central Appalachian Basin hub/Appalachian basin storage MoU (OH, PA, WV)",https://www.equinor.com/news/us/explores-appalachian-basin-carbon-capture-storage-potential|https://h2-tech.com/news/2023/09-2023/fidelis-new-energy-selects-battelle-carbon-services-to-support-the-mountaineer-gigasystem-hydrogen-project/,2026-03-27,https://www.iea.org/data-and-statistics/data-product/ccus-projects-database,official_workbook,,unmatched-review
iea-2026-1011,Tampa Regional Intermodal Carbon HUB (T-RICH) (FL),United States,North America,"Overseas Shipholding Group, Inc.",Transport,concept,Planned,,CO2 T&S,CO2 transport,transport_capacity,2.0,2.0,,2023,,,,Unknown/unspecified,Tampa Regional Intermodal Carbon HUB (T-RICH) (FL),"https://www.energy.gov/fecm/articles/doe-invests-45-million-reduce-carbon-pollution#:~:text=WASHINGTON%2C%20D.C.%20%E2%80%94%20The%20U.S.%20Department,successful%20carbon%20transport%20and%20storage|https://www.energy.gov/fecm/project-selections-foa-2614-carbon-management-round-3",2026-03-27,https://www.iea.org/data-and-statistics/data-product/ccus-projects-database,official_workbook,,unmatched-review
iea-2026-1012,GeZero carbon capture project (Geseke),Germany,Europe,"Heidelberg Materials, Wintershall Dea (Harbour Energy)",Capture,concept,Planned,,Industry,Cement,capture_capacity,0.7,0.7,0.07,2023,2026,2029,,Dedicated storage,CO2nnectNow HES Wilhelmshaven Tank Terminal phase 1,https://www.heidelbergmaterials.com/en/pr-2023-07-13,2026-03-27,https://www.iea.org/data-and-statistics/data-product/ccus-projects-database,official_workbook,,unmatched-review
iea-2026-1015,Rumah1 and Rumah 2 plants,Saudi Arabia,Middle East,SPPC,Capture,concept,Planned,,Power and heat,Power (gas),capture_capacity,2.718,,,2024,,,,Unknown/unspecified,,https://www.arabnews.com/node/2435581/business-economy,2026-03-27,https://www.iea.org/data-and-statistics/data-product/ccus-projects-database,official_workbook,,unmatched-review
iea-2026-1016,Nairyah1 and Nairyah 2 plants,Saudi Arabia,Middle East,SPPC,Capture,concept,Planned,,Power and heat,Power (gas),capture_capacity,2.718,,,2024,,,,Unknown/unspecified,,https://www.arabnews.com/node/2435581/business-economy,2026-03-27,https://www.iea.org/data-and-statistics/data-product/ccus-projects-database,official_workbook,,unmatched-review
iea-2026-1017,Fife ethylene plant,United Kingdom,Europe,"ExxonMobil, (Shell?)",Capture,cancelled,Cancelled,,Industry,Chemicals,capture_capacity,,,,2021,,,2025,Dedicated storage,Acorn CCS,https://corporate.exxonmobil.com/news/news-releases/2021/1006_exxonmobil-increases-participation-in-scotland-carbon-capture-and-storage-project|https://finance.yahoo.com/news/exxon-mobil-shifts-fife-chemicals-171244081.html,2026-03-27,https://www.iea.org/data-and-statistics/data-product/ccus-projects-database,official_workbook,,unmatched-review
iea-2026-1018,Acorn Isle of Grain to Peterhead shipping,United Kingdom,Europe,"Acorn, Uniper",Transport,concept,Planned,,CO2 T&S,CO2 transport,transport_capacity,2.0,2.0,,2023,,,,Dedicated storage,Acorn CCS,https://netl.doe.gov/coal/carbon-storage/atlas/secarb,2026-03-27,https://www.iea.org/data-and-statistics/data-product/ccus-projects-database,official_workbook,,unmatched-review
iea-2026-1020,Cormorant Clean Energy project (TX),United States,North America,"8 Rivers, Casale",Capture,concept,Planned,,Fuel transformation,Hydrogen or ammonia,capture_capacity,1.4,1.4,,2024,2026,2029,,Dedicated storage,,https://8rivers.com/8-rivers-8rh2-ultra-low-carbon-hydrogen-technology-announcement/|https://cormorant.energy/,2026-03-27,https://www.iea.org/data-and-statistics/data-product/ccus-projects-database,official_workbook,,unmatched-review
iea-2026-1021,Polk county hub (TX),United States,North America,"1PointFive (Occidental), Natural Resource Partners",Storage,concept,Planned,,CO2 T&S,CO2 storage,storage_injection_capacity,,,,2022,,,,Dedicated storage,Polk county hub (TX),https://www.oxy.com/news/news-releases/oxy-low-carbon-ventures-and-natural-resource-partners-l.p.-enter-into-co2-sequestration-agreement/|https://www.oxy.com/siteassets/documents/publications/oxy-climate-report-2023.pdf,2026-03-27,https://www.iea.org/data-and-statistics/data-product/ccus-projects-database,official_workbook,,unmatched-review
iea-2026-1022,West Java sea rig-to-CCS JSA,Indonesia,Other Asia Pacific,"Pertamina, KNOC",Storage,concept,Planned,,CO2 T&S,CO2 storage,storage_injection_capacity,,,,2024,,,,Dedicated storage,,https://www.pertamina.com/id/news-room/news-release/kurangi-emisi-pertamina-knoc-jajaki-kerja-sama-pengembangan-rig-to-ccs,2026-03-27,https://www.iea.org/data-and-statistics/data-product/ccus-projects-database,official_workbook,,unmatched-review
iea-2026-1024,Sheperd CCS project (capture sources under evaluation),South Korea-Malaysia,Other Asia Pacific,"Petronas, SK Earthon (storage), Samsung Engineering, SK Energy, Lotte Chemical, GS Energy (capture), Samsung Heavy Industries (transport), Shell, Hanwha, KNOC, Air Liquide",T&S,concept,Planned,,CO2 T&S,CO2 T&S,storage_injection_capacity,,,,2022,,,,Unknown/unspecified,,https://www.koreaherald.com/view.php?ud=20220803000709|https://carbonherald.com/shell-hanwha-join-the-shepherd-ccs-project-in-korea/,2026-03-27,https://www.iea.org/data-and-statistics/data-product/ccus-projects-database,official_workbook,,unmatched-review
iea-2026-1027,Keravan Energia (Kerava),Finland,Europe,"RenGas, Kerevan Energia",CCU,concept,Planned,,Power and heat,Power (bioenergy),capture_capacity,0.11,0.11,,2023,,2029,,Use,,https://ren-gas.com/en/projekti/kerava-2/,2026-03-27,https://www.iea.org/data-and-statistics/data-product/ccus-projects-database,official_workbook,,unmatched-review
iea-2026-1028,Tarastenjärvi power (Tampere),Finland,Europe,"RenGas, Tampereen Energia",CCU,concept,Planned,,Power and heat,Power and heat (waste),capture_capacity,0.11,0.11,,2021,,2028,,Use,,https://ren-gas.com/en/projekti/tampere-2/,2026-03-27,https://www.iea.org/data-and-statistics/data-product/ccus-projects-database,official_workbook,,unmatched-review
iea-2026-1029,Kymijärvi power (Lahti),Finland,Europe,"RenGas, Lahti Energia",CCU,concept,Planned,,Power and heat,Power (bioenergy),capture_capacity,0.11,0.11,,2021,,2029,,Use,,https://ren-gas.com/en/projekti/lahti-2/,2026-03-27,https://www.iea.org/data-and-statistics/data-product/ccus-projects-database,official_workbook,,unmatched-review
iea-2026-1030,Kotka power (Kotka),Finland,Europe,"RenGas, Kotkan Energia",CCU,concept,Planned,,Power and heat,Power and heat (waste),capture_capacity,0.11,0.11,,2021,,2029,,Use,,https://ren-gas.com/en/projekti/kotka-2/,2026-03-27,https://www.iea.org/data-and-statistics/data-product/ccus-projects-database,official_workbook,,unmatched-review
iea-2026-1032,Aittaluoto power (Pori),Finland,Europe,"RenGas, Pori Energia",CCU,concept,Planned,,Power and heat,Power (bioenergy),capture_capacity,0.1,0.1,,2022,,2028,,Use,,https://ren-gas.com/en/projekti/pori-2/,2026-03-27,https://www.iea.org/data-and-statistics/data-product/ccus-projects-database,official_workbook,,unmatched-review
iea-2026-1033,Adams Fork Energy clean ammonia project (WV),United States,North America,"Adams Fork Energy, the Flandreau Santee Sioux Tribe",Capture,concept,Planned,,Fuel transformation,Hydrogen or ammonia,capture_capacity,3.402,,,2022,,2027,,Unknown/unspecified,,https://adamsforkenergy.com/|https://investors.cnx.com/news-releases/2023/04-03-2023-114519172|https://www.reuters.com/sustainability/cnx-resources-pulls-out-adams-fork-ammonia-project-2023-12-15/,2026-03-27,https://www.iea.org/data-and-statistics/data-product/ccus-projects-database,official_workbook,,unmatched-review
iea-2026-1034,Plock plant,Poland,Europe,PKN Orlen,Capture,concept,Planned,,Industry,Chemicals,capture_capacity,1.0,1.0,,2023,,2027,,Dedicated storage,ECO2CEE,https://www.orlen.pl/en/about-the-company/media/press-releases/2023/December-2023/ORLEN-EU-funding-secured-for-CO2-transshipment-terminal-,2026-03-27,https://www.iea.org/data-and-statistics/data-product/ccus-projects-database,official_workbook,,unmatched-review
iea-2026-1036,Tumbler Ridge e-methanol project (BC),Canada,North America,"RH2C, CMC, West Moberly First Nations",CCU,concept,Planned,,Industry,Pulp and paper,capture_capacity,0.233,,,2015,,2028,,Use,,https://www.rh2ca.com/,2026-03-27,https://www.iea.org/data-and-statistics/data-product/ccus-projects-database,official_workbook,,unmatched-review
iea-2026-1038,HIF Cabo Negro eFuels Facility,Chile,Central and South America,HIF Chile,CCU,concept,Planned,,Fuel transformation,Bioethanol,capture_capacity,0.23,0.23,,2021,,,,Use,,https://hifglobal.com/docs/default-source/documentos-noticias/chile/2023-12-14-faro-del-sur-wind-park-permit-in-chile.pdf?sfvrsn=a1d2fd03_1|https://hifglobal.com/docs/default-source/documentos-noticias/chile/2023-12-05-hif-and-enap-mou.pdf?sfvrsn=de7be150_3,2026-03-27,https://www.iea.org/data-and-statistics/data-product/ccus-projects-database,official_workbook,,unmatched-review
iea-2026-1039,HIF Paysandú eFuels Facility Alur bioethanol plant,Uruguay,Central and South America,"HIF Urugay, Alur",CCU,concept,Planned,,Fuel transformation,Bioethanol,capture_capacity,0.15,0.15,,2023,,2027,,Use,,https://hifglobal.com/docs/default-source/documentos-noticias/chile/2023-06-hif-global-continues-expansion-with-new-project-in-uruguay.pdf?sfvrsn=64c4d4e_1|https://www.ancap.com.uy/innovaportal/file/18176/1/5---other-ancap-energy-transition-projects---europe-roadshow-2023.pdf|https://www.busqueda.com.uy/economia/hif-global-y-alur-aplazaron-marzo-del-2026-firma-del-contrato-suministro-dioxido-carbono-n5406568,2026-03-27,https://www.iea.org/data-and-statistics/data-product/ccus-projects-database,official_workbook,,unmatched-review
iea-2026-1042,Brocēni cement plant CCS,Latvia,Europe,"Schwenk's Building Material Group, Capsol (feasibility)",Capture,concept,Planned,,Industry,Cement,capture_capacity,0.8,0.75,,2024,,2030,,Dedicated storage,"CCS Baltic Consortium, Klapeida terminal",https://www.globalcement.com/news/itemlist/tag/Schwenk%20Latvija|https://schwenk.lv/en/pressrelease/schwenk-northern-europe-announces-commitment-to-decarbonize-cement-production-in-latvia/,2026-03-27,https://www.iea.org/data-and-statistics/data-product/ccus-projects-database,official_workbook,,unmatched-review
iea-2026-1043,Linde Clear Lake HyCO Plant (TX),United States,North America,"Linde (CO2 capture on CO production site, CCU tech), Celanese (operator of methanol plant), Fairway methanol",CCU,operating,Operational,,Industry,Chemicals,capture_capacity,0.18,0.18,,2022,,2023,,Use,,https://www.linde.com/news-and-media/2024/linde-starts-up-supply-of-clean-hydrogen-and-captured-carbon-dioxide-to-celanese,2026-03-27,https://www.iea.org/data-and-statistics/data-product/ccus-projects-database,official_workbook,,unmatched-review
iea-2026-1045,Stade facility Green Methanol,Germany,Europe,Dow,CCU,cancelled,Cancelled,,Industry,Chemicals,capture_capacity,0.274,,,2019,,,2024,Use,,https://future.hamburg/en/artikel/dow-stade-making-chemicals-industry-carbon-neutral|https://www.argusmedia.com/en/news-and-insights/latest-market-news/2530566-stalled-e-methanol-projects-leave-forecast-murky|https://www.argusmedia.com/en/news-and-insights/latest-market-news/2530566-stalled-e-methanol-projects-leave-forecast-murky,2026-03-27,https://www.iea.org/data-and-statistics/data-product/ccus-projects-database,official_workbook,,unmatched-review
iea-2026-1047,Hynovera,France,Europe,"HY2GEN, Gazel Energie",CCU,concept,Planned,,Power and heat,Power (bioenergy),capture_capacity,0.123,,,2023,,2028,,Use,,https://marsactu.fr/hydrogene-biomasse-et-emplois-les-cles-de-la-reconversion-de-la-centrale-de-gardanne/|https://glockenspiel-cat-x8e7.squarespace.com/hynovera,2026-03-27,https://www.iea.org/data-and-statistics/data-product/ccus-projects-database,official_workbook,,unmatched-review
iea-2026-1048,Venture Global CCS Cameron (LA),United States,North America,Venture Global,T&S,concept,Planned,,CO2 T&S,CO2 T&S,storage_injection_capacity,1.0,1.0,,2021,,,,Dedicated storage,Venture Global CCS Cameron (LA),https://www.epa.gov/uic/current-class-vi-projects-under-review-epa,2026-03-27,https://www.iea.org/data-and-statistics/data-product/ccus-projects-database,official_workbook,,unmatched-review
iea-2026-1049,Pineywoods CCS hub (TX),United States,North America,Tenaska,Storage,concept,Planned,,CO2 T&S,CO2 storage,storage_injection_capacity,,,,2023,,,,Dedicated storage,Pineywoods CCS hub (TX),https://www.epa.gov/uic/current-class-vi-projects-under-review-epa,2026-03-27,https://www.iea.org/data-and-statistics/data-product/ccus-projects-database,official_workbook,,unmatched-review
iea-2026-1050,West bay storage Galveston (TX),United States,North America,BP carbon solutions,Storage,concept,Planned,,CO2 T&S,CO2 storage,storage_injection_capacity,,,,2023,,,,Dedicated storage,West bay storage Galveston (TX),https://www.epa.gov/uic/current-class-vi-projects-under-review-epa,2026-03-27,https://www.iea.org/data-and-statistics/data-product/ccus-projects-database,official_workbook,,unmatched-review
iea-2026-1053,Baotou Steel (Baogang Group) (Inner Mongolia) phase 1,People's Republic of China,Other Asia Pacific,Baotou Steel Group,Full chain,operating,Operational,1,Industry,Iron and steel,capture_capacity,0.5,0.5,,2022,2022,2025,,Unknown/unspecified,,https://group.pingan.com/media/news/2023/pingan-bank-grants-first-loan-to-pioneering-CCUS-project.html|https://www.scmp.com/business/article/3225578/climate-finance-chinas-ping-bank-lends-us25-million-inner-mongolia-steel-maker-capture-carbon|非密闭超临界CO2干法压裂技术及应用,2026-03-27,https://www.iea.org/data-and-statistics/data-product/ccus-projects-database,official_workbook,,unmatched-review
iea-2026-1054,Baotou Steel (Baogang Group) (Inner Mongolia) phase 2,People's Republic of China,Other Asia Pacific,Baotou Steel Group,Full chain,construction,Under construction,2,Industry,Iron and steel,capture_capacity,1.5,1.5,,2022,2022,2026,,Unknown/unspecified,,https://group.pingan.com/media/news/2023/pingan-bank-grants-first-loan-to-pioneering-CCUS-project.html|https://www.scmp.com/business/article/3225578/climate-finance-chinas-ping-bank-lends-us25-million-inner-mongolia-steel-maker-capture-carbon|非密闭超临界CO2干法压裂技术及应用,2026-03-27,https://www.iea.org/data-and-statistics/data-product/ccus-projects-database,official_workbook,,unmatched-review
iea-2026-1055,7 Blue Ammonia Facility,Qatar,Middle East,"QAFCO, thyssenkrupp Uhde/Consolidated Contractors Company (EPC)",Full chain,construction,Under construction,,Fuel transformation,Hydrogen or ammonia,capture_capacity,1.5,1.5,,2022,2022,2026,,Unknown/unspecified,,https://www.qafco.qa/content/qafco-7-announcement|https://www.thyssenkrupp.com/en/newsroom/press-releases/pressdetailpage/thyssenkrupp-uhde-to-build-world-scale-blue-ammonia-plant-in-qatar-138369|https://www.hydrogeninsight.com/production/qatar-starts-construction-on-1-2bn-blue-hydrogen-based-ammonia-plant/2-1-1745821,2026-03-27,https://www.iea.org/data-and-statistics/data-product/ccus-projects-database,official_workbook,,unmatched-review
iea-2026-1058,Great Plains Synfuel Plant to sequestration (ND),United States,North America,Dakota Gasification company,Full chain,concept,Planned,2,Fuel transformation,Coal-to-gas,capture_capacity,1.5,1.5,,2021,,,,Dedicated storage,,"https://dakotagas.com/News-Center/news-briefs/Storage-facility-permit-application-submitted-for-carbon-dioxide-sequestration-project|https://dakotagas.com/News-Center/basin-today-stories/Cracking-the-code-Carbon-sequestration-project-will-benefit-environment,-co-op",2026-03-27,https://www.iea.org/data-and-statistics/data-product/ccus-projects-database,official_workbook,,unmatched-review
iea-2026-1059,Central Louisiana Regional Carbon Storage (CENLA) Hub (Wilcox) (LA) phase 2,United States,North America,"CapturePoint Solutions, Energy transfer",T&S,concept,Planned,2,CO2 T&S,CO2 T&S,storage_injection_capacity,3.0,3.0,,2022,,2027,,Dedicated storage,Central Louisiana Regional Carbon Storage (CENLA) Hub (LA),https://www.permits.performance.gov/permitting-project/fast-41-covered-projects/central-louisiana-regional-carbon-storage-hub-vernon,2026-03-27,https://www.iea.org/data-and-statistics/data-product/ccus-projects-database,official_workbook,,unmatched-review
iea-2026-1060,Central Louisiana Regional Carbon Storage (CENLA) Hub (Wilcox) (LA) phase 3,United States,North America,"CapturePoint Solutions, Energy transfer",T&S,concept,Planned,3,CO2 T&S,CO2 T&S,storage_injection_capacity,2.0,7.0,,2022,,2029,,Dedicated storage,Central Louisiana Regional Carbon Storage (CENLA) Hub (LA),https://www.permits.performance.gov/permitting-project/fast-41-covered-projects/central-louisiana-regional-carbon-storage-hub-vernon,2026-03-27,https://www.iea.org/data-and-statistics/data-product/ccus-projects-database,official_workbook,,unmatched-review
iea-2026-1065,Cauldon cement plant,United Kingdom,Europe,"Holcim Group(Aggregate Industries UK), Petrofac (feasibility), Capsol",Capture,concept,Planned,,Industry,Cement,capture_capacity,0.54,,,2024,2029,2032,,Dedicated storage,The Peak Cluster,https://www.globalcement.com/news/item/17135-capsol-technologies-selected-for-carbon-capture-study-at-cauldon-cement-plant|https://gateway.euronext.com/front-customer/corporate/page?reference=6c4fa8dd8f8fa44fecfe3b66234e40a9b98d4d25378ac502fb228501aa90cdc8&authKey=560e949f85a8ee1c7bb60d43e84b0e0dff0f9174c9d265b1cc47baf94b25d5fa#company-press-release-1964565|https://www.cemnet.com/News/story/176287/petrofac-wins-co2-capture-role-at-cauldon-cement-plant.html,2026-03-27,https://www.iea.org/data-and-statistics/data-product/ccus-projects-database,official_workbook,,unmatched-review
iea-2026-1066,Gwangyang LNG terminal blue hydrogen,South Korea,Other Asia Pacific,"POSCO INTERNATIONAL, ADNOC",Full chain,concept,Planned,,Power and heat,Power (gas),capture_capacity,,,,2024,,,,Dedicated storage,,https://hydrogen-central.com/posco-teams-up-with-uae-adnoc-for-blue-hydrogen/,2026-03-27,https://www.iea.org/data-and-statistics/data-product/ccus-projects-database,official_workbook,,unmatched-review
iea-2026-1067,SEDAC hub (AL) phase 1,United States,North America,"Southern States Energy Board, AirCapture, 8Rivers",Capture,concept,Planned,1,DAC,Direct Air Capture,capture_capacity,0.05,0.05,0.05,2023,,,,Dedicated storage,,https://www.sseb.org/programs/sedac_hub/|https://uploads-ssl.webflow.com/63c8119087b31650e9ba22d1/64dfe602ece0e8b489df986e_Aircapture%20DAC%20Hub%20Press%20Release%200823%20(1).pdf,2026-03-27,https://www.iea.org/data-and-statistics/data-product/ccus-projects-database,official_workbook,,unmatched-review
iea-2026-1068,SEDAC hub (AL) phase 2,United States,North America,"Southern States Energy Board, AirCapture, 8Rivers",Capture,concept,Planned,2,DAC,Direct Air Capture,capture_capacity,0.45,0.45,0.45,2023,,,,Dedicated storage,,https://www.sseb.org/programs/sedac_hub/|https://uploads-ssl.webflow.com/63c8119087b31650e9ba22d1/64dfe602ece0e8b489df986e_Aircapture%20DAC%20Hub%20Press%20Release%200823%20(1).pdf,2026-03-27,https://www.iea.org/data-and-statistics/data-product/ccus-projects-database,official_workbook,,unmatched-review
iea-2026-1069,Thorning storage,Denmark,Europe,Norne Thorning Storage ApS,Storage,concept,Planned,,CO2 T&S,CO2 storage,storage_injection_capacity,,,,2022,,,,Dedicated storage,,https://ens.dk/en/press/two-companies-want-store-co2-danish-subsurface,2026-03-27,https://www.iea.org/data-and-statistics/data-product/ccus-projects-database,official_workbook,,unmatched-review
iea-2026-1070,ENEOS MOL JX CO2 shipping,Japan-Australia,Australia and New Zealand,"ENEOS Corporation, JX Nippon Oil & Gas Exploration Corporation, Electric Power Development Co.,Ltd. (J-POWER)",T&S,concept,Planned,,CO2 T&S,CO2 T&S,storage_injection_capacity,,,,2023,,2030,,Dedicated storage,Northern to Western Kyushu Offshore CCS,https://www.offshore-energy.biz/mol-and-jx-to-develop-ccs-value-chain-between-japan-and-australia/|https://www.mol.co.jp/en/pr/2024/24019.html,2026-03-27,https://www.iea.org/data-and-statistics/data-product/ccus-projects-database,official_workbook,,unmatched-review
iea-2026-1072,Big spring refinery (TX) pilot,United States,North America,"Delek, Svante",Capture,concept,Planned,,Fuel transformation,Refining,capture_capacity,0.145,0.145,,2024,,2028,,Unknown/unspecified,,https://www.atmosfair.de/en/climate-protection-projects/negative-emissions/kenya-direct-air-capture/|https://www.svanteinc.com/news/svante-to-deploy-first-of-a-kind-commercial-scale-carbon-capture-plant-at-delek-uss-texas-refinery-with-doe-support/?trk=feed_main-feed-card_feed-article-content,2026-03-27,https://www.iea.org/data-and-statistics/data-product/ccus-projects-database,official_workbook,,unmatched-review
iea-2026-1073,Vicksburg Containerboard Mill (MS),United States,North America,"RTI International, IP, SLB Capturi, Amazon",Capture,cancelled,Cancelled,,Industry,Pulp and paper,capture_capacity,0.12,0.12,0.066,2024,,2029,2025,Unknown/unspecified,,https://www.energy.gov/oced/articles/oced-selects-four-projects-ky-ms-tx-and-wy-advance-technologies-reduce-harmful-carbon|https://www.amazon.science/blog/decarbonizing-paper-packaging?utm_campaign=decarbonizing-paper-packaging&utm_medium=organic-asw&utm_source=linkedin&utm_content=2024-02-29-decarbonizing-paper-packaging&utm_term=2024-february,2026-03-27,https://www.iea.org/data-and-statistics/data-product/ccus-projects-database,official_workbook,,unmatched-review
iea-2026-1075,Heartland Waste-to-Power Edmonton Varme facility (ALB),Canada,North America,"Varme Energy, Gibson Energy, City of Edmonton, Canada Growth Fund, Carbon Direct",Capture,concept,Planned,,Power and heat,Power and heat (waste),capture_capacity,0.13,0.13,0.065,2024,,2028,,Unknown/unspecified,,https://www.varmeenergy.com/city-of-edmonton-and-varme-energy-to-divert-150-000-tonnes-of-waste-from-landfill-through-waste-to-energy-agreement|https://www.babcock.com/home/about/corporate/news/babcock-and-wilcox-awarded-front-end-engineering-and-design-contract-for-canada-s-first-waste-to-energy-plant-with-carbon-capture-and-sequestration|https://www.carbon-direct.com/press/carbon-direct-varme-energy,2026-03-27,https://www.iea.org/data-and-statistics/data-product/ccus-projects-database,official_workbook,ca-varme-heartland,matched-exact
iea-2026-1076,Taiwan Cement Hualien oxyfuel pilot (Heping),Chinese Taipei,Other Asia Pacific,"Taiwan cement, Thyssenkrupp Polysius",Capture,concept,Planned,,Industry,Cement,capture_capacity,0.1,0.1,,2024,,2028,,Unknown/unspecified,,https://insights.thyssenkrupp-polysius.com/news/taiwan-cement-and-thyssenkrupp-polysius-sign-mou-to-build-a-separate-oxyfuel-calciner-in-taiwan/,2026-03-27,https://www.iea.org/data-and-statistics/data-product/ccus-projects-database,official_workbook,,unmatched-review
iea-2026-1077,Project Hummingbird,Kenya,Africa,"Octavia carbon, Cella Mineral",Full chain,construction,Under construction,1,DAC,Direct Air Capture,capture_capacity,0.001,0.001,0.001,,2024,2027,,Dedicated storage,,https://www.klimate.co/project/project-hummingbird|https://techcabal.com/2024/10/16/octavia-raises-5million-to-remove-co2-from-atmosphere/,2026-03-27,https://www.iea.org/data-and-statistics/data-product/ccus-projects-database,official_workbook,,unmatched-review
iea-2026-1079,Kredsløb Energipark Lisbjerg,Denmark,Europe,Kredsløb,Capture,concept,Planned,,Power and heat,Power and heat (waste),capture_capacity,0.36,0.36,0.18,2023,,2030,,Dedicated storage,,https://www.kredslob.dk/professionel/produkter-og-services/co2-fangst-i-aarhus,2026-03-27,https://www.iea.org/data-and-statistics/data-product/ccus-projects-database,official_workbook,,unmatched-review
iea-2026-1080,HOFOR Amagerværket,Denmark,Europe,"HOFOR, Elimini",Capture,concept,Planned,,Power and heat,Power (bioenergy),capture_capacity,0.9,0.9,0.9,2021,,2030,,Dedicated storage,,https://www.geos.ed.ac.uk/sccs/project-info/2731|https://www.hofor.dk/baeredygtige-byer/fremtidens-fjernvarme/amagervaerket/co2-fangst-paa-amagervaerket/|https://elimini.com/news/HOFOR-and-Elimini-Announcement,2026-03-27,https://www.iea.org/data-and-statistics/data-product/ccus-projects-database,official_workbook,,unmatched-review
iea-2026-1082,Equinor Mongstad refinery,Norway,Europe,"Equinor, Aker Solutions",Capture,cancelled,Cancelled,,Fuel transformation,Refining,capture_capacity,,,,2024,,,2025,Dedicated storage,,https://www.akersolutions.com/news/news-archive/2024/aker-solutions-to-support-the-industrial-transformation-of-mongstad/,2026-03-27,https://www.iea.org/data-and-statistics/data-product/ccus-projects-database,official_workbook,,unmatched-review
iea-2026-1084,Permian Regional Carbon Sequestration Hub (TX),United States,North America,Omnia midstream partners,T&S,concept,Planned,,CO2 T&S,CO2 T&S,storage_injection_capacity,2.0,2.0,,2023,,,,Unknown/unspecified,Permian Regional Carbon Sequestration Hub (TX),https://omniamidstream.com/project/permian-regional-carbon-sequestration-prcs-hub|https://www.energy.gov/articles/biden-harris-administration-invests-444-million-strengthen-americas-infrastructure,2026-03-27,https://www.iea.org/data-and-statistics/data-product/ccus-projects-database,official_workbook,,unmatched-review
iea-2026-1085,Montauk Energy biogas plants (TX),United States,North America,"Montauk Renewables, EE North America (European Energy)",CCU,concept,Planned,,Fuel transformation,Biogas,capture_capacity,0.14,0.14,,2023,,,,Use,,https://www.greencarcongress.com/2023/08/20230808-montauk.html|https://ir.montaukrenewables.com/news-releases/news-release-details/ee-north-america-and-montauk-renewables-forge-groundbreaking,2026-03-27,https://www.iea.org/data-and-statistics/data-product/ccus-projects-database,official_workbook,,unmatched-review
iea-2026-1087,Gärstaverket plant Linkoping,Sweden,Europe,"Teniska Verken, Capsol Technologies (feasibility)",Capture,concept,Planned,,Power and heat,Power and heat (waste),capture_capacity,0.25,0.25,0.125,2024,,,,Unknown/unspecified,,https://www.capsoltechnologies.com/,2026-03-27,https://www.iea.org/data-and-statistics/data-product/ccus-projects-database,official_workbook,,unmatched-review
iea-2026-1088,Celsio CCS project terminal,Norway,Europe,Hafslund Oslo Celsio (formerly Fortum Oslo Varme),Transport,concept,Planned,,CO2 T&S,CO2 transport,transport_capacity,0.4,0.4,,2016,,2029,,Dedicated storage,Northern Lights,https://www.akersolutions.com/news/news-archive/2024/aker-solutions-awarded-feed-for-celsios-ccs-terminal-at-the-port-of-oslo/,2026-03-27,https://www.iea.org/data-and-statistics/data-product/ccus-projects-database,official_workbook,,unmatched-review
iea-2026-1090,Veolia EfW to fuels,United Kingdom,Europe,Veolia,CCU,concept,Planned,,Power and heat,Power and heat (waste),capture_capacity,,,,2024,,2030,,Use,,https://www.newpower.info/2024/02/veolia-to-pilot-carbon-capture-for-its-energy-from-waste-sites/,2026-03-27,https://www.iea.org/data-and-statistics/data-product/ccus-projects-database,official_workbook,,unmatched-review
iea-2026-1091,Tomakomai area CCS - Hokkaido Electric Tomatouatsuma power station,Japan,Other Asia Pacific,Hokkaido Electric Power,Capture,concept,Planned,,Power and heat,Power (coal),capture_capacity,,,,2023,,2030,,Dedicated storage,Tomakomai area CCS,https://www.meti.go.jp/english/press/2023/0613_001.html,2026-03-27,https://www.iea.org/data-and-statistics/data-product/ccus-projects-database,official_workbook,,unmatched-review
iea-2026-1092,Tomakomai area CCS - Idemitsu Kosan Hokkaido Refinery,Japan,Other Asia Pacific,Idemitsu,Capture,concept,Planned,,Fuel transformation,Refining,capture_capacity,,,,2023,,2030,,Dedicated storage,Tomakomai area CCS,https://www.meti.go.jp/english/press/2023/0613_001.html,2026-03-27,https://www.iea.org/data-and-statistics/data-product/ccus-projects-database,official_workbook,,unmatched-review
iea-2026-1093,Everest,Germany,Europe,"Lhoist, Air Liquide",Capture,concept,Planned,,Industry,Lime,capture_capacity,1.4,1.4,,2023,,2029,,Dedicated storage,C Zero/Nautilus,https://ec.europa.eu/assets/cinea/project_fiches/innovation_fund/101132835.pdf|https://www.linkedin.com/posts/lhoist_innovationfund-decarbonisation-sustainableindustry-activity-7090635543415279616-Vx6q/,2026-03-27,https://www.iea.org/data-and-statistics/data-product/ccus-projects-database,official_workbook,,unmatched-review
iea-2026-1094,eCapt-Rhone LeTeil,France,Europe,"Elyse Energy, Holcim Group, Air Liquide",CCU,concept,Planned,,Industry,Cement,capture_capacity,0.2,0.2,,2023,,2028,,Use,,https://elyse.energy/en/elyse-energy-announces-the-opening-of-an-e-methanol-plant-on-the-roches-roussillon-chemical-hub|https://presse.bpifrance.fr/elyse-energy-annonce-un-financement-de-70-millions-deuros-avec-le-soutien-de-la-garantie-des-projets-strategiques-octroyee-par-bpifrance-assurance-export|https://www.fusacq.com/buzz/elyse-energy-annonce-un-financement-de-70-m-a256089_fr_,2026-03-27,https://www.iea.org/data-and-statistics/data-product/ccus-projects-database,official_workbook,,unmatched-review
iea-2026-1096,OCAP,Netherlands,Europe,OCAP (Linde),Transport,operating,Operational,,CO2 T&S,CO2 transport,transport_capacity,0.5,0.5,,2005,,2005,,Use,,,2026-03-27,https://www.iea.org/data-and-statistics/data-product/ccus-projects-database,official_workbook,,unmatched-review
iea-2026-1097,Aker Carbon Capture power plant Europe (unknown facilities),Unknown,Unknown,"Aker Carbon Capture, unknown company",Capture,concept,Planned,,Power and heat,Power (bioenergy),capture_capacity,14.0,14.0,14.0,2023,,,,Unknown/unspecified,,https://akercarboncapture.com/?cision_id=42ED18602F06D910,2026-03-27,https://www.iea.org/data-and-statistics/data-product/ccus-projects-database,official_workbook,,unmatched-review
iea-2026-1098,Aker Carbon Capture WtE e-fuels,Finland,Europe,"Aker Carbon Capture, unknown company",CCU,concept,Planned,,Power and heat,Power and heat (waste),capture_capacity,0.1,0.1,,2023,,,,Use,,https://akercarboncapture.com/?cision_id=4676790745A256E2,2026-03-27,https://www.iea.org/data-and-statistics/data-product/ccus-projects-database,official_workbook,,unmatched-review
iea-2026-1099,Aker Carbon Capture Biomass CHP (unknown facility),Germany,Europe,"Aker Carbon Capture, unknown company",Capture,concept,Planned,,Power and heat,Power (bioenergy),capture_capacity,0.25,0.25,0.25,2023,,,,Unknown/unspecified,,https://akercarboncapture.com/?cision_id=4338F917D2B89C6E,2026-03-27,https://www.iea.org/data-and-statistics/data-product/ccus-projects-database,official_workbook,,unmatched-review
iea-2026-1100,SLB Capturi Swedish energy company (unknown),Sweden,Europe,"SLB Capturi (pre-FEED), unknown company",Capture,concept,Planned,,Power and heat,Power (bioenergy),capture_capacity,0.2,0.2,0.2,2023,,,,Unknown/unspecified,,,2026-03-27,https://www.iea.org/data-and-statistics/data-product/ccus-projects-database,official_workbook,,unmatched-review
iea-2026-1101,Vattenfall Jordbro CHP plant,Sweden,Europe,"Vattenfall, Aker Carbon Capture",Capture,cancelled,Cancelled,,Power and heat,Power and heat (waste),capture_capacity,0.15,0.15,0.075,2023,,,2024,Unknown/unspecified,,https://bioenergyinternational.com/vattenfall-submits-beccs-permit-application/|https://swedenherald.com/article/vattenfall-stops-carbon-dioxide-capture,2026-03-27,https://www.iea.org/data-and-statistics/data-product/ccus-projects-database,official_workbook,,unmatched-review
iea-2026-1102,Aker Carbon Capture waste to energy Northern Europe (unknown facility),Unknown,Unknown,"Aker Carbon Capture, unknown company",Capture,concept,Planned,,Power and heat,Power and heat (waste),capture_capacity,,,,2024,,,,Unknown/unspecified,,https://akercarboncapture.com/?cision_id=3538EFD96277831D,2026-03-27,https://www.iea.org/data-and-statistics/data-product/ccus-projects-database,official_workbook,,unmatched-review
iea-2026-1103,Cliff Head CCS Project,Australia,Australia and New Zealand,Pilot Energy,Storage,concept,Planned,,CO2 T&S,CO2 storage,storage_injection_capacity,1.0,1.0,,2021,,2028,,Dedicated storage,Cliff Head CCS Project,,2026-03-27,https://www.iea.org/data-and-statistics/data-product/ccus-projects-database,official_workbook,au-cliff-head-ccs,matched-exact
iea-2026-1104,Lighthouse Green Fuels,United Kingdom,Europe,Alfanar,Capture,concept,Planned,,Fuel transformation,Biodiesel,capture_capacity,,,,2021,,2028,,Dedicated storage,Northern Endurance Partnership,https://www.lighthousegreenfuels.co.uk/sustainable-aviation-fuel/,2026-03-27,https://www.iea.org/data-and-statistics/data-product/ccus-projects-database,official_workbook,,unmatched-review
iea-2026-1105,Emerge CCS,United Kingdom,Europe,"Uniper, Fortum",Capture,concept,Planned,,Power and heat,Power and heat (waste),capture_capacity,,,,2021,,,,Dedicated storage,,https://www.uniper.energy/united-kingdom/projects-united-kingdom/emerge-centre,2026-03-27,https://www.iea.org/data-and-statistics/data-product/ccus-projects-database,official_workbook,,unmatched-review
iea-2026-1106,North Lincolnshire Green Energy Park (NLGEP),United Kingdom,Europe,Solar 21 Renewable Energy Limited,Capture,concept,Planned,,Power and heat,Power and heat (waste),capture_capacity,0.65,0.65,0.325,2021,,,,Dedicated storage,Northern Endurance Partnership,https://northlincolnshiregreenenergypark.co.uk/nlgep-our-plans/,2026-03-27,https://www.iea.org/data-and-statistics/data-product/ccus-projects-database,official_workbook,,unmatched-review
iea-2026-1107,Altalto,United Kingdom,Europe,Altalto Immingham Limited,Capture,concept,Planned,,Fuel transformation,Biodiesel,capture_capacity,,,,2021,,,,Dedicated storage,Northern Endurance Partnership,https://www.altalto.com/2023/05/10/altalto-immingham-project-update/,2026-03-27,https://www.iea.org/data-and-statistics/data-product/ccus-projects-database,official_workbook,,unmatched-review
iea-2026-1108,Seal Sands TGEPL,United Kingdom,Europe,solar 21 Renewable Energy Limited,Capture,concept,Planned,,Power and heat,Power and heat (waste),capture_capacity,,,,2021,,,,Dedicated storage,Northern Endurance Partnership,,2026-03-27,https://www.iea.org/data-and-statistics/data-product/ccus-projects-database,official_workbook,,unmatched-review
iea-2026-1109,Saint-Gobain glass,United Kingdom,Europe,Saint-gobain glass,Capture,concept,Planned,,Industry,Other industry,capture_capacity,,,,2021,,,,Dedicated storage,Northern Endurance Partnership,,2026-03-27,https://www.iea.org/data-and-statistics/data-product/ccus-projects-database,official_workbook,,unmatched-review
iea-2026-1110,Connah's Quay Low Carbon Power (CQLCP) Phase 1,United Kingdom,Europe,"Uniper, SLB Capturi",Capture,concept,Planned,1,Power and heat,Power (gas),capture_capacity,1.5,1.5,,2021,,2030,,Dedicated storage,Liverpool Bay CO2 storage (Hynet),https://www.uniper.energy/connahs-quay-low-carbon-power|https://www.carboncapturejournal.com/ViewNews.aspx?NewsID=6620|https://capturi.slb.com/resources/news/2025/slb-capturi-partners-with-worley-and-siemens-energy-for-unipers-low-carbon-power-project,2026-03-27,https://www.iea.org/data-and-statistics/data-product/ccus-projects-database,official_workbook,,unmatched-review
iea-2026-1111,Eramet Sauda,Norway,Europe,Eramet Norway,Capture,concept,Planned,,Industry,Iron and steel,capture_capacity,0.26,0.26,,2023,,2028,,Dedicated storage,,https://www.eramet.com/en/news/energy-and-climate-the-norwegian-government-invests-in-eramet-norways-projects/,2026-03-27,https://www.iea.org/data-and-statistics/data-product/ccus-projects-database,official_workbook,,unmatched-review
iea-2026-1112,Stakraft Varme Heimdal (Trondheim),Norway,Europe,"Statkraft Varme, Aker Carbon Capture",Capture,concept,Planned,,Power and heat,Power and heat (waste),capture_capacity,0.22,0.22,0.145,2023,,2030,,Dedicated storage,Northern Lights,https://www.statkraft.com/newsroom/news-and-stories/2023/carbon-capture-how-waste-incineration-can-become-climate-neutral/|https://akercarboncapture.com/?cision_id=995D97C1CD56F414,2026-03-27,https://www.iea.org/data-and-statistics/data-product/ccus-projects-database,official_workbook,,unmatched-review
iea-2026-1113,Returkraft Kristiansand,Norway,Europe,Returkraft,Capture,concept,Planned,,Power and heat,Power and heat (waste),capture_capacity,0.13,0.13,0.065,2023,,2030,,Dedicated storage,,,2026-03-27,https://www.iea.org/data-and-statistics/data-product/ccus-projects-database,official_workbook,,unmatched-review
iea-2026-1114,Grand Ouest CO2 (GOCO₂) transport,France,Europe,"Grand Ouest, GRT Gaz, Heidelberg Materials, Elengy, Lafarge, Lhoist",Transport,concept,Planned,,CO2 T&S,CO2 transport,transport_capacity,2.6,2.6,,2023,2027,2030,,Dedicated storage,GoCO2,https://www.heidelbergmaterials.fr/fr/groupe-goco2-un-projet-denvergure-de-captage-de-conditionnement-et-de-transport-du-co2-dorigine-industrielle-en-pays-de-la-loire-et-pour-le-grand-ouest|https://www.globalcement.com/news/item/15992-go-co2-carbon-capture-and-storage-project-launched,2026-03-27,https://www.iea.org/data-and-statistics/data-product/ccus-projects-database,official_workbook,,unmatched-review
iea-2026-1115,Neau Lime plant,France,Europe,Lhoist,Capture,concept,Planned,,Industry,Lime,capture_capacity,1.6,,,2023,2027,2030,,Dedicated storage,GoCO2,https://www.globalcement.com/news/item/15992-go-co2-carbon-capture-and-storage-project-launched,2026-03-27,https://www.iea.org/data-and-statistics/data-product/ccus-projects-database,official_workbook,,unmatched-review
iea-2026-1116,Saint-Pierre-la-Cour cement plant,France,Europe,Lafarge France (Holcim Group),Capture,concept,Planned,,Industry,Cement,capture_capacity,1.0,1.0,,2023,2029,2032,,Dedicated storage,GoCO2,https://www.globalcement.com/news/item/15992-go-co2-carbon-capture-and-storage-project-launched|https://concertation.goco2.fr/fr/le-projet-goco2,2026-03-27,https://www.iea.org/data-and-statistics/data-product/ccus-projects-database,official_workbook,,unmatched-review
iea-2026-1117,Shand (SK),Canada,North America,Saskpower,Capture,cancelled,Cancelled,,Power and heat,Power (coal),capture_capacity,2.0,2.0,,2018,,,2025,EOR,,https://res.cloudinary.com/dbtfcnfij/images/v1700717007/Global-Status-of-CCS-Report-Update-23-Nov/Global-Status-of-CCS-Report-Update-23-Nov.pdf?_i=AA|https://imii.ca/first-of-its-kind-study-underway-in-saskatchewan-exploring-the-potential-for-carbon-capture-and-storage-hubs-for-minerals-and-power-production/,2026-03-27,https://www.iea.org/data-and-statistics/data-product/ccus-projects-database,official_workbook,,unmatched-review
iea-2026-1118,NET Power Plant CCS (City of Estevan) (SK),Canada,North America,8 Rivers Capital and Net Power,Capture,concept,Planned,,Power and heat,Power (gas),capture_capacity,,,,2021,,,,Unknown/unspecified,,https://www.prnewswire.com/news-releases/8-rivers-capital-and-city-of-estevan-awarded-federal-grant-to-perform-a-feasibility-study-on-a-net-power-plant-deployment-in-saskatchewan-301206842.html,2026-03-27,https://www.iea.org/data-and-statistics/data-product/ccus-projects-database,official_workbook,,unmatched-review
iea-2026-1120,Elmworth Gas Plant (AB),Canada,North America,Cenovus,Capture,concept,Planned,,Fuel transformation,Natural gas processing/LNG,capture_capacity,,,,2023,,,,Unknown/unspecified,,https://pathwaysalliance.ca/news/q-and-a-progress-on-the-pathways-alliance-net-zero-goal/|https://www.cenovus.com/-/media/FCA5F5D0FBC345DC8FBC93DEF08D292E.ashx,2026-03-27,https://www.iea.org/data-and-statistics/data-product/ccus-projects-database,official_workbook,,unmatched-review
iea-2026-1121,K+S Potash CCS (SK),Canada,North America,"K+S Potash Canada, Whitecap Resources",Capture,concept,Planned,,Industry,Other industry,capture_capacity,,,,2023,,,,Dedicated storage,Southeast Saskatchewan CCUS Hub (Belle Plaine and Weyburn),https://natural-resources.canada.ca/science-and-data/funding-partnerships/opportunities/current-investments/heat-integrated-carbon-capture-and-storage-potash-mine/25243|https://www.ks-potashcanada.com/wp-content/uploads/2023/11/22-KSPC-CommunityReport-REV.pdf|https://training.saskatchewan.ca/EnergyAndResources/Files/Notices/2023/MRO%20120-23.pdf,2026-03-27,https://www.iea.org/data-and-statistics/data-product/ccus-projects-database,official_workbook,,unmatched-review
iea-2026-1122,Lamont Carbon Hub (ALB),Canada,North America,"Wolf Midstream, Whitecap Resources, First Nation Capital Investment Partnership (FNCIP) and Heart Lake First Nation",Storage,concept,Planned,,CO2 T&S,CO2 storage,storage_injection_capacity,3.0,2.0,,2023,,2027,,Dedicated storage,"Alberta Carbon Trunk Line (Transport), Lamont Carbon Hub (Storage)",https://www.wcap.ca/application/files/5117/0467/2525/WCP_2024_01_07.pdf,2026-03-27,https://www.iea.org/data-and-statistics/data-product/ccus-projects-database,official_workbook,,unmatched-review
iea-2026-1123,Lloydminster Upgrader,Canada,North America,Cenovus,Capture,concept,Planned,,Fuel transformation,Oil and gas extraction,capture_capacity,,,,2023,,,,Unknown/unspecified,,https://pathwaysalliance.ca/news/q-and-a-progress-on-the-pathways-alliance-net-zero-goal/|https://www.cenovus.com/-/media/FCA5F5D0FBC345DC8FBC93DEF08D292E.ashx,2026-03-27,https://www.iea.org/data-and-statistics/data-product/ccus-projects-database,official_workbook,,unmatched-review
iea-2026-1124,Minnedosa Ethanol Plant (MB),Canada,North America,Cenovus,Full chain,concept,Planned,,Fuel transformation,Bioethanol,capture_capacity,,,,2022,,,,Unknown/unspecified,,https://natural-resources.canada.ca/science-and-data/funding-partnerships/opportunities/current-investments/minnedosa-ethanol-plant-co2-sequestration/25229,2026-03-27,https://www.iea.org/data-and-statistics/data-product/ccus-projects-database,official_workbook,,unmatched-review
iea-2026-1125,Moraine (GE) Power Generation (ALB),Canada,North America,Moraine Initiative Ltd (GE),Capture,concept,Planned,,Power and heat,Power (gas),capture_capacity,,,,2022,,2027,,Dedicated storage,Athabasca Banks Carbon Hub (ALB),https://morainepower.ca/project-details/|https://morainepowerca.files.wordpress.com/2023/06/moraine_project_map-2.png,2026-03-27,https://www.iea.org/data-and-statistics/data-product/ccus-projects-database,official_workbook,,unmatched-review
iea-2026-1127,Duke Energy Edwardsport Integrated Gasification Combined Cycle plant (IN),United States,North America,"Duke Energy, DOE Office of Clean Energy Demonstrations",Capture,concept,Planned,,Power and heat,Power (coal),capture_capacity,3.6,3.6,,2023,,,,Dedicated storage,,https://www.energy.gov/oced/carbon-capture-demonstration-projects-program-front-end-engineering-design-feed-studies,2026-03-27,https://www.iea.org/data-and-statistics/data-product/ccus-projects-database,official_workbook,,unmatched-review
iea-2026-1128,Cypress Carbon Capture Project (LA),United States,North America,"Taft Carbon Capture, DOE Office of Clean Energy Demonstrations",Capture,concept,Planned,,Power and heat,Power (gas),capture_capacity,2.6,2.6,,2023,,,,Dedicated storage,,https://www.energy.gov/oced/carbon-capture-demonstration-projects-program-front-end-engineering-design-feed-studies|https://www.energy.gov/oced/articles/oced-issues-50m-direct-air-capture-hub-project-cypress,2026-03-27,https://www.iea.org/data-and-statistics/data-product/ccus-projects-database,official_workbook,,unmatched-review
iea-2026-1129,Ash Grove Cement Foreman Plant (AR),United States,North America,"Southern States Energy Board, DOE Office of Clean Energy Demonstrations",Full chain,concept,Planned,,Industry,Cement,capture_capacity,1.4,1.4,,2023,,2030,,Dedicated storage,,https://www.energy.gov/oced/carbon-capture-demonstration-projects-program-front-end-engineering-design-feed-studies|https://www.ashgrove.com/newsroom/fkjqps9dgr3cd4ux2nl14797qrh7qz-tntec|https://www.energy.gov/sites/default/files/2024-01/OCED_CCFEEDs_AwardeeFactSheet_SSEB_1.5.24.pdf|https://usa.airliquide.com/air-liquides-cryocaptm-carbon-capture-technology-selected-feed-study-supported-us-department-energy,2026-03-27,https://www.iea.org/data-and-statistics/data-product/ccus-projects-database,official_workbook,,unmatched-review
iea-2026-1130,Lake Charles Power Station Integrated CO2 Capture Project (LA),United States,North America,"Entergy, Crescent Midstream,Talos Energy (Total Energies), DOE Office of Clean Energy Demonstrations",Full chain,concept,Planned,,Power and heat,Power (gas),capture_capacity,3.0,3.0,,2023,,2028,,Dedicated storage,,https://www.energy.gov/oced/carbon-capture-demonstration-projects-program-front-end-engineering-design-feed-studies|https://www.reuters.com/sustainability/climate-energy/carlyle-backed-crescent-midstream-build-carbon-capture-storage-unit-louisiana-2024-09-20/|https://www.modernpowersystems.com/analysis/carbon-capture-from-entergy-ccgt/?cf-view,2026-03-27,https://www.iea.org/data-and-statistics/data-product/ccus-projects-database,official_workbook,,unmatched-review
iea-2026-1131,Four Corners Power Plant Integrated Carbon Capture and Storage (NM),United States,North America,"Navajo Transitional Energy Company, LLC (NTEC), DOE Office of Clean Energy Demonstrations",Full chain,concept,Planned,,Power and heat,Power (coal),capture_capacity,10.0,10.0,,2023,,,,Dedicated storage,,https://www.energy.gov/oced/carbon-capture-demonstration-projects-program-front-end-engineering-design-feed-studies|https://carboncapturemagazine.com/articles/ntec-awarded-655m-by-doe-for-carbon-capture-study-at-four-corners-power-plant|https://navenergy.com/navajo-transitional-energy-company-awarded-6-55-million-by-the-u-s-department-of-energy-for-carbon-capture-study-at-four-corners-power-plant/,2026-03-27,https://www.iea.org/data-and-statistics/data-product/ccus-projects-database,official_workbook,,unmatched-review
iea-2026-1132,East Niigata area CCS - Tohoku Electric Power,Japan,Other Asia Pacific,Tohoku Electric Power,Capture,concept,Planned,,Power and heat,Power (gas),capture_capacity,,,,2023,,2030,,Dedicated storage,East Niigata area CCS,https://www.energy.gov/oced/carbon-capture-demonstration-projects-program-front-end-engineering-design-feed-studies,2026-03-27,https://www.iea.org/data-and-statistics/data-product/ccus-projects-database,official_workbook,,unmatched-review
iea-2026-1133,East Niigata area CCS - Mitsubshi gas chemical,Japan,Other Asia Pacific,Mitsubishi Gas Chemical,Capture,concept,Planned,,Industry,Chemicals,capture_capacity,,,,2023,,2030,,Dedicated storage,East Niigata area CCS,https://www.meti.go.jp/english/press/2023/0613_001.html,2026-03-27,https://www.iea.org/data-and-statistics/data-product/ccus-projects-database,official_workbook,,unmatched-review
iea-2026-1134,East Niigata area CCS - Hokuetsu pulp plant,Japan,Other Asia Pacific,"Hokuetsu, Mistubishi Heavy Industries",Capture,concept,Planned,,Industry,Pulp and paper,capture_capacity,,,,2023,,2030,,Dedicated storage,East Niigata area CCS,https://www.meti.go.jp/english/press/2023/0613_001.html|https://www.mhi.com/news/24112901.html,2026-03-27,https://www.iea.org/data-and-statistics/data-product/ccus-projects-database,official_workbook,,unmatched-review
iea-2026-1135,Metropolitan Area CCS - Nippon steel plant,Japan,Other Asia Pacific,"INPEX Corporation, Nippon Steel Corporation, Kanto Natural Gas Development Co., Ltd.",Capture,concept,Planned,,Industry,Iron and steel,capture_capacity,,,,2023,,2030,,Dedicated storage,Metropolitan Area CCS,https://www.meti.go.jp/english/press/2023/0613_001.html|https://www.inpex.com/english/business/project/metropolitan-ccs.html,2026-03-27,https://www.iea.org/data-and-statistics/data-product/ccus-projects-database,official_workbook,,unmatched-review
iea-2026-1136,Offshore Western Kyushu CCS - Eneos refinery,Japan,Other Asia Pacific,"Eneos Holdings, J-Power, JX",Capture,concept,Planned,,Fuel transformation,Refining,capture_capacity,,,,2022,2026,2030,,Dedicated storage,Offshore Western Kyushu CCS,https://www.meti.go.jp/english/press/2023/0613_001.html|https://www.meti.go.jp/english/press/2024/0628_005.html|https://www.jpower.co.jp/english/news_release/pdf/news241015_2e.pdf,2026-03-27,https://www.iea.org/data-and-statistics/data-product/ccus-projects-database,official_workbook,,unmatched-review
iea-2026-1138,CO2NTESSA,Croatia,Europe,"Nexe Group, ThyssenKrupp Group, Nasice cement",Capture,concept,Planned,,Industry,Cement,capture_capacity,0.739,0.739,,2023,2026,2029,,Dedicated storage,Geothermal CCS Croatia,https://www.nexe.hr/en/co2ntessa/|https://climate.ec.europa.eu/system/files/2024-01/policy_ccs_implementation_20231215_capture_en.pdf,2026-03-27,https://www.iea.org/data-and-statistics/data-product/ccus-projects-database,official_workbook,,unmatched-review
iea-2026-1139,Natran Group CO2 backbone,France,Europe,Natran Group,Transport,concept,Planned,,CO2 T&S,CO2 transport,transport_capacity,5.0,5.0,,2023,,2028,,Dedicated storage,,https://www.grtgaz.com/en/our-energy-transition/co2-transport,2026-03-27,https://www.iea.org/data-and-statistics/data-product/ccus-projects-database,official_workbook,,unmatched-review
iea-2026-1140,Motor Oil Hellas (Iris Project),Greece,Europe,Motor Oil,Capture,concept,Planned,,Fuel transformation,Hydrogen or ammonia,capture_capacity,0.858,0.858,,2023,,2029,,Dedicated storage,,https://www.iris-ccus-project.eu/en/about-iris-ccus-project/|https://www.marketscreener.com/quote/stock/MOTOR-OIL-HELLAS-CORINTH--1408781/news/Motor-Oil-Hellas-Corinth-Refineries-S-A-The-Innovation-Fund-Grant-Agreement-for-Motor-Oil-s-fla-45590584/|https://www.moh.gr/en/news/motor-oil-group-makes-decisive-progress-in-its-green-transformation-with-the-support-of-the-e-e-innovation-fund/,2026-03-27,https://www.iea.org/data-and-statistics/data-product/ccus-projects-database,official_workbook,,unmatched-review
iea-2026-1141,IFESTOS Carbon Capture (Kamari plant),Greece,Europe,Titan Group,Capture,concept,Planned,,Industry,Cement,capture_capacity,1.9,1.9,,2023,2026,2029,,Dedicated storage,,https://www.titan-cement.com/net-zero/#1654414404277-6f473531-242d|https://www.globalcement.com/news/item/16017-titan-group-s-kamari-cement-plant-to-host-1-9mt-yr-carbon-capture-project|https://www.thyssenkrupp.com/en/newsroom/press-releases/pressdetailpage/thyssenkrupp-wins-engineering-contract-for-one-of-the-largest-carbon-capture-projects-in-europe-286896|https://www.titanmaterials.com/net-zero/net-zero-innovation/,2026-03-27,https://www.iea.org/data-and-statistics/data-product/ccus-projects-database,official_workbook,,unmatched-review
iea-2026-1142,Beremend cement factory,Hungary,Europe,DDC,Capture,concept,Planned,,Industry,Cement,capture_capacity,0.315,0.315,,2023,,2032,,Dedicated storage,,https://zeroemissionsplatform.eu/wp-content/uploads/Detailed_information_regarding_the_candidate_projects_CO2_networks_Dec_2022_v2.pdf|https://total-croatia-news.com/news/business/croatian-nexe/,2026-03-27,https://www.iea.org/data-and-statistics/data-product/ccus-projects-database,official_workbook,,unmatched-review
iea-2026-1143,Orlen Lietuva,Lithuania,Europe,"Orlen Lietuva, KN Energies (operator), CCS Baltic Consortium",Capture,concept,Planned,,Fuel transformation,Refining,capture_capacity,0.3,0.3,,2022,,2030,,Dedicated storage,CCS Baltic Consortium,https://www.kn.lt/en/news/news/kn-akmenes-cementas-and-orlen-lietuva-to-evaluate-the-applicability-of-liquefied-co2-capture-technology/5686|https://carbonherald.com/eu-backs-baltic-co2-terminal-with-e3m-grant-in-lithuania/,2026-03-27,https://www.iea.org/data-and-statistics/data-product/ccus-projects-database,official_workbook,,unmatched-review
iea-2026-1144,AEB Amsterdam,Netherlands,Europe,"AEB Amsterdam, SLB Capturi",Full chain,concept,Planned,,Power and heat,Power and heat (waste),capture_capacity,0.5,0.5,0.315,2021,,2028,,Dedicated storage,,https://www.kn.lt/en/news/news/kn-akmenes-cementas-and-orlen-lietuva-to-evaluate-the-applicability-of-liquefied-co2-capture-technology/5686|https://www.aebamsterdam.com/technology/|https://capturi.slb.com/resources/news/2025/slb-capturi-to-take-part-in-carbon-capture-feed-delivery-to-aeb-amsterdam,2026-03-27,https://www.iea.org/data-and-statistics/data-product/ccus-projects-database,official_workbook,,unmatched-review
iea-2026-1146,ECOPLANTA (Tarragona),Spain,Europe,ECOPLANTA MOLECULAR RECYCLING SOLUTIONS S.L,CCU,concept,Planned,,Power and heat,Power and heat (waste),capture_capacity,0.34,0.34,,2021,,2027,,Use,,https://climate.ec.europa.eu/system/files/2022-07/if_pf_2022_ecoplanta_en_0.pdf,2026-03-27,https://www.iea.org/data-and-statistics/data-product/ccus-projects-database,official_workbook,,unmatched-review
iea-2026-1148,S-Hub project (*capture sources under evaluation),Singapore,Other Asia Pacific,"Singapore Economic Development Board, ExxonMobil, Asia Pacific Pte, Shell Singapore Pte",T&S,concept,Planned,,CO2 T&S,CO2 T&S,storage_injection_capacity,2.5,2.5,,2024,,,,Dedicated storage,,https://www.exxonmobil.com.sg/news/newsroom/news-releases/2024/0301-exxonmobil-and-shell-selected-to-work-with-the-govt-of-singapore-on-a-ccs-value-chain,2026-03-27,https://www.iea.org/data-and-statistics/data-product/ccus-projects-database,official_workbook,,unmatched-review
iea-2026-1150,Valero 8 ethanol plants,United States,North America,"Valero, Summit carbon solutions",Capture,concept,Planned,,Fuel transformation,Bioethanol,capture_capacity,3.1,3.1,3.1,2024,,2030,,Dedicated storage,Midwest carbon express,https://summitcarbonsolutions.com/summit-carbon-solutions-announces-new-shipper-for-its-carbon-capture-project/,2026-03-27,https://www.iea.org/data-and-statistics/data-product/ccus-projects-database,official_workbook,,unmatched-review
iea-2026-1151,"Weyerhauser-Lapis Energy CO2 sequestration (AR, LA, MS)",United States,North America,"Weyerhauser, Lapis Energy",Storage,concept,Planned,,CO2 T&S,CO2 storage,storage_injection_capacity,,,,2024,,,,Dedicated storage,,https://investor.weyerhaeuser.com/2024-02-27-Weyerhaeuser-and-Lapis-Energy-Announce-Carbon-Sequestration-Exploration-Agreement,2026-03-27,https://www.iea.org/data-and-statistics/data-product/ccus-projects-database,official_workbook,,unmatched-review
iea-2026-1152,SLB Capturi CO280 Solutions pulp and paper mill,United States,North America,"Aker Carbon Capture (SLB Capturi), CO280",Capture,concept,Planned,,Industry,Pulp and paper,capture_capacity,0.8,0.8,0.8,2024,,2030,,Dedicated storage,,https://www.slb.com/news-and-insights/newsroom/press-release/2024/slb-and-aker-joint-venture-awarded-feed-contract-by-co280-for-large-scale-carbon-removal-project|https://www.co280.com/post/co280-successfully-completes-carbon-capture-field-pilot-at-a-u-s-pulp-and-paper-mill|https://capturi.slb.com/resources/news/2025/slb-capturi-and-co280-successfully-completes-carbon-capture-field-pilot-at-a-us-pulp-and-paper-mill,2026-03-27,https://www.iea.org/data-and-statistics/data-product/ccus-projects-database,official_workbook,,unmatched-review
iea-2026-1153,BioCirc biogas plant,Denmark,Europe,BioCirc CO2 ApS,Capture,construction,Under construction,,Fuel transformation,Biogas,capture_capacity,0.131,0.131,0.131,2024,2025,2026,,Dedicated storage,Greensand,https://ens.dk/en/press/three-new-ccs-projects-have-been-pledged-support-capture-and-store-biogenic-co2|https://www.linkedin.com/feed/update/urn:li:activity:7186306652109684736/|https://biocirc.com/projects,2026-03-27,https://www.iea.org/data-and-statistics/data-product/ccus-projects-database,official_workbook,,unmatched-review
iea-2026-1154,Capsol feasibility study waste to energy Germany,Germany,Europe,"Capsol, unknown companies",Capture,concept,Planned,,Power and heat,Power and heat (waste),capture_capacity,0.18,0.18,0.09,2024,,,,Unknown/unspecified,,https://gateway.euronext.com/front-customer/corporate/page?reference=6c4fa8dd8f8fa44fecfe3b66234e40a9b98d4d25378ac502fb228501aa90cdc8&authKey=560e949f85a8ee1c7bb60d43e84b0e0dff0f9174c9d265b1cc47baf94b25d5fa#company-press-release-1940518|https://www.carboncapturejournal.com/ViewNews.aspx?NewsID=6585,2026-03-27,https://www.iea.org/data-and-statistics/data-product/ccus-projects-database,official_workbook,,unmatched-review
iea-2026-1156,Climeworks Enova DAC+S plant,Norway,Europe,"Climeworks, Enova",Capture,concept,Planned,,DAC,Direct Air Capture,capture_capacity,,,,2024,,,,Dedicated storage,,https://climeworks.com/press-release/climeworks-to-study-large-scale-dac-s-deployment-in-norway,2026-03-27,https://www.iea.org/data-and-statistics/data-product/ccus-projects-database,official_workbook,,unmatched-review
iea-2026-1160,Lebec Net Zero Cement Plant project (CA),United States,North America,"National Cement Company of California (NCC-California), Carbon TerraVault",Capture,cancelled,Cancelled,,Industry,Cement,capture_capacity,0.95,0.95,0.095,2024,,,,Dedicated storage,,https://www.energy.gov/oced/industrial-demonstrations-program-selections-award-negotiations-cement-and-concrete|https://www.energy.gov/sites/default/files/2024-04/IDP%20Western%20Community%20Briefing%20FINAL.pdf|https://lebecnetzero.com/press-releases/natcem-finalizes-doe-agreement|https://www.crc.com/news-releases/news-release-details/carbon-terravault-and-national-cement-sign-mou-californias-first,2026-03-27,https://www.iea.org/data-and-statistics/data-product/ccus-projects-database,official_workbook,,unmatched-review
iea-2026-1162,SECURE,United States,North America,T.EN Stone & Webster Process Technology,CCU,concept,Planned,,Industry,Chemicals,capture_capacity,0.411,,,2024,,,,Use,,https://www.energy.gov/oced/industrial-demonstrations-program-selections-award-negotiations-chemicals-and-refining,2026-03-27,https://www.iea.org/data-and-statistics/data-product/ccus-projects-database,official_workbook,,unmatched-review
iea-2026-1166,Rana ferrosilicon smelter capture,Norway,Europe,Elkem,Capture,concept,Planned,1,Industry,Iron and steel,capture_capacity,1.5,1.5,,2024,,,,Dedicated storage,Rana CCS hub,https://www.elkem.com/no/presserom/nyheter/article/?itemid=CEB799FA3E5A68E6,2026-03-27,https://www.iea.org/data-and-statistics/data-product/ccus-projects-database,official_workbook,,unmatched-review
iea-2026-1167,Rana ferroglobe,Norway,Europe,Ferroglobe,Capture,concept,Planned,1,Industry,Iron and steel,capture_capacity,3.7,3.7,,2024,,,,Dedicated storage,Rana CCS hub,https://www.elkem.com/no/presserom/nyheter/article/?itemid=CEB799FA3E5A68E6,2026-03-27,https://www.iea.org/data-and-statistics/data-product/ccus-projects-database,official_workbook,,unmatched-review
iea-2026-1169,Sindal Biogas Hjørring Municipality,Denmark,Europe,"Copenhagen Infrastructure Partners, KK Invest, Danish Bio Commodities",Capture,concept,Planned,,Fuel transformation,Biogas,capture_capacity,,,,2024,,,,Unknown/unspecified,,https://www.globenewswire.com/news-release/2024/05/17/2884068/0/en/Copenhagen-Infrastructure-Partners-KK-Invest-and-Danish-Bio-Commodities-to-operate-and-develop-one-of-Denmark-s-largest-biogas-plants.html,2026-03-27,https://www.iea.org/data-and-statistics/data-product/ccus-projects-database,official_workbook,,unmatched-review
iea-2026-1170,ExxonMobil Petrobras CCUS hub MoU (ES) (phase 2/extension of Santos basin EOR?),Brazil,Central and South America,"Petrobras, ExxonMobil",Storage,concept,Planned,2,CO2 T&S,CO2 storage,storage_injection_capacity,,,,2024,,,,Unknown/unspecified,,https://corporate.arcelormittal.com/media/news-articles/petrobras-and-arcelormittal-sign-agreement-for-low-carbon-business-studies-and-assessments#,2026-03-27,https://www.iea.org/data-and-statistics/data-product/ccus-projects-database,official_workbook,,unmatched-review
iea-2026-1172,Climeworks Mammoth Project phase 2,Iceland,Europe,"Climeworks, Carbfix",Full chain,construction,Under construction,2,DAC,Direct Air Capture,capture_capacity,0.03,0.03,0.03,2022,2022,2026,,Dedicated storage,,https://climeworks.com/press-release/climeworks-switches-on-worlds-largest-direct-air-capture-plant-mammoth|https://www.qcintel.com/carbon/article/climeworks-admits-delay-in-ramp-up-of-mammoth-dac-plant-41222.html,2026-03-27,https://www.iea.org/data-and-statistics/data-product/ccus-projects-database,official_workbook,,unmatched-review
iea-2026-1173,Shell Netherlands Pernis Refineries CCS,Netherlands,Europe,Shell,Full chain,construction,Under construction,,Fuel transformation,Refining,capture_capacity,0.75,0.75,,2021,,2026,,Dedicated storage,Porthos,https://www.globalccsinstitute.com/wp-content/uploads/2022/05/State-of-the-Art-CCS-Technologies-2022.pdf,2026-03-27,https://www.iea.org/data-and-statistics/data-product/ccus-projects-database,official_workbook,,unmatched-review
iea-2026-1176,Transport facility Nucor Direct Reduced Iron (LA),United States,North America,"ExxonMobil, Technip Energies, Turner Industries",Transport,concept,Planned,,CO2 T&S,CO2 transport,transport_capacity,0.8,0.8,,2024,,,,Unknown/unspecified,,,2026-03-27,https://www.iea.org/data-and-statistics/data-product/ccus-projects-database,official_workbook,,unmatched-review
iea-2026-1179,CO2 Highway Europe (Zeebrugge offshore CO2 pipeline),France-Belgium-Norway,Europe,"Equinor, Fluxys, Natran",Transport,concept,Planned,,CO2 T&S,CO2 transport,transport_capacity,18.0,18.0,,2022,2026,2032,,Dedicated storage,,https://www.equinor.com/energy/co2highwayeurope|https://www.equinor.com/news/20240617-grtgaz-agreement-develop-co2-infrastructure|https://www.fluxys.com/en/projects/zeebrugge-offshore-co2-pipeline,2026-03-27,https://www.iea.org/data-and-statistics/data-product/ccus-projects-database,official_workbook,,unmatched-review
iea-2026-1182,Kemi mill Rauma,Finland,Europe,"Metsa Group, ANDRITZ",Capture,concept,Planned,,Industry,Pulp and paper,capture_capacity,4.0,4.0,4.0,2024,,,,Unknown/unspecified,,https://www.metsagroup.com/news-and-publications/news/2024/metsa-group-and-andritz-start-pioneering-investigation-on-capturing-wood-based-carbon-dioxide/|https://www.carboncapture-expo.com/industry-news/andritz-metsa-group-conduct-first-survey-ccs-requirements|https://www.metsagroup.com/news-and-publications/news/2025/metsa-groups-carbon-capture-pilot-underway--investigation-of-a-demo-plant-beginning/,2026-03-27,https://www.iea.org/data-and-statistics/data-product/ccus-projects-database,official_workbook,,unmatched-review
iea-2026-1184,"Strathcona / Serafina CCS (ALB, SK)",Canada,North America,"Strathcona Resources Ltd., Canada Growth Fund",Full chain,concept,Planned,,Fuel transformation,Oil and gas extraction,capture_capacity,2.0,2.0,,2022,,,,Dedicated storage,,https://www.strathconaresources.com/strathcona-resources-announces-up-to-2-billion-carbon-capture-partnership-with-canada-growth-fund/|https://www.eralberta.ca/projects/details/feasibility-and-feed-for-post-combustion-flue-gas-carbon-capture-at-strathcona-resources-ltd-cold-lake-region-sagd-facilities/|https://decarbconnect.com/project/strathcona-cold-lake-ccus-hub/,2026-03-27,https://www.iea.org/data-and-statistics/data-product/ccus-projects-database,official_workbook,,unmatched-review
iea-2026-1185,Methanex Medicine Hat plant (ALB),Canada,North America,"Methanex Corporation, Entropy Inc.",Full chain,concept,Planned,,Industry,Chemicals,capture_capacity,0.146,0.146,,2024,,,,Mixed,,https://www.methanex.com/news/release/methanex-and-entropy-partner-to-reduce-emissions-in-methanol-production/,2026-03-27,https://www.iea.org/data-and-statistics/data-product/ccus-projects-database,official_workbook,,unmatched-review
iea-2026-1186,Mustasaari waste-to-energy plant,Finland,Europe,"ANDRITZ, Westenergy Ltd, CPC Finland Oy and funds managed by Prime Capital AG",CCU,concept,Planned,,Power and heat,Power and heat (waste),capture_capacity,,,,2024,,,,Use,,https://www.andritz.com/newsroom-en/environmental-solutions/2024-07-24-westenergy-group,2026-03-27,https://www.iea.org/data-and-statistics/data-product/ccus-projects-database,official_workbook,,unmatched-review
iea-2026-1188,Middle Arm CO2 import terminal (NT),Australia,Australia and New Zealand,"Northern Territory Government, Vopak",Transport,concept,Planned,,CO2 T&S,CO2 transport,transport_capacity,,,,2024,,,,Unknown/unspecified,,https://www.vopak.com/newsroom/news/northern-territory-government-and-vopak-sign-mou-cooperate-common-user-co2|https://www.abc.net.au/news/2025-11-30/darwin-import-carbon-capture-plan-pollution-dumping-ground/106040704,2026-03-27,https://www.iea.org/data-and-statistics/data-product/ccus-projects-database,official_workbook,,unmatched-review
iea-2026-1190,Blue Horizon,Oman,Middle East,"Oman Shell, Wood, KBR",Full chain,concept,Planned,,Fuel transformation,Hydrogen or ammonia,capture_capacity,,,,2024,,,,Dedicated storage,,https://www.woodplc.com/news/latest-news-articles/2024/wood-to-deliver-pre-feed-for-shells-pioneering-blue-hydrogen-project-in-oman|https://www.kbr.com/en-gb/node/10296,2026-03-27,https://www.iea.org/data-and-statistics/data-product/ccus-projects-database,official_workbook,,unmatched-review
iea-2026-1191,Grandpuits DAC hub,France,Europe,"RepAir Carbon US Inc., C-Questra",Full chain,concept,Planned,,DAC,Direct Air Capture,capture_capacity,0.1,0.1,0.1,2024,,2030,,Dedicated storage,,https://www.repair-carbon.com/press-posts/repair-carbon-us-inc-and-c-questra-launch-the-eus-first-onshore-carbon-dioxide-removal-project|https://www.albacombee.com/premier-projet-de-captage-de-co2-a-grandpuits-77/,2026-03-27,https://www.iea.org/data-and-statistics/data-product/ccus-projects-database,official_workbook,,unmatched-review
iea-2026-1192,Yulin geological storage research facility and CCUS demonstration project (Shaanxi),People's Republic of China,Other Asia Pacific,Northwest University,Storage,concept,Planned,,CO2 T&S,CO2 storage,storage_injection_capacity,0.1,0.1,,2023,,,,Dedicated storage,,https://www.mtkxjs.com.cn/en/article/doi/10.12438/cst.2023-0808?viewType=HTML,2026-03-27,https://www.iea.org/data-and-statistics/data-product/ccus-projects-database,official_workbook,,unmatched-review
iea-2026-1194,K-Line Sumitomo Japan-US study,Japan-United States,Other Asia Pacific,"K-Line, Sumitomo",T&S,concept,Planned,,CO2 T&S,CO2 T&S,storage_injection_capacity,,,,2024,,,,Unknown/unspecified,,https://www.sumitomocorp.com/en/mideast/news/topics/2024/group/20241011,2026-03-27,https://www.iea.org/data-and-statistics/data-product/ccus-projects-database,official_workbook,,unmatched-review
iea-2026-1195,JSW Steel's Vijayanagar site,India,Other Asia Pacific,"BHP, Carbon Clean, JSW",Capture,concept,Planned,,Industry,Iron and steel,capture_capacity,0.1,0.1,,2024,,2030,,Unknown/unspecified,,https://www.carbonclean.com/en/press-releases/bhp-jsw-carbon-clean,2026-03-27,https://www.iea.org/data-and-statistics/data-product/ccus-projects-database,official_workbook,,unmatched-review
iea-2026-1198,GE Vernova FEED studies,Saudi Arabia,Middle East,"ASHOMCo, GE Vernova",Capture,concept,Planned,,Power and heat,Power (gas),capture_capacity,,,,2024,,,,Unknown/unspecified,,https://www.gevernova.com/news/press-releases/ge-vernova-completes-feed-studies-how-reduce-carbon-emissions-three-power-plants,2026-03-27,https://www.iea.org/data-and-statistics/data-product/ccus-projects-database,official_workbook,,unmatched-review
iea-2026-1199,Carbon Iceland Nordural plant,Iceland,Europe,Carbon Iceland,CCU,concept,Planned,,Industry,Aluminium,capture_capacity,1.0,1.0,,2024,,,,Use,,https://carboniceland.is/carbon-iceland-and-zephyr-sign-an-agreement/,2026-03-27,https://www.iea.org/data-and-statistics/data-product/ccus-projects-database,official_workbook,,unmatched-review
iea-2026-1201,Eramet Manganese Porsgrunn phase 2,Norway,Europe,Eramet,Full chain,concept,Planned,2,Industry,Other industry,capture_capacity,,,,2024,,,,Dedicated storage,,https://www.eramet.com/en/news/2024/10/lanzatech-and-eramet-announce-plans-for-first-of-a-kind-integrated-carbon-capture-utilization-and-storage-ccus-project-in-norway/,2026-03-27,https://www.iea.org/data-and-statistics/data-product/ccus-projects-database,official_workbook,,unmatched-review
iea-2026-1203,TarraCO2,Spain,Europe,Repsol,T&S,concept,Planned,,CO2 T&S,CO2 storage,storage_injection_capacity,2.0,2.0,,2022,,2031,,Dedicated storage,TarraCO2,https://inspenet.com/en/noticias/store-co2-on-the-coast-of-tarragona/|https://ec.europa.eu/assets/cinea/project_fiches/innovation_fund/101191313.pdf,2026-03-27,https://www.iea.org/data-and-statistics/data-product/ccus-projects-database,official_workbook,,unmatched-review
iea-2026-1204,CarboClearTech (Martres-Tolosane cement plant),France,Europe,Lafarge France (Holcim Group),Capture,concept,Planned,,Industry,Cement,capture_capacity,0.7,0.7,,2024,2029,2031,,Dedicated storage,,https://www.lafarge.fr/le-projet-carbocleartech-concu-pour-capter-et-stocker-le-carbone-residuel-de-lusine-lafarge-de|https://www.carbocleartech.com/en,2026-03-27,https://www.iea.org/data-and-statistics/data-product/ccus-projects-database,official_workbook,,unmatched-review
iea-2026-1205,Marcegaglia AdriatiCO2,Italy,Europe,Marcegaglia Ravenna,Capture,concept,Planned,,Industry,Iron and steel,capture_capacity,0.112,0.112,0.011,2024,,2029,,Dedicated storage,Ravenna CCS,https://www.eib.org/en/products/mandates-partnerships/innovation-fund/index|https://www.settesere.it/it/notizie-emilia-romagna-ravenna-parla-il-direttore-fiorini-marcegaglia-uno-stabilimento-al-top.-puntiamo-a-innovazione-e-automazione-n46639.php|https://www.rinnovabili.it/mercato/finanziamenti/innovazione-tecnologie-pulite-11-progetti-italiani/|https://www.marcegaglia.com/officialwebsite/en/marcegaglia-adriatico2-project/,2026-03-27,https://www.iea.org/data-and-statistics/data-product/ccus-projects-database,official_workbook,,unmatched-review
iea-2026-1206,Alto ingredient Pekin campus plant (IL),United States,North America,"Alto Ingredient, Vault 44.01",Capture,concept,Planned,,Fuel transformation,Bioethanol,capture_capacity,0.6,0.6,0.6,2024,,,,Dedicated storage,,https://ir.altoingredients.com/news-events/press-releases/detail/626/alto-ingredients-inc-enters-co2-transportation-and,2026-03-27,https://www.iea.org/data-and-statistics/data-product/ccus-projects-database,official_workbook,,unmatched-review
iea-2026-1207,Ammonia Houston Ship Channel (TX),United States,North America,"Inpex, Air Liquide (hydrogen production), LSB, Vopak, KBR (tech)",Capture,cancelled,Cancelled,,Fuel transformation,Hydrogen or ammonia,capture_capacity,1.6,1.6,,2023,,,2025,Dedicated storage,,https://investors.lsbindustries.com/news-releases/news-release-details/global-energy-and-chemical-leaders-partner-develop-large-scale|https://www.kbr.com/en/insights-news/press-release/kbr-blue-ammonia-technology-selected-low-carbon-project-us-gulf-coast|https://lsbindustries.com/clean-energy/hsc-ccs/,2026-03-27,https://www.iea.org/data-and-statistics/data-product/ccus-projects-database,official_workbook,,unmatched-review
iea-2026-1208,Carbon Dioxide Full Oxygen Combustion Enrichment and Purification Demonstration Project Qingzhou (Shandong),People's Republic of China,Other Asia Pacific,"China United Cement Company, Tianjin Cement Industry Design & Research Institute, Shanghai Triumph Energy Conservation Engineering Co Ltd",CCU,operating,Operational,,Industry,Cement,capture_capacity,0.2,0.2,,2022,2023,2024,,Unknown/unspecified,,https://www.cemnet.com/News/story/175173/china-united-qingzhou-co-launches-china-s-largest-ccus-project.html|https://www.vpsatech.com/news-information/PKUPioneer-Provides-VPSA-Oxygen-Unit-for-Largest-CO2-Capture-Project-in-China-Cement-Industry.html|https://e.ccement.com/news/content/45060244881195001.html,2026-03-27,https://www.iea.org/data-and-statistics/data-product/ccus-projects-database,official_workbook,,unmatched-review
iea-2026-1209,CNPC 3 million tons Songliao basin demonstration (Heilongjiang),People's Republic of China,Other Asia Pacific,CNPC,Full chain,concept,Planned,,Power and heat,Power (coal),capture_capacity,3.0,3.0,,2023,,,,Unknown/unspecified,,http://news.cnpc.com.cn/system/2023/12/21/030120936.shtml|https://www.petrochina.com.cn/petrochina/xhtml/images/shyhj/2023esgcn.pdf,2026-03-27,https://www.iea.org/data-and-statistics/data-product/ccus-projects-database,official_workbook,,unmatched-review
iea-2026-1210,Capsol feasibility study cement Germany,Germany,Europe,"Capsol, unknown companies",Capture,concept,Planned,,Industry,Cement,capture_capacity,0.4,0.4,,2024,,,,Dedicated storage,,https://www.capsoltechnologies.com/Capsol-awarded-feasibility-study-from-cement-producer-in-Germany,2026-03-27,https://www.iea.org/data-and-statistics/data-product/ccus-projects-database,official_workbook,,unmatched-review
iea-2026-1211,Malarenergi waste to energy Vasteras,Sweden,Europe,"Malarenergi, Backock & Wilcox",Capture,concept,Planned,,Power and heat,Power and heat (waste),capture_capacity,0.4,0.4,0.2,2024,,,,Unknown/unspecified,,https://carbonherald.com/bw-to-assess-carbon-capture-for-swedish-waste-to-energy-plant/|https://www.capsoltechnologies.com/Capsol-and-Sumitomo-SHI-FW-demonstrate-CO2-capture-at-Malarenergi,2026-03-27,https://www.iea.org/data-and-statistics/data-product/ccus-projects-database,official_workbook,,unmatched-review
iea-2026-1214,GeoDura Carbon Storage Hub (LA),United States,North America,"Onstream CO2 (Enbridge, CarbonVert, CASTEX)",T&S,concept,Planned,,CO2 T&S,CO2 T&S,storage_injection_capacity,9.0,9.0,,2024,,2028,,Dedicated storage,GeoDura Carbon Storage Hub (LA),https://geodura.com/|https://www.prnewswire.com/news-releases/onstream-receives-26-million-in-federal-funding-for-louisiana-offshore-carbon-storage-hub-development-and-announces-joint-venture-partnership-with-major-midstream-company-302307869.html,2026-03-27,https://www.iea.org/data-and-statistics/data-product/ccus-projects-database,official_workbook,,unmatched-review
iea-2026-1215,St. Mary Parish Carbon Storage Hub (LA),United States,North America,"Onstream CO2 (Enbridge, CarbonVert, CASTEX)",T&S,concept,Planned,,CO2 T&S,CO2 T&S,storage_injection_capacity,,,,2024,,,,Dedicated storage,St. Mary Parish Carbon Storage Hub (LA),https://onstreamco2.com/,2026-03-27,https://www.iea.org/data-and-statistics/data-product/ccus-projects-database,official_workbook,,unmatched-review
iea-2026-1216,Whites Bayou (TX),United States,North America,BKVerde LLC,T&S,concept,Planned,,CO2 T&S,CO2 T&S,storage_injection_capacity,0.5,0.5,,2024,,,,Dedicated storage,,,2026-03-27,https://www.iea.org/data-and-statistics/data-product/ccus-projects-database,official_workbook,,unmatched-review
iea-2026-1217,Port Arthur LNG - Titan Carbon sequestration project (TX),United States,North America,Sempra Infrastructure,Full chain,concept,Planned,,Fuel transformation,Natural gas processing/LNG,capture_capacity,,,,2023,,,,Dedicated storage,Titan Carbon sequestration project (TX),,2026-03-27,https://www.iea.org/data-and-statistics/data-product/ccus-projects-database,official_workbook,,unmatched-review
iea-2026-1218,Rose carbon capture and storage (TX),United States,North America,ExxonMobil,T&S,concept,Planned,,CO2 T&S,CO2 T&S,storage_injection_capacity,2.2,2.2,,2024,,2026,,Dedicated storage,Rose carbon capture and storage (TX),https://lowcarbon.exxonmobil.com/-/media/lcs/files/fact-sheets/lcs-rose-project-fact-sheet-2024.pdf,2026-03-27,https://www.iea.org/data-and-statistics/data-product/ccus-projects-database,official_workbook,,unmatched-review
iea-2026-1219,Florida DAC hub (FL),United States,North America,"University of Illinois at Urbana-Champaign, Carbon America",Capture,concept,Planned,,DAC,Direct Air Capture,capture_capacity,0.05,0.05,0.05,2023,,,,Dedicated storage,,https://www.carbonamerica.com/fldac|https://www.carbonamerica.com/dacnews,2026-03-27,https://www.iea.org/data-and-statistics/data-product/ccus-projects-database,official_workbook,,unmatched-review
iea-2026-1220,Colorado (Pueblo) DAC hub (CO),United States,North America,"University of Illinois at Urbana-Champaign, Carbon America",Capture,concept,Planned,,DAC,Direct Air Capture,capture_capacity,0.05,0.05,0.05,2023,,,,Dedicated storage,,https://www.carbonamerica.com/codac|https://www.carbonamerica.com/dacnews,2026-03-27,https://www.iea.org/data-and-statistics/data-product/ccus-projects-database,official_workbook,,unmatched-review
iea-2026-1221,Redbud CCS hub (Tri-state CCS hub) (WV),United States,North America,"Tenaska, Southern States Energy Board",Storage,concept,Planned,,CO2 T&S,CO2 storage,storage_injection_capacity,1.591,,,2023,,2030,,Dedicated storage,Redbud CCS hub (WV),https://tristateccs.com/tri-state-ccs-hub-finalizes-doe-carbonsafe-award/|https://tristateccs.com/ccs-redbud/|https://energywv.org/assets/files/Energy-Summit-Presentations/2024/Tri-State-CCS-Hub-Project-Tenaska.pdf,2026-03-27,https://www.iea.org/data-and-statistics/data-product/ccus-projects-database,official_workbook,,unmatched-review
iea-2026-1222,Buckeye CCS hub (Tri-state CCS hub) (OH),United States,North America,"Tenaska, Southern States Energy Board",Storage,concept,Planned,,CO2 T&S,CO2 storage,storage_injection_capacity,2.727,,,2023,,2030,,Dedicated storage,Buckeye CCS hub (Tri-state CCS hub) (OH),https://tristateccs.com/tri-state-ccs-hub-finalizes-doe-carbonsafe-award/|https://tristateccs.com/ccs-buckeye/|https://energywv.org/assets/files/Energy-Summit-Presentations/2024/Tri-State-CCS-Hub-Project-Tenaska.pdf,2026-03-27,https://www.iea.org/data-and-statistics/data-product/ccus-projects-database,official_workbook,,unmatched-review
iea-2026-1223,Beaumont sequestration project (TX),United States,North America,Caliche,Storage,concept,Planned,,CO2 T&S,CO2 storage,storage_injection_capacity,0.25,0.25,,2023,,,,Dedicated storage,,https://calichestorage.com/,2026-03-27,https://www.iea.org/data-and-statistics/data-product/ccus-projects-database,official_workbook,,unmatched-review
iea-2026-1224,Brown (MI),United States,North America,Lambda energy resources,Storage,concept,Planned,,CO2 T&S,CO2 storage,storage_injection_capacity,,,,2023,,,,Dedicated storage,,https://lambdaenergyllc.com/co2-sequestration,2026-03-27,https://www.iea.org/data-and-statistics/data-product/ccus-projects-database,official_workbook,,unmatched-review
iea-2026-1225,Windsor FRE ethanol plant - front range 1-1 (CO),United States,North America,Carbon Storage Solutions (Front range energy),Full chain,concept,Planned,,Fuel transformation,Bioethanol,capture_capacity,0.128,0.128,0.128,2022,,,,Dedicated storage,,https://www.windsorgov.com/Archive.aspx?ADID=5934,2026-03-27,https://www.iea.org/data-and-statistics/data-product/ccus-projects-database,official_workbook,,unmatched-review
iea-2026-1226,Texas Gulf Coast CCS Refugio (TX),United States,North America,ConocoPhillips,Storage,concept,Planned,,CO2 T&S,CO2 storage,storage_injection_capacity,,,,2024,,,,Dedicated storage,Texas Gulf Coast CCS Refugio (TX),,2026-03-27,https://www.iea.org/data-and-statistics/data-product/ccus-projects-database,official_workbook,,unmatched-review
iea-2026-1227,Vault Aster storage (IN),United States,North America,"Vault, POET",Storage,concept,Planned,,CO2 T&S,CO2 storage,storage_injection_capacity,,,,2024,,,,Dedicated storage,,,2026-03-27,https://www.iea.org/data-and-statistics/data-product/ccus-projects-database,official_workbook,,unmatched-review
iea-2026-1228,Valero Linden plant (IA),United States,North America,"Valero, Vault Alliance CCS (Vault)",Full chain,concept,Planned,,Fuel transformation,Bioethanol,capture_capacity,0.7,0.7,0.7,2024,,,,Dedicated storage,,,2026-03-27,https://www.iea.org/data-and-statistics/data-product/ccus-projects-database,official_workbook,,unmatched-review
iea-2026-1229,Carbon TerraVault 6 (CA),United States,North America,Carbon TerraVault Holdings LLC,Storage,concept,Planned,,CO2 T&S,CO2 storage,storage_injection_capacity,2.5,2.5,,2024,,2027,,Dedicated storage,Carbon TerraVault 6,https://www.crc.com/carbon-terravault/vaults/default.aspx#CTV-Six,2026-03-27,https://www.iea.org/data-and-statistics/data-product/ccus-projects-database,official_workbook,,unmatched-review
iea-2026-1230,Mountaineer sequestration (WV),United States,North America,"Capio sequestration, Batelle",Storage,concept,Planned,,CO2 T&S,CO2 storage,storage_injection_capacity,1.0,,,2024,,,,Dedicated storage,,,2026-03-27,https://www.iea.org/data-and-statistics/data-product/ccus-projects-database,official_workbook,,unmatched-review
iea-2026-1231,High plains carbon storage (NE),United States,North America,Tallgrass energy,Storage,concept,Planned,,CO2 T&S,CO2 storage,storage_injection_capacity,,,,2024,,,,Dedicated storage,High plains carbon storage (NE),,2026-03-27,https://www.iea.org/data-and-statistics/data-product/ccus-projects-database,official_workbook,,unmatched-review
iea-2026-1232,Block energy CCS project,Georgia,Eurasia,"Block energy, Rustavi Azot, Oilfield Production Consultants",Storage,concept,Planned,,CO2 T&S,CO2 storage,storage_injection_capacity,,,,2024,,,,Dedicated storage,,https://polaris.brighterir.com/public/block_energy/news/rns/story/w94g1dx|https://polaris.brighterir.com/public/block_energy/news/rns/story/w97jjgx|https://polaris.brighterir.com/public/block_energy/news/rns/story/ry3043x|https://polaris.brighterir.com/public/block_energy/news/rns/story/r7k1n1w,2026-03-27,https://www.iea.org/data-and-statistics/data-product/ccus-projects-database,official_workbook,,unmatched-review
iea-2026-1233,Sullom voe terminal and Shetland basin hub (SVT) - Thistle injection phase 1,United Kingdom,Europe,Veri Energy (EnQuest),T&S,concept,Planned,1,CO2 T&S,CO2 T&S,storage_injection_capacity,2.0,2.0,,2023,2030,2033,,Dedicated storage,Sullom voe terminal and Shetland basin hub (SVT),https://verienergy.com/blogs/news/veri-energy-ocean-power-and-amplus-energy-services-enter-memorandum-of-understanding-for-groundbreaking-offshore-electrification-project|https://verienergy.com/pages/sullom-voe-terminal|https://www.youtube.com/watch?v=T5M4PkV19mA,2026-03-27,https://www.iea.org/data-and-statistics/data-product/ccus-projects-database,official_workbook,,unmatched-review
iea-2026-1234,Shetland Offshore power generation,United Kingdom,Europe,"Ocean-Power AS, Amplus Energy Services Limited",Capture,concept,Planned,,Power and heat,Power (gas),capture_capacity,1.0,1.0,,2024,,2029,,Dedicated storage,Sullom voe terminal and Shetland basin hub (SVT),https://verienergy.com/blogs/news/veri-energy-ocean-power-and-amplus-energy-services-enter-memorandum-of-understanding-for-groundbreaking-offshore-electrification-project,2026-03-27,https://www.iea.org/data-and-statistics/data-product/ccus-projects-database,official_workbook,,unmatched-review
iea-2026-1235,Donaldsville CO2 storage (TX),United States,North America,BKVerde LLC,T&S,concept,Planned,,CO2 T&S,CO2 T&S,storage_injection_capacity,,,,2024,,,,Dedicated storage,,,2026-03-27,https://www.iea.org/data-and-statistics/data-product/ccus-projects-database,official_workbook,,unmatched-review
iea-2026-1236,Maurepas WMA sequestration project (LA),United States,North America,Capio sequestration,T&S,concept,Planned,,CO2 T&S,CO2 T&S,storage_injection_capacity,,,,2024,,,,Dedicated storage,,,2026-03-27,https://www.iea.org/data-and-statistics/data-product/ccus-projects-database,official_workbook,,unmatched-review
iea-2026-1237,Orchard One (WY),United States,North America,"Spiritus, Casper carbon sequestration",Capture,concept,Planned,,DAC,Direct Air Capture,capture_capacity,2.0,2.0,2.0,2024,,2027,,Dedicated storage,,https://www.spiritus.com/single-news/spiritus-files-for-class-vi-permit-in-wyoming-for-worlds-largest-dac-plant|https://www.spiritus.com/single-news/spiritus-files-for-class-vi-permit-in-wyoming-for-worlds-largest-dac-plant,2026-03-27,https://www.iea.org/data-and-statistics/data-product/ccus-projects-database,official_workbook,,unmatched-review
iea-2026-1238,Casper Carbon Storage Hub (WY),United States,North America,"Spiritus, Casper carbon sequestration",Storage,concept,Planned,,CO2 T&S,CO2 storage,storage_injection_capacity,2.0,2.0,,2024,,2027,,Dedicated storage,,https://www.spiritus.com/single-news/spiritus-files-for-class-vi-permit-in-wyoming-for-worlds-largest-dac-plant,2026-03-27,https://www.iea.org/data-and-statistics/data-product/ccus-projects-database,official_workbook,,unmatched-review
iea-2026-1240,Aramco gas plants (3 facilities),Saudi Arabia,Middle East,Saudi Aramco,Capture,construction,Under construction,,Fuel transformation,Natural gas processing/LNG,capture_capacity,6.0,6.0,,2022,2025,2027,,Dedicated storage,Jubail CCS hub,https://www.aramco.com/en/what-we-do/energy-innovation/advancing-energy-solutions/carbon-capture-utilization-and-storage,2026-03-27,https://www.iea.org/data-and-statistics/data-product/ccus-projects-database,official_workbook,,unmatched-review
iea-2026-1241,San Patricio-Aransas-Nueces CO2 Infrastructure Project (TX),United States,North America,Southern States Energy Board,Transport,concept,Planned,,CO2 T&S,CO2 transport,transport_capacity,,,,2024,,,,Dedicated storage,,https://www.energy.gov/fecm/project-selection-foa-2730-carbon-capture-technology-program-co2-transport-front-end,2026-03-27,https://www.iea.org/data-and-statistics/data-product/ccus-projects-database,official_workbook,,unmatched-review
iea-2026-1242,Petronas Kuantan hub,Malaysia,Other Asia Pacific,Petronas,T&S,concept,Planned,,CO2 T&S,CO2 T&S,storage_injection_capacity,,,,2024,,2029,,Unknown/unspecified,Petronas Kuantan hub,https://www.petronas.com/media/media-releases/petronas-acquires-land-carbon-capture-and-storage-hub-peninsular-malaysia|https://www.rina.org/en/media/press/2025/10/16/petronas-ccs-project,2026-03-27,https://www.iea.org/data-and-statistics/data-product/ccus-projects-database,official_workbook,,unmatched-review
iea-2026-1243,Petronas Kerteh hub,Malaysia,Other Asia Pacific,"Petronas, ADNOC, Storegga",T&S,concept,Planned,,CO2 T&S,CO2 T&S,storage_injection_capacity,5.0,5.0,,2024,,2030,,Unknown/unspecified,Petronas Kerteh hub,https://www.netl.doe.gov/projects/project-information.aspx?p=FE0031587,2026-03-27,https://www.iea.org/data-and-statistics/data-product/ccus-projects-database,official_workbook,,unmatched-review
iea-2026-1245,BEA Alizay,France,Europe,"Biomasse Energy d'Alizay, Verso Energy",CCU,concept,Planned,,Power and heat,Power (bioenergy),capture_capacity,0.35,0.35,,2024,,2029,,Use,,https://verso.energy/wp-content/uploads/2024/10/Verso-Energy-BEA.pdf|https://www.debatpublic.fr/sites/default/files/2025-01/BrochureProjetDEZIR_WebHD.pdf,2026-03-27,https://www.iea.org/data-and-statistics/data-product/ccus-projects-database,official_workbook,,unmatched-review
iea-2026-1246,Papetier Sylvamo Saillat sur Vienne,France,Europe,"Sylvamo, Verso Energy",CCU,concept,Planned,,Industry,Pulp and paper,capture_capacity,0.6,0.6,,2024,,2029,,Use,,https://verso.energy/wp-content/uploads/2024/06/20240607_MOU-Sylvamo.pdf|https://concertation-lichen.eu/wp-content/uploads/2025/03/Dossier-de-concertation-LiCHEN.pdf,2026-03-27,https://www.iea.org/data-and-statistics/data-product/ccus-projects-database,official_workbook,,unmatched-review
iea-2026-1247,ReSTart Usine RYAM Tartas,France,Europe,"RYAM, Verso Energy",CCU,concept,Planned,,Industry,Pulp and paper,capture_capacity,0.33,0.33,,2024,,2029,,Use,,https://verso.energy/wp-content/uploads/2024/02/20240228_MOU-RYAM.pdf|https://restart-concertation.eu/wp-content/uploads/2025/03/DossierConcertation_ProjetRESTART_versoEnergy.pdf,2026-03-27,https://www.iea.org/data-and-statistics/data-product/ccus-projects-database,official_workbook,,unmatched-review
iea-2026-1248,Rayonier carbon storage agreement (AL),United States,North America,"Reliant carbon capture, Rayonier",Storage,concept,Planned,,CO2 T&S,CO2 storage,storage_injection_capacity,,,,2024,,,,Dedicated storage,,,2026-03-27,https://www.iea.org/data-and-statistics/data-product/ccus-projects-database,official_workbook,,unmatched-review
iea-2026-1249,Carbon TerraVault 1 (CA),United States,North America,California Resources Corporation (Carbon TerraVault),Storage,construction,Under construction,,CO2 T&S,CO2 storage,storage_injection_capacity,1.6,1.6,,2022,2025,2026,,Dedicated storage,Carbon TerraVault 1,https://www.epa.gov/newsreleases/epa-issues-first-ever-underground-injection-permits-carbon-sequestration-california|https://www.crc.com/news-releases/news-release-details/california-resources-corporation-breaks-ground-californias-first,2026-03-27,https://www.iea.org/data-and-statistics/data-product/ccus-projects-database,official_workbook,,unmatched-review
iea-2026-1250,Project Concho (TX) phase 1,United States,North America,"SkyTree, Verified Carbon, Greenalia (wind provider)",Full chain,concept,Planned,1,DAC,Direct Air Capture,capture_capacity,0.05,0.05,0.05,2024,,2030,,Dedicated storage,,https://www.verifiedcarbon.io/projects-3/projectconcho,2026-03-27,https://www.iea.org/data-and-statistics/data-product/ccus-projects-database,official_workbook,,unmatched-review
iea-2026-1251,Project Concho (TX) phase 2,United States,North America,"SkyTree, Verified Carbon, Greenalia (wind provider)",Full chain,concept,Planned,2,DAC,Direct Air Capture,capture_capacity,0.45,0.45,0.45,2024,,,,Dedicated storage,,https://www.verifiedcarbon.io/projects-3/projectconcho,2026-03-27,https://www.iea.org/data-and-statistics/data-product/ccus-projects-database,official_workbook,,unmatched-review
iea-2026-1252,Ankeron Carbon Management Hub (WA),United States,North America,"Carbfix, the Pacific Northwest National Laboratory, the RockyMountain Institute, Washington State University, Fluor Corporation, AES and Lanzatech",Full chain,concept,Planned,,DAC,Direct Air Capture,capture_capacity,,,,2023,,2030,,Dedicated storage,,https://www.removr.com/news/us-3-million-federal-grant-removr-feasibility-direct-air-capture-pacific-northwest|https://netl.doe.gov/sites/default/files/netl-file/24CM/24CM_CDR_7_Pike.pdf,2026-03-27,https://www.iea.org/data-and-statistics/data-product/ccus-projects-database,official_workbook,,unmatched-review
iea-2026-1253,Grizzly DAC plant,United States,North America,"Removr, Ankeron Carbon Management Hub consortium",Full chain,concept,Planned,,DAC,Direct Air Capture,capture_capacity,1.0,1.0,1.0,2023,,2030,,Dedicated storage,Ankeron Carbon Management Hub,https://www.removr.com/news/us-3-million-federal-grant-removr-feasibility-direct-air-capture-pacific-northwest|https://www.removr.com/#Projects,2026-03-27,https://www.iea.org/data-and-statistics/data-product/ccus-projects-database,official_workbook,,unmatched-review
iea-2026-1255,Net-zero 1 (SD),United States,North America,Gevo,Capture,concept,Planned,,Fuel transformation,Bioethanol,capture_capacity,0.29,0.29,0.29,2021,,2026,,Dedicated storage,,https://gevo.com/location/net-zero-1/|https://carbonherald.com/gevo-secures-doe-funding-for-net-zero-sustainable-aviation-fuel-plant/|chrome-extension://efaidnbmnnnibpcajpcglclefindmkaj/https://investors.gevo.com/static-files/d6e109ed-0062-475c-b2a8-3bfb8836e197,2026-03-27,https://www.iea.org/data-and-statistics/data-product/ccus-projects-database,official_workbook,,unmatched-review
iea-2026-1257,Bayou Bend West onshore (TX),United States,North America,"Chevron (50%), Talos Energy (TotalEnergies) (25% and operator), Equinor (25%)",T&S,concept,Planned,,CO2 T&S,CO2 T&S,storage_injection_capacity,,,,2023,,,,Dedicated storage,Bayou Bend CCS onshore (TX),https://www.chevron.com/newsroom/2023/q1/bayou-bend-expands-carbon-capture-project-to-onshore-southeast-texas|https://bayoubend.com/|https://www.prnewswire.com/news-releases/talos-energy-selected-as-winning-bidder-for-carbon-capture-and-storage-site-301362317.html,2026-03-27,https://www.iea.org/data-and-statistics/data-product/ccus-projects-database,official_workbook,,unmatched-review
iea-2026-1258,ARCaDe Antwerp Refinery,Belgium,Europe,TotalEnergies (TERA: TotalEnergies Refinery Antwerp),Capture,concept,Planned,1,Fuel transformation,Refining,capture_capacity,0.74,0.74,,2024,2027,2031,,Dedicated storage,,https://totalenergies.com/system/files/documents/2024-03/totalenergies_sustainability-climate-2024-progress-report_2024_en_pdf.pdf|https://ebesluit.antwerpen.be/document/65dda34c5540af36cf13c328;jsessionid=22A920844EEA0D1486D61B9046FE5E7F|https://ebesluit.antwerpen.be/document/67e154729017266a03430d48;jsessionid=BA5EFF034F63F914E59662F9027483C9,2026-03-27,https://www.iea.org/data-and-statistics/data-product/ccus-projects-database,official_workbook,,unmatched-review
iea-2026-1259,ZETA,Australia,Australia and New Zealand,"Calix, VAST. Mabanaft",CCU,concept,Planned,,Industry,Lime,capture_capacity,0.1,0.1,,2024,2026,2027,,Use,,https://calix.global/news/calix-awarded-15m-grant-zero-emissions-lime-cement-ccu-plant/|https://cdn-api.markitdigital.com/apiman-gateway/ASX/asx-research/1.0/file/2924-02830529-2A1536964|https://calix.global/news/project-zeta-passes-pre-feed-milestone/,2026-03-27,https://www.iea.org/data-and-statistics/data-product/ccus-projects-database,official_workbook,,unmatched-review
iea-2026-1260,Bluebell (Roanoke Cement Company CCS),United States,North America,"Titan (owner of Roanoke Cement Company), Leilac, Amazon, Virginia Tech",Full Chain,concept,Planned,,Industry,Cement,capture_capacity,0.55,0.55,,2025,,,,Dedicated Storage,,https://www.energy.gov/eere/iedo/funding-selections-fy24-energy-and-emissions-intensive-industries-foa#topic-6|https://calix.global/news/two-leilac-projects-selected-us-doe-grant-funding/|https://news.vt.edu/articles/2024/10/science_industrial_decarbonization.html,2026-03-27,https://www.iea.org/data-and-statistics/data-product/ccus-projects-database,official_workbook,,unmatched-review
iea-2026-1261,Mississippi Lime Company (MLC) CCS,United States,North America,"MLC, Leilac, Industrial Ally, Nuada,",Full Chain,concept,Planned,,Industry,Lime,capture_capacity,0.15,0.15,,2025,,,,Dedicated Storage,,https://www.energy.gov/eere/iedo/funding-selections-fy24-energy-and-emissions-intensive-industries-foa#topic-6|https://calix.global/news/two-leilac-projects-selected-us-doe-grant-funding/,2026-03-27,https://www.iea.org/data-and-statistics/data-product/ccus-projects-database,official_workbook,,unmatched-review
iea-2026-1262,Cypress DAC Hub (LA) - Northwest Heirloom Facility Phase 1,United States,North America,"Battelle (DAC hub owner), Heirloom",Capture,concept,Planned,1,DAC,Direct Air Capture,capture_capacity,0.017,0.017,0.017,2023,,2028,,Dedicated Storage,Cypress DAC Hub (LA),https://www.heirloomcarbon.com/projects|https://www.opportunitylouisiana.gov/news/heirloom-carbon-technologies-announces-475-million-investment-to-establish-north-americas-second-direct-air-capture-facility-in-louisiana|https://www.leilac.com/news/leilac-partner-heirloom-announces-major-us-direct-air-capture-dac-projects/,2026-03-27,https://www.iea.org/data-and-statistics/data-product/ccus-projects-database,official_workbook,,unmatched-review
iea-2026-1264,Sisak biorefinery project,Croatia,Europe,INA-Industrija nafte,Capture,concept,Planned,,Fuel transformation,Bioethanol,capture_capacity,0.46,0.36,0.46,2021,,,,Dedicated storage,,https://ccs4cee.eu/wp-content/uploads/2021/11/CCS4CEE-Croatia.pdf|https://ccs4cee.eu/wp-content/uploads/2023/04/Croatia_final_summary_ENG.pdf|https://www.ina.hr/app/uploads/2021/06/CP-2021_web.pdf|https://www.ina.hr/en/website-dedicated-to-the-biorefinery-project-is-now-online/|https://www.ina.hr/en/announcement/reacting-to-media-publications-about-the-biorefinery-project/,2026-03-27,https://www.iea.org/data-and-statistics/data-product/ccus-projects-database,official_workbook,,unmatched-review
iea-2026-1265,AirvaultGoCO2 cement plant,France,Europe,"Heidelberg Materials France, Air Liquide",Capture,concept,Planned,,Industry,Cement,capture_capacity,1.0,1.0,,2023,,2031,,Dedicated storage,GoCO2,https://www.heidelbergmaterials.com/en/pr-2024-03-13|https://www.globalcement.com/news/item/17092-heidelberg-materials-france-to-trial-carbon-capture-installation-at-airvault-cement-plant|https://concertation.goco2.fr/fr/le-projet-goco2,2026-03-27,https://www.iea.org/data-and-statistics/data-product/ccus-projects-database,official_workbook,,unmatched-review
iea-2026-1267,Carbon Connect Delta,Netherlands-Belgium,Europe,"Smart Delta Resources, Port company North Sea Port, ArcelorMittal, Dow Benelux, PZEM, Yara and Zeeland Refinery, Gasunie and Fluxys",Transport,cancelled,Cancelled,,CO2 T&S,CO2 T&S,transport_capacity,6.5,3.3,,2020,,,2025,Dedicated storage,Carbon Connect Delta,https://www.smartdeltaresources.com/en/carbon-connect-delta|https://www.fluxys.com/en/news/fluxys-group/2020/200527_news_carbon_emissions_scheldt_delta|https://www.gasunie.nl/en/projects/carbon-connect-delta,2026-03-27,https://www.iea.org/data-and-statistics/data-product/ccus-projects-database,official_workbook,,unmatched-review
iea-2026-1269,Iroko carbon storage,Norway,Europe,"Vår Energi CCS AS (40%), OMV (Norge) AS (30%), Lime Petroleum AS (30%)",Storage,concept,Planned,,CO2 T&S,CO2 storage,storage_injection_capacity,7.5,7.5,,2024,,,,Dedicated storage,,https://varenergi.no/news/var-energi-and-partners-awarded-co2-storage-licence-in-north-sea/|https://www.omv.com/en/investors/news/2024/20240621-omv-awarded-with-a-second-co2-storage-license-in-norway|https://www.sodir.no/en/whats-new/news/general-news/2024/six-companies-offered-acreage-for-co2-storage/,2026-03-27,https://www.iea.org/data-and-statistics/data-product/ccus-projects-database,official_workbook,,unmatched-review
iea-2026-1270,Kinno carbon storage (EXL010),Norway,Europe,Equinor Low Carbon Solution,Storage,concept,Planned,,CO2 T&S,CO2 storage,storage_injection_capacity,5.0,5.0,,2024,,,,Dedicated storage,,https://www.equinor.com/news/20240620-two-new-co2-storage-licenses-in-the-north-sea|https://www.sodir.no/en/whats-new/news/general-news/2024/six-companies-offered-acreage-for-co2-storage/,2026-03-27,https://www.iea.org/data-and-statistics/data-product/ccus-projects-database,official_workbook,,unmatched-review
iea-2026-1271,Albondigas carbon storage (EXL008),Norway,Europe,Equinor,Storage,cancelled,Cancelled,,CO2 T&S,CO2 storage,storage_injection_capacity,5.0,5.0,,2024,,,2025,Dedicated storage,,https://www.equinor.com/news/20240620-two-new-co2-storage-licenses-in-the-north-sea|https://www.sodir.no/en/whats-new/news/general-news/2024/six-companies-offered-acreage-for-co2-storage/|https://energywatch.com/EnergyNews/ccs/article18617567.ece,2026-03-27,https://www.iea.org/data-and-statistics/data-product/ccus-projects-database,official_workbook,,unmatched-review
iea-2026-1272,Atlas carbon storage,Norway,Europe,"Aker BP ASA (80%), ORLEN Upstream Norway AS (20%)",Storage,concept,Planned,,CO2 T&S,CO2 storage,storage_injection_capacity,,,,2024,,,,Dedicated storage,,https://akerbp.com/en/borsmelding/aker-bp-awarded-licence-for-co2-storage-in-norway-2/|https://www.sodir.no/en/whats-new/news/general-news/2024/six-companies-offered-acreage-for-co2-storage/,2026-03-27,https://www.iea.org/data-and-statistics/data-product/ccus-projects-database,official_workbook,,unmatched-review
iea-2026-1277,SOMZERO CO2,Spain,Europe,CEMEX,Full chain,concept,Planned,,Industry,Cement,capture_capacity,1.1,1.1,,2023,,2030,,Dedicated storage,,https://climate.ec.europa.eu/system/files/2024-01/policy_ccs_implementation_20231215_presentation_en.pdf,2026-03-27,https://www.iea.org/data-and-statistics/data-product/ccus-projects-database,official_workbook,,unmatched-review
iea-2026-1278,Baltic Sea Storage,Poland,Europe,ORLEN,Storage,concept,Planned,,CO2 T&S,CO2 storage,storage_injection_capacity,,,,2023,,2030,,Dedicated storage,,https://climate.ec.europa.eu/system/files/2024-01/policy_ccs_implementation_20231215_presentation_en.pdf,2026-03-27,https://www.iea.org/data-and-statistics/data-product/ccus-projects-database,official_workbook,,unmatched-review
iea-2026-1279,NSW CO2 SAP,Australia,Australia and New Zealand,Coal Innovation NSW,Storage,concept,Planned,,CO2 T&S,CO2 storage,storage_injection_capacity,,,,2022,,,,Dedicated storage,,https://www.resources.nsw.gov.au/invest-nsw/coal-innovation-nsw/nsw-co2-storage-assessment-program|https://www.resources.nsw.gov.au/sites/default/files/2022-11/co2-storage-assess-stage2-flyer.pdf|https://www.resources.nsw.gov.au/invest-nsw/coal-innovation-nsw/nsw-co2-storage-assessment-program,2026-03-27,https://www.iea.org/data-and-statistics/data-product/ccus-projects-database,official_workbook,,unmatched-review
iea-2026-1280,Otway CCS Hub,Australia,Australia and New Zealand,Beach Energy,Storage,concept,Planned,,CO2 T&S,CO2 storage,storage_injection_capacity,0.2,0.2,,2022,,,,Dedicated storage,,https://announcements.asx.com.au/asxpdf/20221012/pdf/45g5n9b8qj4qgy.pdf|https://www.energy.gov/sites/default/files/2023-07/8b.%20Otway%20Project_CSLF%202023%20Warsaw_Final.pdf|https://announcements.asx.com.au/asxpdf/20221012/pdf/45g5n9b8qj4qgy.pdf,2026-03-27,https://www.iea.org/data-and-statistics/data-product/ccus-projects-database,official_workbook,,unmatched-review
iea-2026-1281,Cygnus CCS Hub phase 1,Australia,Australia and New Zealand,"Mitui E&P Australia, Wesfarmers Chemicals, Energy & Fertilisers",Storage,concept,Planned,1,CO2 T&S,CO2 storage,storage_injection_capacity,0.5,0.5,,2024,,,,Dedicated storage,Cygnus CCS Hub,https://www.mepau.com.au/project/cygnus-hub/|https://www.fenex.org.au/wp-content/uploads/2024/06/Trupp-Mark-Cygnus-An-Onshore-CCS-Hub-for-WA-Industry.pdf|https://www.slb.com/resource-library/case-study-with-navigation/sne/ccs-mitsui-australia-cs|https://www.fenex.org.au/wp-content/uploads/2024/06/Trupp-Mark-Cygnus-An-Onshore-CCS-Hub-for-WA-Industry.pdf,2026-03-27,https://www.iea.org/data-and-statistics/data-product/ccus-projects-database,official_workbook,,unmatched-review
iea-2026-1282,Cygnus CCS Hub phase 2,Australia,Australia and New Zealand,"Mitui E&P Australia, Wesfarmers Chemicals, Energy & Fertilisers",Storage,concept,Planned,2,CO2 T&S,CO2 storage,storage_injection_capacity,0.5,0.5,,2023,,,,Dedicated storage,Cygnus CCS Hub,https://www.mepau.com.au/project/cygnus-hub/|https://www.fenex.org.au/wp-content/uploads/2024/06/Trupp-Mark-Cygnus-An-Onshore-CCS-Hub-for-WA-Industry.pdf|https://www.slb.com/resource-library/case-study-with-navigation/sne/ccs-mitsui-australia-cs|https://www.fenex.org.au/wp-content/uploads/2024/06/Trupp-Mark-Cygnus-An-Onshore-CCS-Hub-for-WA-Industry.pdf,2026-03-27,https://www.iea.org/data-and-statistics/data-product/ccus-projects-database,official_workbook,,unmatched-review
iea-2026-1283,Incapture G-15-AP,Australia,Australia and New Zealand,"InCapture, SK earthon Australia, Carbon CQ",Storage,concept,Planned,,CO2 T&S,CO2 storage,storage_injection_capacity,,,,2024,,2030,,Dedicated storage,,https://incapture.com.au/incapture-secures-permit-for-carbon-capture-and-storage-assessment-project-on-nw-shelf-australia/|https://public.neats.nopta.gov.au/Opggs/Title/3729f86c-b56f-48f2-a3ba-f6576c74cea9,2026-03-27,https://www.iea.org/data-and-statistics/data-product/ccus-projects-database,official_workbook,,unmatched-review
iea-2026-1284,Chevron G-20-AP,Australia,Australia and New Zealand,"Chevron, Mobil Australia Resources Company, Shell",Storage,concept,Planned,,CO2 T&S,CO2 storage,storage_injection_capacity,,,,2024,,,,Dedicated storage,,https://australia.chevron.com/news/2024/chevron-led-joint-venture-accepts-greenhouse-gas-assessment-permit-offshore-barrow-island-australia|https://public.neats.nopta.gov.au/Opggs/Title/3729f86c-b56f-48f2-a3ba-f6576c74cea9,2026-03-27,https://www.iea.org/data-and-statistics/data-product/ccus-projects-database,official_workbook,,unmatched-review
iea-2026-1285,Chevron G-18-AP,Australia,Australia and New Zealand,"Chevron, Woodside Energy",Storage,concept,Planned,,CO2 T&S,CO2 storage,storage_injection_capacity,,,,2024,,,,Dedicated storage,,https://www.chevron.com/newsroom/2024/q3/chevron-builds-on-ccs-portfolio-offshore-australia|https://public.neats.nopta.gov.au/Opggs/Title/3729f86c-b56f-48f2-a3ba-f6576c74cea9,2026-03-27,https://www.iea.org/data-and-statistics/data-product/ccus-projects-database,official_workbook,,unmatched-review
iea-2026-1288,Fjernvarme Fyn,Denmark,Europe,Fjernvarme Fyn A/S,Capture,concept,Planned,,Power and heat,Power and heat (waste),capture_capacity,0.28,0.28,0.14,2024,,2029,,Unknown/unspecified,,https://www.fjernvarmefyn.dk/media/k2elw11y/pm_fjernvarme_fyn_tager_ambitiost_klimavalg.pdf|https://www.fjernvarmefyn.dk/co2fangst/,2026-03-27,https://www.iea.org/data-and-statistics/data-product/ccus-projects-database,official_workbook,,unmatched-review
iea-2026-1291,Fjord-Projekt CIP (Carbon Captured from Nordværk Incineration Plant),Denmark,Europe,"CIPNordværk, Aalborg Forsyning, and Copenhagen Infrastructure Partners. (CIP)",CCU,concept,Planned,,Power and heat,Power and heat (waste),capture_capacity,0.33,0.33,,2024,,2030,,Use,,https://www.fjord-ptx.com/|https://www.cowi.com/news-and-press/news/2024/sustainable-fuel-factory-to-give-domestic-flights-the-first-green-push-down-the-runway/,2026-03-27,https://www.iea.org/data-and-statistics/data-product/ccus-projects-database,official_workbook,,unmatched-review
iea-2026-1298,Jinjiang Chemical CCUS Project (Xinjiang),People's Republic of China,Other Asia Pacific,"Qishi Jinjiang Chemical Co., Ltd",Full chain,operating,Operational,,Industry,Fertiliser,capture_capacity,0.1,0.1,,2022,,2023,,EOR and storage,,https://www.sohu.com/a/695078244_121123922,2026-03-27,https://www.iea.org/data-and-statistics/data-product/ccus-projects-database,official_workbook,,unmatched-review
iea-2026-1299,Xinjiang Dunhua Wucaiwan Industrial Park CO2 Capture Project (Xinjiang),People's Republic of China,Other Asia Pacific,Dunhua Oil Company,Full chain,operating,Operational,,Industry,Chemicals,capture_capacity,0.15,0.15,,,,2024,,EOR,,https://finance.sina.com.cn/jjxw/2024-09-30/doc-incqwyyz9719853.shtml,2026-03-27,https://www.iea.org/data-and-statistics/data-product/ccus-projects-database,official_workbook,,unmatched-review
iea-2026-1305,A2X's CCS Esbjerg (Carbon captured from Energnist Incineration Plant in Esbjerg),Denmark,Europe,"A2X , SubC Partner, Juel+Krøyer and HYTOR Group",Full Chain,concept,Planned,,Power and heat,Power and heat (waste),capture_capacity,0.23,0.23,0.115,2022,,,,Dedicated storage,,https://a2x.dk/wp-content/uploads/2022/11/Endeligt-udkast-pressemeddelelse-GB.pdf|https://a2x.dk/|https://old.hytor.com/group/en/news/we-are-building-the-worlds-largest-emethanol-plant-through-our-partnership-a2x/|https://www.tvsyd.dk/esbjerg/power-to-x-anlaeg-kommer-til-esbjerg-i-2025|https://gesek.dk/fra-ptx-til-nedgravning-af-co2/|https://www.linkedin.com/posts/a2x-dk_esbjerg-projekt-for-co%E2%82%82-fangst-rammes-af-activity-7411368362691379200-cB-3/|https://www.subcpartner.com/news/co-capture-in-esbjerg-ambitions-remain-strong,2026-03-27,https://www.iea.org/data-and-statistics/data-product/ccus-projects-database,official_workbook,,unmatched-review
iea-2026-1306,European Energy/Brønderslev PtX (Biogas or waste incineration plants in Northern Jutland),Denmark,Europe,European Energy,CCU,concept,Planned,,Fuel transformation,Biogas,capture_capacity,0.15,0.15,,2023,,2030,,Use,,https://bronderslevforsyning.dk/media/x1rlyyzq/b%C3%A6redygtighedsfestival-br%C3%B8nderslev-07092023-distribution.pdf,2026-03-27,https://www.iea.org/data-and-statistics/data-product/ccus-projects-database,official_workbook,,unmatched-review
iea-2026-1307,Bantam DAC (OK),United States,North America,"Heimdal Inc, CapturePoint",Full chain,operating,Operational,,DAC,Direct Air Capture,capture_capacity,0.005,0.01,,,,2024,,EOR,Oklahoma Carbon Hub,https://www.prnewswire.com/news-releases/heimdal-celebrates-launch-of-bantam-americas-largest-operational-direct-air-capture-facility-302220498.html|https://www.heimdalccu.com/|https://www.heimdalccu.com/news/heimdal-announces-landmark-partnership-to-locate-direct-air-capture-facility-at-capturepoints-oklahoma-carbon-hub,2026-03-27,https://www.iea.org/data-and-statistics/data-product/ccus-projects-database,official_workbook,,unmatched-review
iea-2026-1308,Campo Viejo Gas Processing Plant,United States,North America,Stakeholder Gas Services,Full Chain,operating,Operational,,Fuel transformation,Oil and gas extraction,capture_capacity,0.12,0.12,,2018,,2024,,Dedicated storage,,https://www.stakeholdermidstream.com/carbon-capture-and-sustainable-energy|https://www.stakeholdermidstream.com/operations,2026-03-27,https://www.iea.org/data-and-statistics/data-product/ccus-projects-database,official_workbook,,unmatched-review
iea-2026-1309,Xinjiang Guoneng Chemical Co CCU Phase 1 (Xinjiang),People's Republic of China,Other Asia Pacific,"Xinjiang Guoneng Chemical Co., Ltd, Xinjiang Huarui Gas Co., Ltd (built ccu infrastructure)",Full chain,operating,Operational,1,Industry,Chemicals,capture_capacity,0.1,0.1,,,,2024,,EOR,,https://news.bjx.com.cn/html/20231207/1348542.shtml,2026-03-27,https://www.iea.org/data-and-statistics/data-product/ccus-projects-database,official_workbook,,unmatched-review
iea-2026-1310,"Xinjiang Guoneng Chemical Co., Ltd CCU Phase 2 (Xinjiang)",People's Republic of China,Other Asia Pacific,"Xinjiang Guoneng Chemical Co., Ltd, Xinjiang Huarui Gas Co., Ltd (built ccu infrastructure)",Full chain,concept,Planned,2,Industry,Chemicals,capture_capacity,0.2,0.2,,,,,,EOR,,https://news.bjx.com.cn/html/20231207/1348542.shtml,2026-03-27,https://www.iea.org/data-and-statistics/data-product/ccus-projects-database,official_workbook,,unmatched-review
iea-2026-1311,Piñon’s Dark Horse Treating Facility and storage,United States,North America,Piñon Midstream,Full chain,operating,Operational,,Fuel transformation,Natural gas processing/LNG,capture_capacity,0.19,0.18,,2020,,2024,,Dedicated storage,,https://carboncapturemagazine.com/articles/pion-midstream-secures-epa-approval-for-ccs-operations-at-dark-horse-treating-facility|https://pgjonline.com/news/2021/october/pi%C3%B1on-midstream-s-dark-horse-carbon-capture-facility-pipelines-in-service,2026-03-27,https://www.iea.org/data-and-statistics/data-product/ccus-projects-database,official_workbook,,unmatched-review
iea-2026-1312,New Generation Gas Gathering (NG3),United States,North America,"Momentum Midstream, ExxonMobil",Capture,operating,Operational,,Fuel transformation,Natural gas processing/LNG,capture_capacity,1.2,1.2,,,2022,2025,,EOR,,https://www.momentummidstream.com/news/m6-midstream-announces-final-investment-decision-and-completes-two-acquisitions-establish|https://carbonherald.com/exxonmobil-partners-with-ng3-for-carbon-capture-and-storage/|https://www.businesswire.com/news/home/20241021631420/en/Evers-Sons-Awarded-Pivotal-Installation-Work-for-Gillis-Treating-Plant-as-Part-of-the-Groundbreaking-NG3-Project|https://www.woodmac.com/news/opinion/wss-ng3-pipeline-begins-deliveries-ahead-of-schedule/?utm_campaign=gas-lng-utilities&utm_medium=social&utm_source=linkedin|https://corporate.exxonmobil.com/what-we-do/delivering-industrial-solutions/carbon-capture-and-storage/expanding-our-ccs-operations-in-louisiana-with-another-project-startup,2026-03-27,https://www.iea.org/data-and-statistics/data-product/ccus-projects-database,official_workbook,,unmatched-review
iea-2026-1313,Shaanxi Coal Group Yulin Chemical CCUS Phase 1 (Shaanxi),People's Republic of China,Other Asia Pacific,"Shaanxi Coal Group Yulin Chemical Co., Ltd",Full chain,construction,Under construction,1,Fuel transformation,Coal-to-liquids,capture_capacity,0.4,0.4,,,2023,2026,,Dedicated storage,Yanchang oilfield,http://www.ccin.com.cn/detail/887706c336f7466675518ae704fc33ac/news,2026-03-27,https://www.iea.org/data-and-statistics/data-product/ccus-projects-database,official_workbook,,unmatched-review
iea-2026-1314,Shaanxi Coal Group Yulin Chemical CCUS Phase 2 (Shaanxi),People's Republic of China,Other Asia Pacific,"Shaanxi Coal Group Yulin Chemical Co., Ltd",Full chain,construction,Under construction,2,Fuel transformation,Coal-to-liquids,capture_capacity,0.6,0.6,,2023,2025,2029,,Dedicated storage,,http://www.ccin.com.cn/detail/887706c336f7466675518ae704fc33ac/news|https://sddslchem.com/info-detail/176-billion-yuan-large---scale-coal-chemical-project-starts-construction|https://www-ccin-com-cn.translate.goog/detail/58d188fdac361ff7f937d992ae9d1ec2?_x_tr_sch=http&_x_tr_sl=auto&_x_tr_tl=en&_x_tr_hl=en,2026-03-27,https://www.iea.org/data-and-statistics/data-product/ccus-projects-database,official_workbook,,unmatched-review
iea-2026-1315,Shaanxi Coal Group Yulin Chemical CCUS Phase 3 (Shaanxi),People's Republic of China,Other Asia Pacific,"Shaanxi Coal Group Yulin Chemical Co., Ltd",Full chain,concept,Planned,3,Fuel transformation,Coal-to-liquids,capture_capacity,3.0,3.0,,2023,,2033,,Dedicated storage,,http://www.ccin.com.cn/detail/887706c336f7466675518ae704fc33ac/news,2026-03-27,https://www.iea.org/data-and-statistics/data-product/ccus-projects-database,official_workbook,,unmatched-review
iea-2026-1317,Waste to hydrogen Boson Energy (H2-BEAM),Spain,Europe,Boson Energy SA,Capture,concept,Planned,,Fuel transformation,Hydrogen or ammonia,capture_capacity,,,,,,,,Unknown/unspecified,,https://bosonenergy.com/technology/|https://single-market-economy.ec.europa.eu/industry/industrial-alliances/european-clean-hydrogen-alliance/project-pipeline_en,2026-03-27,https://www.iea.org/data-and-statistics/data-product/ccus-projects-database,official_workbook,,unmatched-review
iea-2026-1320,Waste to hydrogen Boson Energy (BEH2X DE),Germany,Europe,Boson Energy SA,Capture,concept,Planned,,Fuel transformation,Hydrogen or ammonia,capture_capacity,,,,,,,,Unknown/unspecified,,https://bosonenergy.com/technology/|https://single-market-economy.ec.europa.eu/industry/industrial-alliances/european-clean-hydrogen-alliance/project-pipeline_en,2026-03-27,https://www.iea.org/data-and-statistics/data-product/ccus-projects-database,official_workbook,,unmatched-review
iea-2026-1324,Waste to hydrogen Boson Energy (BEH2X LUX),Luxembourg,Europe,Boson Energy SA,Capture,concept,Planned,,Fuel transformation,Hydrogen or ammonia,capture_capacity,,,,,,,,Unknown/unspecified,,https://bosonenergy.com/technology/|https://single-market-economy.ec.europa.eu/industry/industrial-alliances/european-clean-hydrogen-alliance/project-pipeline_en,2026-03-27,https://www.iea.org/data-and-statistics/data-product/ccus-projects-database,official_workbook,,unmatched-review
iea-2026-1325,Yeosu Myodo Island Blue Hydrogen Plant,South Korea,Other Asia Pacific,"Hanyang Corporation, Linde",Capture,concept,Planned,,Fuel transformation,Hydrogen or ammonia,capture_capacity,0.43,0.43,,,,2030,,Dedicated storage,,https://www.kedglobal.com/hydrogen-economy/newsView/ked202305050001|https://cms.law/en/int/expert-guides/cms-expert-guide-to-hydrogen/south-korea|https://www.businesskorea.co.kr/news/articleView.html?idxno=114139|https://j-europe.com/2023/06/01/jeollanamdo-governor-signs-contract-with-linde-and-hanyang/,2026-03-27,https://www.iea.org/data-and-statistics/data-product/ccus-projects-database,official_workbook,,unmatched-review
iea-2026-1326,SK Ulsan Complex,South Korea,Other Asia Pacific,"SK, Honeywell",Capture,concept,Planned,,Fuel transformation,Hydrogen or ammonia,capture_capacity,0.4,0.4,,,,,,Dedicated storage,,https://uop.honeywell.com/en/news-events/2021/november/sk-innovation-to-use-honeywell-technology-for-carbon-capture-and-sequestration-feasibility-study-in-korea,2026-03-27,https://www.iea.org/data-and-statistics/data-product/ccus-projects-database,official_workbook,,unmatched-review
iea-2026-1327,Onyx plant - Port of Rotterdam,Netherlands,Europe,Onyx Power,Capture,concept,Planned,,Fuel transformation,Hydrogen or ammonia,capture_capacity,2.5,2.5,,2023,,2028,,Dedicated storage,,https://www.onyx-power.com/en/news-and-press/preparation-of-hydrogen-production-project-in-rotterdam/,2026-03-27,https://www.iea.org/data-and-statistics/data-product/ccus-projects-database,official_workbook,,unmatched-review
iea-2026-1328,Koping - Waste-to-Hydrogen,Sweden,Europe,"Plagazi, Petrofac",Capture,concept,Planned,,Fuel transformation,Hydrogen or ammonia,capture_capacity,0.175,0.175,0.018,2024,,,,Unknown/unspecified,,https://en.plagazi.com/g%C3%A4vle-circular-park|https://solarimpulse.com/solutions-explorer/implementation-stories/the-patented-plagazi-process-adopted-by-koping-municipality-in-sweden-for-green-hydrogen-and-energy|https://renewablesnow.com/news/plagazi-wins-eur-29-5m-eu-grant-for-waste-to-hydrogen-tech-873293/,2026-03-27,https://www.iea.org/data-and-statistics/data-product/ccus-projects-database,official_workbook,,unmatched-review
iea-2026-1329,"Mitsubishi - Pupuk Indonesia, Blue NH3 Sumatra-Java",Indonesia,Other Asia Pacific,"Mitsubishi, Pupuk Indonesia",Capture,concept,Planned,,Industry,Fertiliser,capture_capacity,,,,,,,,Dedicated storage,,https://ebtke.esdm.go.id/flippdf/elibrary.html#pdfflip-PDFF-41,2026-03-27,https://www.iea.org/data-and-statistics/data-product/ccus-projects-database,official_workbook,,unmatched-review
iea-2026-1330,H2M Eemshaven,Netherlands,Europe,"Equinor, Linde",Capture,cancelled,Cancelled,,Fuel transformation,Hydrogen or ammonia,capture_capacity,1.837,,,2024,,2030,2025,Dedicated storage,,https://www.equinor.com/energy/hydrogen-open-season-12-24|https://www.offshore-energy.biz/equinors-h2m-eemshaven-project-to-reform-natural-gas-to-hydrogen-with-ccs/|https://ec.europa.eu/assets/cinea/project_fiches/innovation_fund/101191122.pdf,2026-03-27,https://www.iea.org/data-and-statistics/data-product/ccus-projects-database,official_workbook,,unmatched-review
iea-2026-1331,Eneos project (MVCE Gulf Coast),United States,North America,"ENEOS, MVCE Gulf Coast",Capture,concept,Planned,,Fuel transformation,Hydrogen or ammonia,capture_capacity,1.924,,,2024,,2031,,Unknown/unspecified,,https://www.eneos.co.jp/english/newsrelease/2023/pdf/20240111_01.pdf|https://www.argusmedia.com/en/news-and-insights/latest-market-news/2526588-japan-s-eneos-invests-in-us-low-carbon-hydrogen-project|https://www.reuters.com/business/energy/japans-eneos-invests-into-us-clean-hydrogen-company-2024-01-11/,2026-03-27,https://www.iea.org/data-and-statistics/data-product/ccus-projects-database,official_workbook,,unmatched-review
iea-2026-1332,Ashdown Pulp Mill CCS,United States,North America,"Domtar, Svante, Paper Excellence and Wood",Full chain,concept,Planned,,Industry,Pulp and paper,capture_capacity,1.5,1.5,1.5,2024,,,,Dedicated storage,,https://www.energytech.com/energy-efficiency/news/55265276/massive-paper-pulp-mill-in-arkansas-aiming-to-capture-15m-metric-tons-of-carbon|https://www.smartenergydecisions.com/energy-management/2025/02/03/ashdown-pulp-mill-adopts-carbon-storage-tech|https://www.carboncapturejournal.com/ViewNews.aspx?NewsID=6633,2026-03-27,https://www.iea.org/data-and-statistics/data-product/ccus-projects-database,official_workbook,,unmatched-review
iea-2026-1334,Pelican-Gulf Coast Origen DAC project (LA),United States,North America,"Origen carbon, US DOE, Pelican Consortium (Shell, University of Houston)",Capture,concept,Planned,,DAC,Direct Air Capture,capture_capacity,0.025,0.025,0.025,2024,,2029,,Dedicated storage,Pelican – Gulf Coast Carbon Removal DAC Hub,https://www.origencarbon.com/news/pelican-project-announcement/|https://www.origencarbon.com/projects/,2026-03-27,https://www.iea.org/data-and-statistics/data-product/ccus-projects-database,official_workbook,,unmatched-review
iea-2026-1335,Connah's Quay Low Carbon (CQLCP) Power Phase 2,United Kingdom,Europe,"Uniper, SLB Capturi",Capture,concept,Planned,2,Power and heat,Power (gas),capture_capacity,1.2,1.2,,2021,,,,Dedicated storage,Liverpool Bay CO2 storage (Hynet),https://www.uniper.energy/connahs-quay-low-carbon-power|https://www.carboncapturejournal.com/ViewNews.aspx?NewsID=6620|https://capturi.slb.com/resources/news/2025/slb-capturi-partners-with-worley-and-siemens-energy-for-unipers-low-carbon-power-project,2026-03-27,https://www.iea.org/data-and-statistics/data-product/ccus-projects-database,official_workbook,,unmatched-review
iea-2026-1336,Pelican-Gulf Coast DAC Project (LA) phase 1,United States,North America,"RepAir, US DOE, Pelican Consortium( Shell, University of Houston)",Capture,concept,Planned,1,DAC,Direct Air Capture,capture_capacity,0.03,0.03,0.03,2025,,2030,,Dedicated storage,Pelican – Gulf Coast Carbon Removal DAC Hub,https://www.carboncapturejournal.com/news/repair-carbon-reaches-agreement-for-pelican-dac-hub-project-in-louisiana/6621.aspx?Category=all|https://renewable-carbon.eu/news/repair-carbon-signed-commercial-agreement-for-pelican-dac-hub-project-in-louisiana/,2026-03-27,https://www.iea.org/data-and-statistics/data-product/ccus-projects-database,official_workbook,,unmatched-review
iea-2026-1337,Origen DAC Demonstration (EERC) (ND),United States,North America,"Origen carbon, Energy & Environmental Research Center",Capture,operating,Operational,,DAC,Direct Air Capture,capture_capacity,0.001,0.001,0.001,2024,,2025,,Dedicated storage,,https://www.origencarbon.com/projects/|https://www.origencarbon.com/news/eerc-1000-tpa/,2026-03-27,https://www.iea.org/data-and-statistics/data-product/ccus-projects-database,official_workbook,,unmatched-review
iea-2026-1338,CALDAC San Joaquin (CA),United States,North America,"Origen Carbon, UC Berkeley, US DOE, multiple community and technology partners",Capture,concept,Planned,,DAC,Direct Air Capture,capture_capacity,0.05,0.05,0.05,2023,,2030,,Dedicated storage,CALDAC (Community Alliance for Direct Air Capture),https://www.origencarbon.com/projects/|https://netl.doe.gov/sites/default/files/netl-file/24CM/24CM_CDR_8_Bedsworth.pdf|https://www.law.berkeley.edu/wp-content/uploads/2024/01/Letter-of-Intent.pdf,2026-03-27,https://www.iea.org/data-and-statistics/data-product/ccus-projects-database,official_workbook,,unmatched-review
iea-2026-1339,Olea Phase 1,Greece,Europe,"EnEarth (Subsidiary of Energean), RepAIr",Capture,concept,Planned,1,DAC,Direct Air Capture,capture_capacity,0.001,0.001,0.001,2024,,2027,,Dedicated storage,Prinos CO2 storage,https://www.repair-carbon.com/press-posts/repair-enearth-sign-a-landmark-direct-air-capture-storage-agreement|https://www.repair-carbon.com/projects,2026-03-27,https://www.iea.org/data-and-statistics/data-product/ccus-projects-database,official_workbook,,unmatched-review
iea-2026-1340,Olea Phase 2,Greece,Europe,"EnEarth (Subsidiary of Energean), RepAIr",Capture,concept,Planned,2,DAC,Direct Air Capture,capture_capacity,0.029,0.029,0.029,2024,,2029,,Dedicated storage,Prinos CO2 storage,https://www.repair-carbon.com/press-posts/repair-enearth-sign-a-landmark-direct-air-capture-storage-agreement|https://www.repair-carbon.com/projects,2026-03-27,https://www.iea.org/data-and-statistics/data-product/ccus-projects-database,official_workbook,,unmatched-review
iea-2026-1341,Olea Phase 3,Greece,Europe,"EnEarth (Subsidiary of Energean), RepAIr",Capture,concept,Planned,3,DAC,Direct Air Capture,capture_capacity,0.07,0.07,0.07,2024,,2030,,Dedicated storage,Prinos CO2 storage,https://www.repair-carbon.com/press-posts/repair-enearth-sign-a-landmark-direct-air-capture-storage-agreement|https://www.repair-carbon.com/projects,2026-03-27,https://www.iea.org/data-and-statistics/data-product/ccus-projects-database,official_workbook,,unmatched-review
iea-2026-1342,Oak CCS (RepAir Carbon- C-Questra) Phase 1,France,Europe,"RepAir Carbon, C-Questra",Capture,concept,Planned,1,DAC,Direct Air Capture,capture_capacity,0.03,0.03,0.03,2024,,2029,,Dedicated storage,,https://www.repair-carbon.com/projects|https://www.cquestra.com/press/,2026-03-27,https://www.iea.org/data-and-statistics/data-product/ccus-projects-database,official_workbook,,unmatched-review
iea-2026-1343,Oak CCS (RepAir Carbon- C-Questra) Phase 2,France,Europe,"RepAir Carbon, C-Questra",Capture,concept,Planned,2,DAC,Direct Air Capture,capture_capacity,0.07,0.07,0.07,2024,,2030,,Dedicated storage,,https://www.repair-carbon.com/projects|https://www.cquestra.com/press/,2026-03-27,https://www.iea.org/data-and-statistics/data-product/ccus-projects-database,official_workbook,,unmatched-review
iea-2026-1344,Acacia (RepAir- Cella Partnership Project) Phase 1,Kenya,Africa,"RepAir Carbon, Cella",Capture,concept,Planned,1,DAC,Direct Air Capture,capture_capacity,0.001,0.001,0.001,2024,,,,Dedicated storage,,https://www.repair-carbon.com/projects|https://www.prnewswire.com/news-releases/repair-and-cella-launch-carbon-capture-and-storage-partnership-in-kenya-302125071.html,2026-03-27,https://www.iea.org/data-and-statistics/data-product/ccus-projects-database,official_workbook,,unmatched-review
iea-2026-1345,Acacia (RepAir- Cella Partnership Project) Phase 2,Kenya,Africa,"RepAir Carbon, Cella",Capture,concept,Planned,2,DAC,Direct Air Capture,capture_capacity,0.019,0.019,0.019,2024,,,,Dedicated storage,,https://www.repair-carbon.com/projects|https://www.prnewswire.com/news-releases/repair-and-cella-launch-carbon-capture-and-storage-partnership-in-kenya-302125071.html,2026-03-27,https://www.iea.org/data-and-statistics/data-product/ccus-projects-database,official_workbook,,unmatched-review
iea-2026-1346,Acacia (RepAir- Cella Partnership Project) Phase 3,Kenya,Africa,"RepAir Carbon, Cella",Capture,concept,Planned,3,DAC,Direct Air Capture,capture_capacity,0.03,0.03,0.03,2024,,,,Dedicated storage,,https://www.repair-carbon.com/projects|https://www.prnewswire.com/news-releases/repair-and-cella-launch-carbon-capture-and-storage-partnership-in-kenya-302125071.html,2026-03-27,https://www.iea.org/data-and-statistics/data-product/ccus-projects-database,official_workbook,,unmatched-review
iea-2026-1348,Killingholme Low Carbon Power project,United Kingdom,Europe,Uniper,Full chain,concept,Planned,,Power and heat,Power (gas),capture_capacity,,,,2025,,2031,,Dedicated storage,,https://www.uniper.energy/united-kingdom/news/uniper-explores-development-of-a-new-carbon-capture-power-plant-in-the-uks-humber-region/|https://www.carboncapturejournal.com/ViewNews.aspx?NewsID=6595,2026-03-27,https://www.iea.org/data-and-statistics/data-product/ccus-projects-database,official_workbook,,unmatched-review
iea-2026-1349,Kaupang carbon storage (EXL012),Norway,Europe,"Harbour Energy Norge AS (60%), Equinor Low Carbon Solution (40%)",Storage,concept,Planned,,CO2 T&S,CO2 storage,storage_injection_capacity,,,,2025,,,,Dedicated storage,,https://www.sodir.no/globalassets/1-sodir/fakta/co-to/tillatelser/nr-2-2024/eng/2024-2-workprogramme-english.pdf|https://www.carboncapturejournal.com/ViewNews.aspx?NewsID=6580|https://www.sodir.no/en/whats-new/news/general-news/2024/three-companies-offered-acreage-for-co2-storage/,2026-03-27,https://www.iea.org/data-and-statistics/data-product/ccus-projects-database,official_workbook,,unmatched-review
iea-2026-1350,Forsete carbon storage (EXL013),Norway,Europe,"Aker BP ASA(50%), Equinor Low Carbon Solution (50%)",Storage,concept,Planned,,CO2 T&S,CO2 storage,storage_injection_capacity,,,,2025,,,,Dedicated storage,,https://www.sodir.no/globalassets/1-sodir/fakta/co-to/tillatelser/nr-2-2024/eng/2024-2-workprogramme-english.pdf|https://www.carboncapturejournal.com/ViewNews.aspx?NewsID=6580|https://www.sodir.no/en/whats-new/news/general-news/2024/three-companies-offered-acreage-for-co2-storage/,2026-03-27,https://www.iea.org/data-and-statistics/data-product/ccus-projects-database,official_workbook,,unmatched-review
iea-2026-1352,Linde H2 Plant Jubail,Saudi Arabia,Middle East,Linde,Capture,concept,Planned,,Fuel transformation,Hydrogen or ammonia,capture_capacity,,,,2025,,,,Dedicated storage,Jubail CCS hub,https://direct.argusmedia.com/newsandanalysis/Article/2655278,2026-03-27,https://www.iea.org/data-and-statistics/data-product/ccus-projects-database,official_workbook,,unmatched-review
iea-2026-1353,Cypress DAC Hub Heirloom Facility (LA) Phase 2,United States,North America,"Heirloom, Leilac, CapturePoint",Capture,concept,Planned,2,DAC,Direct Air Capture,capture_capacity,0.1,0.1,0.1,2023,,2027,,Dedicated Storage,Cypress DAC Hub (LA),https://www.heirloomcarbon.com/projects|https://www.opportunitylouisiana.gov/news/heirloom-carbon-technologies-announces-475-million-investment-to-establish-north-americas-second-direct-air-capture-facility-in-louisiana|https://www.leilac.com/news/leilac-partner-heirloom-announces-major-us-direct-air-capture-dac-projects/,2026-03-27,https://www.iea.org/data-and-statistics/data-product/ccus-projects-database,official_workbook,,unmatched-review
iea-2026-1354,Cypress DAC Hub Heirloom Facility (LA) Phase 3,United States,North America,"Heirloom, Leilac, CapturePoint",Capture,concept,Planned,3,DAC,Direct Air Capture,capture_capacity,0.2,0.2,0.2,2023,,2030,,Dedicated Storage,Cypress DAC Hub (LA),https://www.heirloomcarbon.com/projects|https://www.opportunitylouisiana.gov/news/heirloom-carbon-technologies-announces-475-million-investment-to-establish-north-americas-second-direct-air-capture-facility-in-louisiana|https://www.leilac.com/news/leilac-partner-heirloom-announces-major-us-direct-air-capture-dac-projects/,2026-03-27,https://www.iea.org/data-and-statistics/data-product/ccus-projects-database,official_workbook,,unmatched-review
iea-2026-1357,GLOBE ( Lhoist Marche-les-Dames CCS),Belgium,Europe,Lhoist,Capture,concept,Planned,,Industry,Lime,capture_capacity,,,,2024,,2031,,Dedicated storage,,https://www.lhoist.com/en/globe|https://www.lavenir.net/regions/namur/2024/05/29/lhoist-veut-investir-250000000-pour-produire-de-la-dolomie-bas-carbone-sur-son-site-de-marche-les-dames-532BJP6WKZFMBAJRRWYVEJ3YVY/,2026-03-27,https://www.iea.org/data-and-statistics/data-product/ccus-projects-database,official_workbook,,unmatched-review
iea-2026-1359,Catch4Climate Mergelstetten,Germany,Europe,"Cement Innovation for Climate (Cl4C) (Dyckerhoff GmbH, Heidelberg Materials AG, SCHWENK Zement GmbH & Co. KG and VICAT",CCU,construction,Under construction,,Industry,Cement,capture_capacity,0.1,0.1,,2020,2022,2026,,Unknown/unspecified,,https://catch4climate.com/|https://enmin.lrv.lt/public/canonical/1732172534/5469/The%20catch4climate%20-%20Project%20.pdf|https://www.heidelbergmaterials.com/en/pr-18-11-2020,2026-03-27,https://www.iea.org/data-and-statistics/data-product/ccus-projects-database,official_workbook,,unmatched-review
iea-2026-1360,Lynemouth Power Station (BECCS),United Kingdom,Europe,EP UK Investments (Lynemouth Power Ltd),Capture,concept,Planned,,Power and heat,Power (bioenergy),capture_capacity,2.3,2.3,2.3,2022,,2030,,Dedicated storage,,https://www.lynemouthpower.com/significant-opportunities-and-advances-at-lynemouth-power-station/,2026-03-27,https://www.iea.org/data-and-statistics/data-product/ccus-projects-database,official_workbook,,unmatched-review
iea-2026-1361,NL CCS Direct Injection Phase 2,Netherlands,Europe,"Eni, EBN, OneDyas",T&S,cancelled,Cancelled,2,CO2 T&S,CO2 T&S,storage_injection_capacity,5.0,3.0,,2023,2043,2046,,Dedicated storage,DI Hub,https://zeroemissionsplatform.eu/wp-content/uploads/Detailed_information_regarding_the_candidate_projects_CO2_networks_Dec_2022_v2.pdf|https://benelux.rwe.com/en/press/2023-02-22-capeomega-and-neptune-energy-announce-noordkaap-rwe-signs-letter-of-intent-/,2026-03-27,https://www.iea.org/data-and-statistics/data-product/ccus-projects-database,official_workbook,,unmatched-review
iea-2026-1363,Yanan Energy Chemical (Shaanxi),People's Republic of China,Other Asia Pacific,Yanchang Petroleum,Full chain,concept,Planned,,Fuel transformation,Coal-to-liquids,capture_capacity,0.8,0.8,,2022,,2030,,EOR,Yanchang oilfield,https://www.upstreamonline.com/environment/china-vows-carbon-capture-and-storage-to-enhance-oil-recovery-at-oldest-field/2-1-1183926?zephr_sso_ott=Kb18K7,2026-03-27,https://www.iea.org/data-and-statistics/data-product/ccus-projects-database,official_workbook,,unmatched-review
iea-2026-1366,Idemitsu Biomass Waste to Hydrogen,Japan,Other Asia Pacific,"Idemitsu, H Cycle",Capture,concept,Planned,,Fuel transformation,Hydrogen or ammonia,capture_capacity,,,,2023,,2030,,Unknown/unspecified,,https://www.idemitsu.com/en/news/2023/230413.html,2026-03-27,https://www.iea.org/data-and-statistics/data-product/ccus-projects-database,official_workbook,,unmatched-review
iea-2026-1367,Ascension Clean Energy (ACE) complex (LA) Phase 2,United States,North America,"Clean Hydrogen Works (Joint venture between Denbury Carbon Solutions (ExxonMobil) (T&S), Hafnia (ammonia export), Mitsui O.S.K. Lines (MOL) (shipping))",Capture,concept,Planned,,Fuel transformation,Hydrogen or ammonia,capture_capacity,7.56,7.56,,2022,2026,2030,,Dedicated storage,Denbury Green pipeline /Gemini (LA),https://www.cleanhydrogenworks.com/news/clean-hydrogen-works-awards-mcdermott-feed-contract-for-ascension-clean-energy-ace-project.html|https://www.cleanhydrogenworks.com/the-ace-project/,2026-03-27,https://www.iea.org/data-and-statistics/data-product/ccus-projects-database,official_workbook,,unmatched-review
iea-2026-1369,Project Jacaranda Phase 1,Kenya,Africa,"Sirona Technologies, Cella",Capture,concept,Planned,,DAC,Direct Air Capture,capture_capacity,0.001,0.001,0.001,2023,,2026,,Dedicated storage,,https://www.sirona.tech/project-jacaranda,2026-03-27,https://www.iea.org/data-and-statistics/data-product/ccus-projects-database,official_workbook,,unmatched-review
iea-2026-1370,Project Jacaranda Phase 2,Kenya,Africa,"Sirona Technologies, Cella",Capture,concept,Planned,1,DAC,Direct Air Capture,capture_capacity,0.006,0.006,0.006,2023,,2027,,Dedicated storage,,https://www.sirona.tech/project-jacaranda,2026-03-27,https://www.iea.org/data-and-statistics/data-product/ccus-projects-database,official_workbook,,unmatched-review
iea-2026-1371,Project Jacaranda Phase 3,Kenya,Africa,"Sirona Technologies, Cella",Capture,concept,Planned,2,DAC,Direct Air Capture,capture_capacity,0.023,0.023,0.023,2023,,2028,,Dedicated storage,,https://www.sirona.tech/project-jacaranda,2026-03-27,https://www.iea.org/data-and-statistics/data-product/ccus-projects-database,official_workbook,,unmatched-review
iea-2026-1372,Project Jacaranda Phase 4,Kenya,Africa,"Sirona Technologies, Cella",Capture,concept,Planned,3,DAC,Direct Air Capture,capture_capacity,0.07,0.07,0.07,2023,,2029,,Dedicated storage,,https://www.sirona.tech/project-jacaranda,2026-03-27,https://www.iea.org/data-and-statistics/data-product/ccus-projects-database,official_workbook,,unmatched-review
iea-2026-1376,Worsley Alumina CCS,Australia,Australia and New Zealand,"Pilot Energy, South32 Worsley Alumina Pty Ltd (South32), Chiyoda",Capture,concept,Planned,,Industry,Other industry,capture_capacity,0.7,0.7,,2025,,,,Dedicated storage,Cliff Head CCS Project,https://www.pilotenergy.com.au/sites/default/files/asx-announcements/61252492.pdf|https://www.chiyodacorp.com/media/250404_e.pdf|https://www.alcircle.com/news/south32-worsley-alumina-to-explore-ccs-potential-in-landmark-study-with-pilot-energy-113436?srsltid=AfmBOorXVJ6r4EBW-S5uKM06EvO_YJWnvLDZNRT-2Oip75NRBuQQ6362,2026-03-27,https://www.iea.org/data-and-statistics/data-product/ccus-projects-database,official_workbook,,unmatched-review
iea-2026-1378,CopenCapture (CopenHill Wate to Energy Plant),Denmark,Europe,E.ON Energy Projects GmbH (E.ON) and ARC,Full Chain,concept,Planned,,Power and heat,Power and heat (waste),capture_capacity,0.4,0.4,0.2,2025,2026,2030,,Dedicated storage,,https://www.eon.com/en/business-customers/success-stories/copencapture.html,2026-03-27,https://www.iea.org/data-and-statistics/data-product/ccus-projects-database,official_workbook,,unmatched-review
iea-2026-1379,EDF Renewables DAC Park (TX),United States,North America,"EDF Renewables, Return Carbon, Skytree, Verified Carbon",Full chain,concept,Planned,,DAC,Direct Air Capture,capture_capacity,0.5,0.5,0.5,2025,,2028,,Dedicated storage,,https://returncarbon.nl/news/skytree-and-return-carbon-selected-by-edf-renewables-north-america-to-develop-texas-based-dac-park|https://www.skytree.eu/press-room/skytree-returncarbon-edfrenewables-northamerica-texas-dac-park-500000-tonnes-co2-removal,2026-03-27,https://www.iea.org/data-and-statistics/data-product/ccus-projects-database,official_workbook,,unmatched-review
iea-2026-1383,Project Labrador (TX),United States,North America,Chevron,Capture,concept,Planned,,Fuel transformation,Hydrogen or ammonia,capture_capacity,2.3,2.3,,2025,2027,2032,,Dedicated storage,,https://www.enr.com/articles/61038-chevron-makes-plans-for-5b-blue-hydrogen-and-ammonia-project-in-texas|https://www.hydrogeninsight.com/production/chevron-plans-5bn-blue-ammonia-plant-as-part-of-texas-hydrogen-hub/2-1-1844626,2026-03-27,https://www.iea.org/data-and-statistics/data-product/ccus-projects-database,official_workbook,,unmatched-review
iea-2026-1384,Barnett Zero CCS (TX) (Bridgeport plant),United States,North America,BKV . Enlink,Full Chain,operating,Operational,,Fuel transformation,Natural gas processing/LNG,capture_capacity,0.183,0.18,,2022,2022,2023,,EOR,,https://www.bkv.com/carbon-capture-and-sequestration|https://read.bkv.com/pdfs/2023-BKV-Sustainability-Report.pdf|https://ir.bkv.com/financial-info/sec-filings/content/0001104659-24-103216/tm2217921-58_424b4.htm,2026-03-27,https://www.iea.org/data-and-statistics/data-product/ccus-projects-database,official_workbook,,unmatched-review
iea-2026-1388,Hydrogen Canada Clean Hydrogen and Ammonia Production Facility,Canada,North America,"Hydrogen Canada, Korea Southern Power (KOSPO)",Full chain,concept,Planned,,Fuel transformation,Hydrogen or ammonia,capture_capacity,1.0,1.0,,2023,,2028,,Dedicated storage,,https://www.hydrogencanadacorp.com/|https://www.newswire.ca/news-releases/hydrogen-canada-corp-announces-world-scale-blue-hydrogen-ammonia-facility-with-product-bound-for-south-korea-831451417.html|https://www.hydrogencanadacorp.com/_files/ugd/72d3f6_9206fd9a250d4d12a4ff9517709934d2.pdf,2026-03-27,https://www.iea.org/data-and-statistics/data-product/ccus-projects-database,official_workbook,,unmatched-review
iea-2026-1389,Hydrogen Naturally Co-located Hydrogen Hub,Canada,North America,Hydrogen Naturally,Full chain,concept,Planned,,Fuel transformation,Hydrogen or ammonia,capture_capacity,4.0,4.0,4.0,2022,,,,Dedicated storage,,https://fnci.ca/wp-content/uploads/documents/info-sessions/2023_03_22/h2naturally.pdf,2026-03-27,https://www.iea.org/data-and-statistics/data-product/ccus-projects-database,official_workbook,,unmatched-review
iea-2026-1391,KEZO Carbon Capture Plant,Switzerland,Europe,KEZO and Sulzer,CCU,concept,Planned,,Power and heat,Power and heat (waste),capture_capacity,0.12,0.12,,2025,,,,Use,,https://www.sulzer.com/en/shared/news/250708_kezo-and-sulzer-launch-first-swiss-pilot-project-for-co2-capture-at-waste-recycling-plant,2026-03-27,https://www.iea.org/data-and-statistics/data-product/ccus-projects-database,official_workbook,,unmatched-review
iea-2026-1397,Havstjerne CO2 Storage (FSIU),Norway,Europe,"Harbour Energy Norge AS (60%), Stella Maris CCS AS (40%)",T&S,concept,Planned,,CO2 T&S,CO2 T&S,storage_injection_capacity,,,,2025,,,,Dedicated storage,STARFISH,https://havstjerne.com/about-havstjerne/|https://www.kline.co.jp/en/news/liquefied_gas/liquefied_gas-20250908.html|https://havstjerne.com/news-media/,2026-03-27,https://www.iea.org/data-and-statistics/data-product/ccus-projects-database,official_workbook,,unmatched-review
iea-2026-1403,Grenaa Port phase 1,Denmark,Europe,Normod Carbon,Transport,concept,Planned,1,CO2 T&S,CO2 transport,transport_capacity,,,,2025,2027,2029,,Dedicated storage,Grenaa CCS Hub,https://normodcarbon.com/|https://www.carboncapturejournal.com/news/normod-carbon-secures-port-of-grenaa-exclusivity-and-offtake-deals-for-a-250m-co2-hub/6969.aspx?Category=all,2026-03-27,https://www.iea.org/data-and-statistics/data-product/ccus-projects-database,official_workbook,,unmatched-review
iea-2026-1404,Grenaa Port phase 2,Denmark,Europe,Normod Carbon,Transport,concept,Planned,2,CO2 T&S,CO2 transport,transport_capacity,10.0,10.0,,2025,,2030,,Dedicated storage,Grenaa CCS Hub,https://normodcarbon.com/|https://www.carboncapturejournal.com/news/normod-carbon-secures-port-of-grenaa-exclusivity-and-offtake-deals-for-a-250m-co2-hub/6969.aspx?Category=all,2026-03-27,https://www.iea.org/data-and-statistics/data-product/ccus-projects-database,official_workbook,,unmatched-review
iea-2026-1405,Project Cypress Southwest (LA),United States,North America,"Battelle (DAC hub owner), Climeworks",Capture,concept,Planned,,DAC,Direct Air Capture,capture_capacity,0.53,,0.53,2023,,,,Dedicated storage,Cypress DAC Hub (LA),https://www.cassidy.senate.gov/newsroom/press-releases/cassidy-announces-louisiana-to-receive-up-to-603-million-in-funding-for-direct-air-capture-hub-from-his-infrastructure-bill/|https://projectcypress.com/,2026-03-27,https://www.iea.org/data-and-statistics/data-product/ccus-projects-database,official_workbook,,unmatched-review
iea-2026-1406,Greenview Industrial Gateway blue ammonia and methanol (ALB),Canada,North America,Northern Petrochemical Corporation (NPC),Capture,cancelled,Cancelled,,Fuel transformation,Hydrogen or ammonia,capture_capacity,,,,2021,,,2026,Dedicated storage,,https://globalenergyinfrastructure.com/news/2021/11-november/alberta-s-northern-petrochemical-corporation-announces-25-billion-petrochemical-project/|https://www.qcintel.com/hydrogen/article/npc-cancels-blue-hydrogen-export-project-on-combination-of-factors-60236.html,2026-03-27,https://www.iea.org/data-and-statistics/data-product/ccus-projects-database,official_workbook,,unmatched-review
iea-2026-1407,Iillinois basin Regional DAC hub (IL),United States,North America,University of Illinois at Urbana-Champaign,Capture,concept,Planned,,DAC,Direct Air Capture,capture_capacity,0.05,0.05,0.05,2024,,,,Dedicated storage,,,2026-03-27,https://www.iea.org/data-and-statistics/data-product/ccus-projects-database,official_workbook,,unmatched-review
iea-2026-1408,Aker Carbon Capture refinery (unknown facility),United States,North America,"Aker Carbon Capture, unknown company",Capture,concept,Planned,,Fuel transformation,Refining,capture_capacity,1.2,1.2,,2023,,,,Unknown/unspecified,,https://projectcypress.com/project-overview|https://climeworks.com/press-release/climeworks-collaborates-with-capturepoint-solutions-for-co2-storage,2026-03-27,https://www.iea.org/data-and-statistics/data-product/ccus-projects-database,official_workbook,,unmatched-review
iea-2026-1409,Antwerp CO2 Pipeline Network,Belgium,Europe,"Fluxys c-grid Antwerp (JV: Fluxys Belgium, Pipelink and Air Liquide)",Transport,construction,Under construction,,CO2 T&S,CO2 transport,transport_capacity,10.0,10.0,,2021,2025,2029,,Unknown/unspecified,Antwerp@C CO2 Export Hub,https://www.fluxys.com/en/news/fluxys-belgium/2025/250526_construction-of-co2-backbone-started-in-antwerp-port-area,2026-03-27,https://www.iea.org/data-and-statistics/data-product/ccus-projects-database,official_workbook,,unmatched-review
iea-2026-1410,Madrid Ethanol plant (NE),United States,North America,Mid America Agri Products/Wheatland (MAAPW),Capture,operating,Operational,,Fuel transformation,Bioethanol,capture_capacity,0.286,,0.286,2022,,2025,,Dedicated storage,Trailblazer CO2 pipeline (NE-WY)/Eastern Wyoming Sequestration Hub (WY),https://tallgrass.com/newsroom/press-releases/MAAPW|https://www.maapw.com/products,2026-03-27,https://www.iea.org/data-and-statistics/data-product/ccus-projects-database,official_workbook,,unmatched-review
iea-2026-1414,Enping 15-1 offshore CCS (Hong Kong) (well extension),People's Republic of China,Other Asia Pacific,CNOOC,Full chain,operating,Operational,,Fuel transformation,Oil and gas extraction,capture_capacity,0.1,,,,,2025,,EOR,,https://www.upstreamonline.com/carbon-capture/cnooc-kicks-off-pioneering-carbon-capture-and-storage-well-in-south-china-sea/2-1-1797635|http://english.scio.gov.cn/m/chinavoices/2025-05/22/content_117889178.html,2026-03-27,https://www.iea.org/data-and-statistics/data-product/ccus-projects-database,official_workbook,,unmatched-review
iea-2026-1415,Xinjiang Jinlong Shenwu Thermal Power Plant (Xinjiang),People's Republic of China,Other Asia Pacific,Shenwu energy,Capture,operating,Operational,,Power and heat,Power (coal),capture_capacity,0.2,0.2,,,2023,2024,,EOR,,https://m.huyangnet.cn/content/2024-12/14/content_1941113.html|https://tuanju-wap.bingtuannet.com/news_details.html?id=1877090&timestamp=1760618539741,2026-03-27,https://www.iea.org/data-and-statistics/data-product/ccus-projects-database,official_workbook,,unmatched-review
iea-2026-1416,CPNC coal power Baijiantan Karamay (Xinjiang) Phase 2,People's Republic of China,Other Asia Pacific,CNPC,Full chain,concept,Planned,2,Power and heat,Power (coal),capture_capacity,1.0,1.0,,2023,,2030,,EOR,CNPC China Northwest hub (Xinjiang),https://www.cnpc.com.cn/en/nr2025/202504/05bdb20b040d494a98d26d38e08f8138.shtml|https://www.webull.ca/news-detail/13006547167650816,2026-03-27,https://www.iea.org/data-and-statistics/data-product/ccus-projects-database,official_workbook,,unmatched-review
iea-2026-1418,1PointFive and Entreprise BlueBonnet transport network (TX),United States,North America,"1PointFive (Occidental), Entreprise Product Partners",Transport,concept,Planned,,CO2 T&S,CO2 transport,transport_capacity,,,,2024,,,,Dedicated storage,BlueBonnet sequestration hub,,2026-03-27,https://www.iea.org/data-and-statistics/data-product/ccus-projects-database,official_workbook,,unmatched-review
iea-2026-1419,NorthStarH2 Lugnvik plant,Sweden,Europe,"Uniper (facility owner)​, Liquid Wind​ (developer), Jämtkraft (CO2 partner)",CCU,concept,Planned,,Power and heat,Power (bioenergy),capture_capacity,0.15,0.15,,2024,2027,,,Use,,https://www.liquidwind.com/ostersund|https://www.liquidwind.com/news/uniper-selects-liquid-wind-as-project-developer-for-emethanol-plant-in-swedennbsp,2026-03-27,https://www.iea.org/data-and-statistics/data-product/ccus-projects-database,official_workbook,,unmatched-review
iea-2026-1420,Kleberg Sequestration Hub (TX),United States,North America,"Enbridge (transport), 1PointFive (Occidental) (Storage)",T&S,concept,Planned,,CO2 T&S,CO2 T&S,storage_injection_capacity,,,,2022,,2028,,Unknown/unspecified,Corpus Christi CO2 pipeline,,2026-03-27,https://www.iea.org/data-and-statistics/data-product/ccus-projects-database,official_workbook,,unmatched-review
iea-2026-1423,Moringa Phase 1,Oman-United Arab Emirates,Middle East,"Sirona Technologies, 44.01",Full chain,operating,Operational,1,DAC,Direct Air Capture,capture_capacity,0.001,0.001,0.001,2025,,2025,,Dedicated storage,,https://www.sirona.tech/projects|https://omanpetroleumandenergyshow.com/newfront/news/sirona-launches-project-moringa-co2-capture-and-storage-in-oman,2026-03-27,https://www.iea.org/data-and-statistics/data-product/ccus-projects-database,official_workbook,,unmatched-review
iea-2026-1424,Moringa Phase 2,Oman-United Arab Emirates,Middle East,"Sirona Technologies, 44.01",Full chain,construction,Under construction,2,DAC,Direct Air Capture,capture_capacity,0.0,0.0,0.0,2025,,2026,,Dedicated storage,,https://www.sirona.tech/projects|https://omanpetroleumandenergyshow.com/newfront/news/sirona-launches-project-moringa-co2-capture-and-storage-in-oman,2026-03-27,https://www.iea.org/data-and-statistics/data-product/ccus-projects-database,official_workbook,,unmatched-review
iea-2026-1425,Granger Carbon terminal (WY) (Project Sprint Carbon-by-Rail BECCS),United States,North America,"Frontier Carbon Solutions, Mangrove",Transport,concept,Planned,,CO2 T&S,CO2 transport,transport_capacity,0.5,0.5,0.5,2025,,2027,,Dedicated storage,Sweetwater Carbon Storage Hub (WY),https://decarbonfuse.com/posts/project-sprint-frontier-carbon-solutions-teams-up-with-midwest-refineries-for-major-carbon-capture-leap|https://www.mangrovesystems.com/press/frontier-selects-mangrove-digital-mrv-beccs-project|https://carbonherald.com/frontier-carbon-solutions-mangrove-track-co2-beccs/,2026-03-27,https://www.iea.org/data-and-statistics/data-product/ccus-projects-database,official_workbook,,unmatched-review
iea-2026-1426,Bonanza BioEnergy CCUS Dedicated storage (KS),United States,North America,Conestoga Energy,Full chain,construction,Under construction,,Fuel transformation,Bioethanol,capture_capacity,0.15,0.15,0.15,2025,2025,2028,,Dedicated storage,Bonanza Storage (KS),https://www.businesswire.com/news/home/20250528763844/en/Conestoga-Energy-Completes-Drilling-of-Class-VI-Carbon-Capture-Sequestration-Well-Advances-Toward-EPA-Application,2026-03-27,https://www.iea.org/data-and-statistics/data-product/ccus-projects-database,official_workbook,,unmatched-review
iea-2026-1427,Ichthys LNG (Darwin),Australia,Australia and New Zealand,"INPEX Ichthys Pty. Ltd. (67.820%), TotalEnergies (26%, CPC (2.625%), Osaka Gas (1.2%), Kansai Electric Power (1.2%), JERA (0.735%), Toho Gas (0.42%)",Full chain,concept,Planned,,Fuel transformation,Natural gas processing/LNG,capture_capacity,,,,2025,,2030,,Unknown/unspecified,Bonaparte CCS,https://www.inpex.com/english/business/project/ichthys.html|https://www.inpex.com/english/business/project/ichthys.html,2026-03-27,https://www.iea.org/data-and-statistics/data-product/ccus-projects-database,official_workbook,,unmatched-review
iea-2026-1431,Tamarack (AB),Canada,North America,True North Carbon (CarbonCapture Inc),Capture,construction,Under construction,,DAC,Direct Air Capture,capture_capacity,0.002,0.002,0.002,2025,,2026,,Dedicated storage,,https://www.newsfilecorp.com/release/271542/True-North-Carbons-Tamarack-Project-Canadas-Largest-SingleTechnology-Direct-Air-Capture-Deployment-Achieves-First-Capture-in-Innisfail-Alberta,2026-03-27,https://www.iea.org/data-and-statistics/data-product/ccus-projects-database,official_workbook,,unmatched-review
iea-2026-1432,Port of Nagoya (Aichi Prefecture) to Australia,Australia-Japan,Australia and New Zealand,"INPEX, Chubu Electric",Transport,concept,Planned,,CO2 T&S,CO2 transport,transport_capacity,,,,2024,,,,Dedicated storage,Bonaparte CCS,https://international.austrade.gov.au/en/news-and-analysis/news/inpex-and-chubu-electric-power-explore-ccs-value-chain-between-japan-and-australia,2026-03-27,https://www.iea.org/data-and-statistics/data-product/ccus-projects-database,official_workbook,,unmatched-review
iea-2026-1435,"5,000 TA CO2 (Salvador de Bahia)",Brazil,Central and South America,"Repsol Sinopec, SENAI-CIMATEC",Capture,concept,Planned,,DAC,Direct Air Capture,capture_capacity,0.005,0.005,0.005,2023,,2027,,Dedicated storage,,https://dacma.com/projects/|https://repsolsinopec.com.br/noticias/repsol-sinopec-lanca-projeto-dac-5000-para-remocao-de-ate-5-mil-toneladas-de-co2-do-ar-por-ano/|https://dacma.com/news/the-largest-direct-air-capture-dac-system-in-south-america-is-in-operation/,2026-03-27,https://www.iea.org/data-and-statistics/data-product/ccus-projects-database,official_workbook,,unmatched-review
iea-2026-1439,"5,000 TA CO2 (Australia) phase 1",Australia,Australia and New Zealand,DACMA,Full chain,concept,Planned,1,DAC,Direct Air Capture,capture_capacity,0.005,0.005,0.005,2025,,,,Dedicated storage,,https://dacma.com/projects/|https://dacma.com/projects/,2026-03-27,https://www.iea.org/data-and-statistics/data-product/ccus-projects-database,official_workbook,,unmatched-review
iea-2026-1440,Alaska DAC Hub (AK),United States,North America,"Alaska CCS Consortium (Santos, ASRC Energy)",Full chain,concept,Planned,,DAC,Direct Air Capture,capture_capacity,0.05,0.05,0.05,2024,2026,,,Dedicated storage,,https://dacma.com/projects/|https://greencap-solutions.com/greencap-solutions-selected-by-the-arctic-direct-air-capture-initiative/,2026-03-27,https://www.iea.org/data-and-statistics/data-product/ccus-projects-database,official_workbook,,unmatched-review
iea-2026-1445,CPT 01 cement Campulung,Romania,Europe,"Holcim, Carmeuse",Full chain,concept,Planned,,Industry,Cement,capture_capacity,1.0,1.0,0.1,2025,,2032,,Dedicated storage,Carbon Hub CPT 01,https://www.holcim.com/media/media-releases/eu-innovation-fund-carbon-hub-romania|https://www.holcim.com/sites/holcim/files/styles/no_resize/public/2024-02/annual-report_holcim_2032_graph_page_92_93.jpg.webp?itok=TXO_Y6Ym,2026-03-27,https://www.iea.org/data-and-statistics/data-product/ccus-projects-database,official_workbook,,unmatched-review
iea-2026-1446,APOLLOCO2-LT Revithoussa Island,Greece,Europe,"ECOLOG, DESFA",Transport,concept,Planned,,CO2 T&S,CO2 transport,transport_capacity,3.0,3.0,,2025,,,,Unknown/unspecified,,https://www.desfa.gr/en/desfa-secures-e169-3-million-eu-innovation-fund-grant-for-apolloco%e2%82%82-advancing-greeces-first-large-scale-ccs-midstream-infrastructure/,2026-03-27,https://www.iea.org/data-and-statistics/data-product/ccus-projects-database,official_workbook,,unmatched-review
iea-2026-1450,Sandpiper Chemical Blue Methanol plant (TX),United States,North America,"Topsoe, Sandpiper Chemicals",Capture,concept,Planned,,Industry,Chemicals,capture_capacity,,,,2025,,2030,,Unknown/unspecified,,https://www.topsoe.com/press-releases/topsoe-to-support-new-blue-methanol-plant-in-texas,2026-03-27,https://www.iea.org/data-and-statistics/data-product/ccus-projects-database,official_workbook,,unmatched-review
iea-2026-1452,Trinity Campus (TX),United States,North America,"Return Carbon, Permian Energy Development Lab (PEDL)",Full chain,concept,Planned,1,DAC,Direct Air Capture,capture_capacity,0.01,0.01,0.01,2025,,,,Unknown/unspecified,,https://returncarbon.nl/news/news-nov-2025,2026-03-27,https://www.iea.org/data-and-statistics/data-product/ccus-projects-database,official_workbook,,unmatched-review
iea-2026-1453,Trinity Campus (TX),United States,North America,"Return Carbon, Permian Energy Development Lab (PEDL)",Full chain,concept,Planned,2,DAC,Direct Air Capture,capture_capacity,0.09,0.09,0.09,2025,,,,Unknown/unspecified,,https://returncarbon.nl/news/news-nov-2025,2026-03-27,https://www.iea.org/data-and-statistics/data-product/ccus-projects-database,official_workbook,,unmatched-review
iea-2026-1456,Capsol US utility for gas power,United States,North America,Capsol Technologies,Capture,concept,Planned,,Power and heat,Power (gas),capture_capacity,,,,2025,,,,Unknown/unspecified,,https://www.carboncapturejournal.com/news/capsol-to-deploy-capsolgt-with-us-utility-for-gas-power/7066.aspx?Category=all,2026-03-27,https://www.iea.org/data-and-statistics/data-product/ccus-projects-database,official_workbook,,unmatched-review
iea-2026-1457,Rexus Wood Waste-to-Energy Plant (Lion),Singapore,Other Asia Pacific,"Rexus Bioenergy (PacificLight, Sobono Group, V8 Environmentl)",CCU,concept,Planned,,Power and heat,Power (bioenergy),capture_capacity,,,,2024,,,,Use,,https://www.rexus.com.sg/newsletters/rexus-bioresource-valorisation-centre,2026-03-27,https://www.iea.org/data-and-statistics/data-product/ccus-projects-database,official_workbook,,unmatched-review
iea-2026-1458,Granger Carbon terminal (WY),United States,North America,Frontier Carbon Solutions,Transport,concept,Planned,,CO2 T&S,CO2 transport,transport_capacity,0.5,0.5,,2025,,2027,,Dedicated storage,Sweetwater Carbon Storage Hub (WY),https://frontierccus.com/frontier-carbon-by-rail,2026-03-27,https://www.iea.org/data-and-statistics/data-product/ccus-projects-database,official_workbook,,unmatched-review
iea-2026-1459,ECCO2-LH (Lighthouse) LafargeHolcim Carboneras cement factory phase 2,Spain,Europe,"Holcim Group, Sistemas de Calor, Carbon clean (tech)",CCU,cancelled,Cancelled,,Industry,Cement,capture_capacity,0.6,0.6,,2020,,,2025,Use,,https://www.holcim.com/media/media-releases/media-release-carbon-capture-projects-USA-germany,2026-03-27,https://www.iea.org/data-and-statistics/data-product/ccus-projects-database,official_workbook,,unmatched-review
iea-2026-1460,Deuna cement plant (Thuringia),Germany,Europe,Dyckerhoff,Capture,concept,Planned,,Industry,Cement,capture_capacity,0.62,0.62,,2024,,2029,,Unknown/unspecified,,https://www.dyckerhoff.com/en/w/co2-abscheideanlage-im-werk-deuna?languageId=en_US|https://www.dyckerhoff.com/en/w/bundestagsabgeordneter-david-gregosz-im-zementwerk-deuna?redirect=%2Fen%2Fpressemitteilungen,2026-03-27,https://www.iea.org/data-and-statistics/data-product/ccus-projects-database,official_workbook,,unmatched-review
iea-2026-1461,VAIA project Montalieu-Vercieu site,France,Europe,"Vicat, SPSE (transport), Elengy (liquefaction), RTE (energy supply), ENI (storage)",Full chain,concept,Planned,,Industry,Cement,capture_capacity,1.2,1.2,,2025,,2030,,Mixed,Rhône Décarbonation,https://www.vicat.com/news/vicat-group-launches-vaia-project-accelerator-decarbonization-ambitions|https://www.vicat.fr/actualites/lancement-de-la-concertation-publique-pour-le-projet-rhone-decarbonation,2026-03-27,https://www.iea.org/data-and-statistics/data-product/ccus-projects-database,official_workbook,,unmatched-review
iea-2026-1462,Beli Net Zero (Beli Izvor plant),Bulgaria,Europe,Holcim,Full chain,concept,Planned,,Industry,Cement,capture_capacity,,,,2024,,,,Dedicated storage,,https://www.holcim.bg/bg/vaglerodna-neutralnost,2026-03-27,https://www.iea.org/data-and-statistics/data-product/ccus-projects-database,official_workbook,,unmatched-review
iea-2026-1463,Mosusol netCO2,Spain,Europe,"Enegas (transport), Molins",Full chain,concept,Planned,,Industry,Cement,capture_capacity,1.0,1.0,,2025,,2031,,Unknown/unspecified,,https://www.enagas.es/en/press-room/news-room/press-releases/co2-cement-molins-agreement/,2026-03-27,https://www.iea.org/data-and-statistics/data-product/ccus-projects-database,official_workbook,,unmatched-review
iea-2026-1464,Arckaringa,Australia,Australia and New Zealand,Australia Carbon Vault (ACV),Storage,concept,Planned,,CO2 T&S,CO2 storage,storage_injection_capacity,,,,2025,,,,Dedicated storage,,https://acvault.au/projects/,2026-03-27,https://www.iea.org/data-and-statistics/data-product/ccus-projects-database,official_workbook,,unmatched-review
iea-2026-1466,Moonstone (CA) phase 1,United States,North America,Holi Grail,Full Chain,construction,Under construction,1,DAC,Direct Air Capture,capture_capacity,0.002,0.002,0.002,,,2026,,Dedicated storage,,https://www.regreener.earth/projects-overview/technological-carbon-removal-in-the-united-states,2026-03-27,https://www.iea.org/data-and-statistics/data-product/ccus-projects-database,official_workbook,,unmatched-review
iea-2026-1467,Moonstone (CA) phase 2,United States,North America,Holi Grail,Full Chain,concept,Planned,2,DAC,Direct Air Capture,capture_capacity,0.098,0.098,0.098,,,2027,,Dedicated storage,,https://www.regreener.earth/projects-overview/technological-carbon-removal-in-the-united-states,2026-03-27,https://www.iea.org/data-and-statistics/data-product/ccus-projects-database,official_workbook,,unmatched-review
iea-2026-1468,Meadowbrook Carbon Storage Hub (MCSH) (ALB) phase 1,Canada,North America,Bison Low Carbon Ventures,T&S,construction,Under construction,1,CO2 T&S,CO2 T&S,storage_injection_capacity,0.5,0.5,,2022,2024,2026,,Dedicated storage,Meadowbrook Carbon Storage Hub (MCSH) (ALB),https://fortsaskonline.com/articles/alberta-picks-six-proposals-to-develop-carbon-storage-hubs-in-industrial-heartland|https://www.alberta.ca/carbon-sequestration-tenure-management.aspx|https://www.marubeni.com/en/news/2023/release/00073.html|https://static1.squarespace.com/static/61d72b07c04d092970089446/t/67c091a7f2e3677508811dbd/1740673447793/Meadowbrook+PR+-+AER+D65+Approval.pdf|https://static1.squarespace.com/static/61d72b07c04d092970089446/t/6938da48ee10863183f662a7/1765333576543/Start-up+Phase+1.pdf,2026-03-27,https://www.iea.org/data-and-statistics/data-product/ccus-projects-database,official_workbook,,unmatched-review
iea-2026-1470,Meadowbrook Carbon Storage Hub (MCSH) (ALB) phase 2,Canada,North America,Bison Low Carbon Ventures,T&S,concept,Planned,2,CO2 T&S,CO2 T&S,storage_injection_capacity,2.5,2.5,,2022,2026,2028,,Dedicated storage,Meadowbrook Carbon Storage Hub (MCSH) (ALB),https://catch4climate.com/|https://catch4climate.com/pressemitteilung-28-07-2025-praezision-auf-den-punkt-gebracht-update-von-der-ci4c-baustelle/|https://www.carboncapturejournal.com/news/consortium-led-by-tcnicas-reunidas-demonstrates-co2-capture-for-industrial-processes/7154.aspx?Category=all,2026-03-27,https://www.iea.org/data-and-statistics/data-product/ccus-projects-database,official_workbook,,unmatched-review
iea-2026-1471,CarbonBridge,Germany,Europe,"Ambrian Energy, Messer, Bremenports",Transport,concept,Planned,,CO2 T&S,CO2 transport,transport_capacity,,,,,,2030,,Unknown/unspecified,,https://www.carbonbridge.de/|https://www.gasworld.com/story/messer-completes-early-stage-study-for-co2-terminal-in-germany/2155154.article/,2026-03-27,https://www.iea.org/data-and-statistics/data-product/ccus-projects-database,official_workbook,,unmatched-review
iea-2026-1472,Huaneng Shanghai Shidongkou Second Power Plant (Shanghai）,People's Republic of China,Other Asia Pacific,China Huaneng Group,Full Chain,operating,Operational,,Power and heat,Power (coal),capture_capacity,0.12,0.12,,2008,,2009,,Mixed,,https://www.cmenhu.cn/13266.html|https://www.tcwta.org.cn/detail_xw/-/article/gEdEBeC0Qr5y/v/156397.html|https://www.csee.org.cn/pic/u/cms/www/202203/07154242r83f.pdf,2026-03-27,https://www.iea.org/data-and-statistics/data-product/ccus-projects-database,official_workbook,,unmatched-review
iea-2026-1473,China Resources Tangshan Caofeidian Power (Hebei),People's Republic of China,Other Asia Pacific,China Resources Group,Full Chain,concept,Planned,,Power and heat,Power (coal),capture_capacity,0.15,0.15,,2025,,2028,,EOR,,https://www.eco.gov.cn/index.php/news_info/44784.html|http://mm.chinapower.com.cn:42808/fd/jcdt/20210603/78493.html,2026-03-27,https://www.iea.org/data-and-statistics/data-product/ccus-projects-database,official_workbook,,unmatched-review
iea-2026-1474,CarbonConnect,Belgium-United Kingdom,Europe,"Interconnector, Fluxys",Transport,concept,Planned,,CO2 T&S,CO2 transport,transport_capacity,20.0,20.0,,,2028,2032,,Dedicated storage,Belgian CO2 network,https://energy.ec.europa.eu/document/download/f3358e26-6bec-444b-8024-05385c28d00c_en?filename=delegated-regulation-second-union-list-projects-common-and-mutual-interest_Annex_en.PDF,2026-03-27,https://www.iea.org/data-and-statistics/data-product/ccus-projects-database,official_workbook,,unmatched-review
iea-2026-1475,ECO2FLY (Villaluenga),Spain,Europe,"P2X Holdco Spain, Holcim España, Exolum Solutions",CCU,concept,Planned,,Industry,Cement,capture_capacity,0.7,0.7,0.07,2025,2027,2031,,Mixed,,https://www.holcim.es/eco2fly-proyecto-pionero-para-descarbonizar-la-industria,2026-03-27,https://www.iea.org/data-and-statistics/data-product/ccus-projects-database,official_workbook,,unmatched-review
iea-2026-1476,CO2necta (Sagunto),Spain,Europe,"Holcim España, Enagás, Scale Green Energy, Planta de Regasificación de Sagunto",Full Chain,concept,Planned,,Industry,Cement,capture_capacity,0.6,0.6,0.06,2025,,2032,,Dedicated storage,,https://www.holcim.es/CO2necta-para-CCUS-de-Enagas-Holcim-y-Saggas-en-Valencia|https://strategic-technologies.europa.eu/step-seal_en#step_seals_dashboard,2026-03-27,https://www.iea.org/data-and-statistics/data-product/ccus-projects-database,official_workbook,,unmatched-review
iea-2026-1477,Belgian CO2 Pipeline Network (CO2 backbone for Belgium),Belgium,Europe,"Fluxys c-grid (JV: Fluxys Belgium, Pipelink, Socofe and SFPIM)",Transport,concept,Planned,,CO2 T&S,CO2 transport,transport_capacity,40.0,40.0,,2021,2026,2029,,Unknown/unspecified,Belgian CO2 network,https://www.fluxys.com/en/press-releases/fluxys-belgium/2023/230920_press_co2-network-operator-fluxys-c-grid|https://www.fluxys.com/en/press-releases/fluxys-belgium/2025/250717-press-fluxys-c-grid-appointed-carbon-network-operator-wallonia|https://www.fluxys.com/en/press-releases/fluxys-belgium/2025/251025-press-fluxys-c-grid-appointed-carbon-network-operator-flanders,2026-03-27,https://www.iea.org/data-and-statistics/data-product/ccus-projects-database,official_workbook,,unmatched-review
iea-2026-1478,CO2nscious (Carboneras),Spain,Europe,Holcim España,Capture,concept,Planned,,Industry,Cement,capture_capacity,0.7,0.7,0.07,2025,,2032,,Dedicated storage,,https://strategic-technologies.europa.eu/step-seal_en#step_seals_dashboard,2026-03-27,https://www.iea.org/data-and-statistics/data-product/ccus-projects-database,official_workbook,,unmatched-review
iea-2026-1479,"JetsUp (Jesup, GA)",United States,North America,"RYAM, Verso Energy",CCU,concept,Planned,,Industry,Pulp and paper,capture_capacity,0.35,0.35,,2025,,2030,,Use,,https://investors.ryam.com/news/ryam-and-verso-energy-sign-new-mou-to-advance-e-saf-and-co-utilization-project-in/30bfe52d-c52f-490e-b6e4-b54576361ab9,2026-03-27,https://www.iea.org/data-and-statistics/data-product/ccus-projects-database,official_workbook,,unmatched-review
iea-2026-1480,NorDAC Kollsnes (Øygarden),Norway,Europe,"Carbon Removal AS, Yinson Production",Full chain,concept,Planned,,DAC,Direct Air Capture,capture_capacity,0.5,0.5,0.5,2023,,,,Dedicated storage,Northern Lights,https://files.basekit.webhuset.no/ee/a7/eea77588-d2c4-4d27-b594-fb2de2f0710e.pdf,2026-03-27,https://www.iea.org/data-and-statistics/data-product/ccus-projects-database,official_workbook,,unmatched-review
iea-2026-1481,Pelican-Gulf Coast DAC Project (LA) phase 2,United States,North America,"RepAir, US DOE, Pelican Consortium( Shell, University of Houston)",Capture,concept,Planned,2,DAC,Direct Air Capture,capture_capacity,0.25,0.22,0.25,2025,,2032,,Dedicated storage,Pelican – Gulf Coast Carbon Removal DAC Hub,https://www.carboncapturejournal.com/news/repair-carbon-reaches-agreement-for-pelican-dac-hub-project-in-louisiana/6621.aspx?Category=all|https://renewable-carbon.eu/news/repair-carbon-signed-commercial-agreement-for-pelican-dac-hub-project-in-louisiana/,2026-03-27,https://www.iea.org/data-and-statistics/data-product/ccus-projects-database,official_workbook,,unmatched-review
iea-2026-1482,Pelican-Gulf Coast DAC Project (LA) phase 3,United States,North America,"RepAir, US DOE, Pelican Consortium( Shell, University of Houston)",Capture,concept,Planned,3,DAC,Direct Air Capture,capture_capacity,0.5,0.28,0.5,2025,,2035,,Dedicated storage,Pelican – Gulf Coast Carbon Removal DAC Hub,https://www.carboncapturejournal.com/news/repair-carbon-reaches-agreement-for-pelican-dac-hub-project-in-louisiana/6621.aspx?Category=all|https://renewable-carbon.eu/news/repair-carbon-signed-commercial-agreement-for-pelican-dac-hub-project-in-louisiana/,2026-03-27,https://www.iea.org/data-and-statistics/data-product/ccus-projects-database,official_workbook,,unmatched-review
iea-2026-1483,SeaSeaS (Port of Amsterdam),Netherlands,Europe,SeaSeaS,Transport,concept,Planned,,CO2 T&S,CO2 transport,transport_capacity,,,,2025,,,,Unknown/unspecified,,https://www.seaseas.nl/amsterdam-project|https://www.seaseas.nl/news/2922573_great-news-for-seaseas-amsterdam,2026-03-27,https://www.iea.org/data-and-statistics/data-product/ccus-projects-database,official_workbook,,unmatched-review
iea-2026-1485,Norske Skog Skogn (Levanger),Norway,Europe,"Carbon Centric, Norske Skog Skogn AS",CCU,concept,Planned,,Power and heat,Power and heat (waste),capture_capacity,0.1,0.1,,2025,,2028,,Use,,https://www.carboncentric.no/skogn-ccus,2026-03-27,https://www.iea.org/data-and-statistics/data-product/ccus-projects-database,official_workbook,,unmatched-review
iea-2026-1487,Treklyngen Bioforbrenning (Hønefoss),Norway,Europe,"Carbon Centric, Vardar Varme",CCU,concept,Planned,,Power and heat,Power and heat (waste),capture_capacity,0.1,0.1,,2025,,2027,,Use,,https://www.carboncentric.no/treklyngen-ccus,2026-03-27,https://www.iea.org/data-and-statistics/data-product/ccus-projects-database,official_workbook,,unmatched-review
iea-2026-1488,Fritos carbon storage (EXL014),Norway,Europe,Equinor Low Carbon Solution AS (100%),Storage,concept,Planned,,CO2 T&S,CO2 storage,storage_injection_capacity,,,,2025,,,,Dedicated storage,,https://www.sodir.no/4add6f/globalassets/2-force/2025/legacy-wells/havtil---norwegian-reulatory-requirements-to-well-integrity-for-co2-injection-wells-and-legacy-well-assessment.pdf|https://factpages.sodir.no/en/storage/pageview/licence/all/41319945,2026-03-27,https://www.iea.org/data-and-statistics/data-product/ccus-projects-database,official_workbook,,unmatched-review
iea-2026-1490,RWE CCGT Great Yarmouth (Norfolk),United Kingdom,Europe,RWE,Capture,concept,Planned,,Power and heat,Power (gas),capture_capacity,0.6,0.6,,2024,,2034,,Dedicated storage,,https://uk.rwe.com/press-and-news/2024-02-15-RWE-launches-feasibility-study-into-new-great-yarmouth-carbon-capture-project/,2026-03-27,https://www.iea.org/data-and-statistics/data-product/ccus-projects-database,official_workbook,,unmatched-review
iea-2026-1492,Project Norway phase 2,Norway,Europe,Sirona Technologies,Capture,concept,Planned,2,DAC,Direct Air Capture,capture_capacity,0.009,0.009,0.009,,,2028,,Dedicated storage,,,2026-03-27,https://www.iea.org/data-and-statistics/data-product/ccus-projects-database,official_workbook,,unmatched-review
iea-2026-1493,Project Norway phase 3,Norway,Europe,Sirona Technologies,Capture,concept,Planned,3,DAC,Direct Air Capture,capture_capacity,0.03,0.03,0.03,,,2029,,Dedicated storage,,,2026-03-27,https://www.iea.org/data-and-statistics/data-product/ccus-projects-database,official_workbook,,unmatched-review
iea-2026-1496,Partanna carbon-negative cement facility (Abu Dhabi),United Arab Emirates,Middle East,"Abu Dhabi Investment Office (ADIO), Partanna",Capture,concept,Planned,,Industry,Cement,capture_capacity,,,,2024,,,,Use,,https://www.wam.ae/en/article/149bjjh-abu-dhabi-investment-office-partners-with-partanna,2026-03-27,https://www.iea.org/data-and-statistics/data-product/ccus-projects-database,official_workbook,,unmatched-review
iea-2026-1498,CCS Italy - CO2 Transport Network,Italy,Europe,Snam,Transport,concept,Planned,,CO2 T&S,CO2 transport,transport_capacity,4.0,4.0,,2022,2026,2028,,Dedicated storage,Ravenna CCS,https://www.snam.it/en/our-businesses/ccs-hydrogen.html,2026-03-27,https://www.iea.org/data-and-statistics/data-product/ccus-projects-database,official_workbook,,unmatched-review
iea-2026-1499,Renova CCS (Gothenburg),Sweden,Europe,Renova,Capture,concept,Planned,,Power and heat,Power and heat (waste),capture_capacity,0.56,0.56,0.36,,2027,2030,,Unknown/unspecified,,https://www.renova.se/hallbarhet/vart-hallbarhetsarbete/renova--varlden/,2026-03-27,https://www.iea.org/data-and-statistics/data-product/ccus-projects-database,official_workbook,,unmatched-review
iea-2026-1500,Hedensbyn CCS (Västerbotten),Sweden,Europe,Skellefteå Kraft,Capture,concept,Planned,,Power and heat,Power (bioenergy),capture_capacity,0.14,0.14,0.14,2025,,2027,,Dedicated storage,,https://www.skekraft.se/om-oss/foretaget/i-fokus/koldioxidavskiljning/,2026-03-27,https://www.iea.org/data-and-statistics/data-product/ccus-projects-database,official_workbook,,unmatched-review
iea-2026-1501,CNetSS,Sweden,Europe,"Växjö Energi, Copenhagen Malmö port, E.ON, Höganäs AB, Kemira, Kraftringen, Stora Enso, Sysav, Öresundskraft",Transport,concept,Planned,,CO2 T&S,CO2 transport,transport_capacity,2.0,2.0,,2022,,2030,,Unknown/unspecified,,https://bioenergyinternational.com/cnetss-takes-malmo-a-step-closer-as-a-co2-hub/|https://nordionenergi.se/projekt/koldioxidinfangning/cnetss,2026-03-27,https://www.iea.org/data-and-statistics/data-product/ccus-projects-database,official_workbook,,unmatched-review
iea-2026-1502,Cstore 2,Australia,Australia and New Zealand,"deepC Store, Add Energy, CSIRO, JX Nippon Oil and Gas Exploration Corporation, Kyushu Electric Power, Mitsui OSK Lines, Osaka Gas, Technip Energies, Toho Gas",T&S,concept,Planned,,CO2 T&S,CO2 T&S,storage_injection_capacity,7.5,1.5,,2021,,,,Dedicated storage,Cstore 1,https://co2storagekalundborg.com/faq/|https://www.equinor.com/no/nyheter/20240620-utforskingstillatelse-for-co2-lagring-danmark,2026-03-27,https://www.iea.org/data-and-statistics/data-product/ccus-projects-database,official_workbook,,unmatched-review
iea-2026-1503,CO2 Storage Kalundborg,Denmark,Europe,"Equinor (60%), Ørsted (20%), Nordsøfonden (20%)",T&S,concept,Planned,,CO2 T&S,CO2 T&S,storage_injection_capacity,12.0,3.0,,2024,2027,2030,,Dedicated storage,CO2 storage Kalundborg,https://co2storagekalundborg.com/,2026-03-27,https://www.iea.org/data-and-statistics/data-product/ccus-projects-database,official_workbook,,unmatched-review
iea-2026-1504,Projekt Greenstore,Denmark,Europe,"Harbour Energy, INEOS Energy and Nordsøfonden",T&S,concept,Planned,,CO2 T&S,CO2 T&S,storage_injection_capacity,,,,,,2030,,Dedicated storage,,https://greenstore.dk/en/home-page/,2026-03-27,https://www.iea.org/data-and-statistics/data-product/ccus-projects-database,official_workbook,,unmatched-review
iea-2026-1505,AffaldPlus Affaldsenergi,Denmark,Europe,AffaldPlus Affaldsenergi,Capture,concept,Planned,,Power and heat,Power and heat (waste),capture_capacity,0.15,0.15,0.075,,,2030,,Dedicated storage,,https://affaldplus.dk/affaldplus-praekvalificeret-til-ccs-pulje-et-groent-gennembrud-provinsen,2026-03-27,https://www.iea.org/data-and-statistics/data-product/ccus-projects-database,official_workbook,,unmatched-review
iea-2026-1506,Basel-Zurich corridor,Switzerland,Europe,Schweiz,Transport,concept,Planned,,CO2 T&S,CO2 transport,transport_capacity,,,,2025,,,,Unknown/unspecified,,https://carbonherald.com/switzerland-advances-co2-transport-plans-with-penspen-pipeline-study/|https://www.penspen.com/news/penspen-awarded-major-co%E2%82%82-pipeline-study-in-switzerland/|https://www.penspen.com/news/penspen-awarded-major-co%e2%82%82-pipeline-study-in-switzerland/,2026-03-27,https://www.iea.org/data-and-statistics/data-product/ccus-projects-database,official_workbook,,unmatched-review
iea-2026-1507,Highway58 (Baltic Sea CO2 backbone),Sweden-Finland,Europe,"Progressive Energy, Pipe58",Transport,concept,Planned,1,CO2 T&S,CO2 transport,transport_capacity,20.0,20.0,,2026,,2030,,Dedicated storage,,https://www.progressive-energy.com/media/27-01-2026-Progressive-Energy-Signs-MoU-for-Highway58-1.pdf|https://pipe58.se/,2026-03-27,https://www.iea.org/data-and-statistics/data-product/ccus-projects-database,official_workbook,,unmatched-review
iea-2026-1508,VAPCO Vung Ang II coal-fired power plant (Ha Tinh Province),Vietnam,Other Asia Pacific,"TBM, VAPCO (Vung Ang II Thermal Power LLC), Viet Hai",CCU,concept,Planned,,Power and heat,Power (coal),capture_capacity,0.16,0.16,,2025,,,,Use,,https://tb-m.com/eng/news/news-4642/|https://tb-m.com/app/uploads/2025/12/TBM_VAPCO_Viet-Hai%E5%9F%BA%E6%9C%AC%E5%90%88%E6%84%8F%E3%83%97%E3%83%AC%E3%82%B9%E3%83%AA%E3%83%AA%E3%83%BC%E3%82%B9.pdf,2026-03-27,https://www.iea.org/data-and-statistics/data-product/ccus-projects-database,official_workbook,,unmatched-review
iea-2026-1509,Inter terminals Sweden,Sweden,Europe,Port of Södertälje,Transport,concept,Planned,,CO2 T&S,CO2 transport,transport_capacity,,,,2025,,,,Unknown/unspecified,,https://interterminals.com/news/2025/co2-infrastructure/,2026-03-27,https://www.iea.org/data-and-statistics/data-product/ccus-projects-database,official_workbook,,unmatched-review
iea-2026-1510,Sullom voe terminal and Shetland basin hub (SVT) - Magnus phase 2,United Kingdom,Europe,Veri Energy (EnQuest),T&S,concept,Planned,2,CO2 T&S,CO2 T&S,storage_injection_capacity,3.0,2.0,,2023,,2038,,Dedicated storage,Sullom voe terminal and Shetland basin hub (SVT),https://www.youtube.com/watch?v=T5M4PkV19mA,2026-03-27,https://www.iea.org/data-and-statistics/data-product/ccus-projects-database,official_workbook,,unmatched-review
iea-2026-1511,Sullom voe terminal and Shetland basin hub (SVT) - Regional Expansion phase 3,United Kingdom,Europe,Veri Energy (EnQuest),T&S,concept,Planned,3,CO2 T&S,CO2 T&S,storage_injection_capacity,5.0,5.0,,2023,,2040,,Dedicated storage,Sullom voe terminal and Shetland basin hub (SVT),https://www.youtube.com/watch?v=T5M4PkV19mA,2026-03-27,https://www.iea.org/data-and-statistics/data-product/ccus-projects-database,official_workbook,,unmatched-review
iea-2026-1513,E.ON's DH Norrköping plant (Malmö),Sweden,Europe,"E.ON Energy Infrastructure AB, Swedish Energy Agency",Full chain,concept,Planned,,Power and heat,Power and heat (waste),capture_capacity,0.5,0.4,0.25,2025,,2032,,Dedicated storage,,https://www.energimyndigheten.se/forskning-och-innovation/data-om-finansiering-av-forskning-och-innovation/projektdatabas/sokresultat/?registrationnumber=2025-205244|https://www.eon.se/artiklar/kolsaenkor-och-ccs-teknik,2026-03-27,https://www.iea.org/data-and-statistics/data-product/ccus-projects-database,official_workbook,,unmatched-review
iea-2026-1514,Bio-CCS Malmö (Malmö Energihamn),Sweden,Europe,E.ON Energy Infrastructure AB,Full chain,concept,Planned,,Power and heat,Power (gas),capture_capacity,0.45,0.26,,2022,,2027,,Dedicated storage,,https://www.energimyndigheten.se/forskning-och-innovation/data-om-finansiering-av-forskning-och-innovation/projektdatabas/sokresultat/?registrationnumber=2022-201772|https://www.eon.se/artiklar/kolsaenkor-och-ccs-teknik,2026-03-27,https://www.iea.org/data-and-statistics/data-product/ccus-projects-database,official_workbook,,unmatched-review
iea-2026-1515,Malmö CO2 Hub,Sweden,Europe,"E.ON, Sysav, Copenhagen Malmö Port, Nordion Energi, Uniper",Transport,concept,Planned,,CO2 T&S,CO2 transport,transport_capacity,1.3,1.3,,2022,,2030,,Unknown/unspecified,CNetSS,https://www.eon.se/artiklar/malmoe-co2-hub|https://carbonherald.com/sweden-backs-malmo-co2-hub-to-anchor-emerging-ccs-network/,2026-03-27,https://www.iea.org/data-and-statistics/data-product/ccus-projects-database,official_workbook,,unmatched-review
iea-2026-1516,E.ON's DH Örebro plant (Malmö),Sweden,Europe,"E.ON Energy Infrastructure AB, Swedish Energy Agency",Full chain,concept,Planned,,Power and heat,Power and heat (waste),capture_capacity,,,,2025,,2032,,Dedicated storage,,https://www.eon.se/artiklar/kolsaenkor-och-ccs-teknik,2026-03-27,https://www.iea.org/data-and-statistics/data-product/ccus-projects-database,official_workbook,,unmatched-review
iea-2026-1517,SkyZero (Spillepengen),Sweden,Europe,Sysav,Capture,concept,Planned,,Power and heat,Power and heat (waste),capture_capacity,0.4,0.4,0.2,2019,2027,2030,,Dedicated storage,CNetSS,https://www.sysav.se/innovation/sky-zero/|https://skyzerosysav.com/,2026-03-27,https://www.iea.org/data-and-statistics/data-product/ccus-projects-database,official_workbook,,unmatched-review
iea-2026-1518,Johannes CHP plant (Gävleborg),Sweden,Europe,"Port of Gävle, Gavle Emergi",Full chain,concept,Planned,,Power and heat,Power (bioenergy),capture_capacity,0.11,0.11,0.011,2021,,,,Unknown/unspecified,,https://www.gavleenergi.se/2021/11/mangmiljonstod-till-projekt-om-koldioxidlagring/|https://gavlehamn.se/mangmiljonstod-beviljat-gavle-energi-och-gavle-hamn-till-projekt-for-koldioxidlagring/,2026-03-27,https://www.iea.org/data-and-statistics/data-product/ccus-projects-database,official_workbook,,unmatched-review
iea-2026-1519,Bio-CCS Kristinehed and Oceanen (Halmstad),Sweden,Europe,"Halmstads Energi och Miljö, Hallands Hamnar, Klimpo",Capture,concept,Planned,,Power and heat,Power (bioenergy),capture_capacity,0.17,0.17,0.017,,,,,Unknown/unspecified,,https://hallandshamnar.se/vara-hamnar/halmstads-hamn/affarsomraden-halmstad/bio-ccs-halmstad.html,2026-03-27,https://www.iea.org/data-and-statistics/data-product/ccus-projects-database,official_workbook,,unmatched-review
iea-2026-1520,Bio-CCS Jönköping DH plant (Torsvik),Sweden,Europe,"Jönköping Energi, Klimpo",Capture,concept,Planned,,Power and heat,Power and heat (waste),capture_capacity,0.27,0.27,0.135,,,,,Unknown/unspecified,,https://www.klimpo.se/referensprojekt-bio-ccs-i-ett-vaxande-jonkoping/|https://www.svt.se/nyheter/lokalt/jonkoping/sa-fungerar-koldioxidfangning,2026-03-27,https://www.iea.org/data-and-statistics/data-product/ccus-projects-database,official_workbook,,unmatched-review
iea-2026-1521,BECCS Skövde Energi,Sweden,Europe,"Skövde Energi, Klimpo",Capture,concept,Planned,,Power and heat,Power and heat (waste),capture_capacity,0.1,0.1,0.05,2021,,,,Unknown/unspecified,,https://www.klimpo.se/referensprojekt-klimatpositiv-fjarrvarme-med-beccs/|https://skovdeenergi.se/bio-ccs/,2026-03-27,https://www.iea.org/data-and-statistics/data-product/ccus-projects-database,official_workbook,,unmatched-review
iea-2026-1523,CCS Bodens Energi,Sweden,Europe,"Bodens Energi, Sigholm, Captimise",Capture,concept,Planned,,Power and heat,Power and heat (waste),capture_capacity,0.1,0.1,0.05,2021,,,,Unknown/unspecified,,https://bodensenergi.se/nyheter/2021/sa-vill-bodens-energi-bidra-till-klimatomstallningen-genom-koldioxidavskiljning/,2026-03-27,https://www.iea.org/data-and-statistics/data-product/ccus-projects-database,official_workbook,,unmatched-review
iea-2026-1525,Fieni-Botești,Romania,Europe,,Storage,concept,Planned,,CO2 T&S,CO2 storage,storage_injection_capacity,0.6,0.6,,,,2029,,Dedicated storage,,https://climate.ec.europa.eu/document/download/0638a76f-46c4-473b-8735-20ee6659287f_en?filename=RO_NZIA_Art.21_2024_combined_PDF.pdf,2026-03-27,https://www.iea.org/data-and-statistics/data-product/ccus-projects-database,official_workbook,,unmatched-review
iea-2026-1526,Deep Sky Thetford Mines (QC),Canada,North America,Deep Sky,Full chain,construction,Under construction,,DAC,Direct Air Capture,capture_capacity,,,,2024,,,,Dedicated storage,Southeast Saskatchewan CCUS Hub,https://www.deepskyclimate.com/thetford-mines,2026-03-27,https://www.iea.org/data-and-statistics/data-product/ccus-projects-database,official_workbook,,unmatched-review
iea-2026-1527,Deep Sky Bécancour (QC),Canada,North America,"Deep Sky, INRS, Geostack",Full chain,concept,Planned,,DAC,Direct Air Capture,capture_capacity,,,,2024,,,,Dedicated storage,,https://www.deepskyclimate.com/becancour,2026-03-27,https://www.iea.org/data-and-statistics/data-product/ccus-projects-database,official_workbook,,unmatched-review
iea-2026-1528,Deep Sky Manitoba (MB),Canada,North America,Deep Sky,Full chain,concept,Planned,,DAC,Direct Air Capture,capture_capacity,,,,2025,,,,Unknown/unspecified,,https://www.deepskyclimate.com/manitoba|https://cdn.prod.website-files.com/643e34bc0908d9a2e763d3bf/68f122cb79b184ae844c4e18_Deep_Sky_pipestone_leavebehind_pages.pdf,2026-03-27,https://www.iea.org/data-and-statistics/data-product/ccus-projects-database,official_workbook,,unmatched-review
iea-2026-1529,Golianovo CO₂ Storage Site,Slovakia,Europe,"Engas, Duslo",Storage,concept,Planned,,CO2 T&S,CO2 storage,storage_injection_capacity,1.5,1.5,,,,,,Dedicated storage,,https://spectator.sme.sk/business/c/slovakia-s-first-co2-storage-site-takes-shape|https://www.engas.sk/ccs,2026-03-27,https://www.iea.org/data-and-statistics/data-product/ccus-projects-database,official_workbook,,unmatched-review
iea-2026-1530,Genesis Belle Plaine CCS (SK),Canada,North America,"Genesis Fertilizer, Carbonco ltd., Whitecap Resources",Full chain,concept,Planned,,Industry,Fertiliser,capture_capacity,1.0,1.0,,2024,,2029,,Dedicated storage,Belle Plaine Carbon Hub,https://www.newswire.ca/news-releases/genesis-fertilizers-expands-partnerships-with-carbonco-and-whitecap-to-develop-a-proposed-low-carbon-intensity-fertilizer-plant-811174633.html|https://genesisfertilizers.com/2024/11/07/genesis-fertilizers-expands-partnerships-with-carbonco-and-whitecap-to-develop-a-proposed-low-carbon-intensity-fertilizer-plant/,2026-03-27,https://www.iea.org/data-and-statistics/data-product/ccus-projects-database,official_workbook,,unmatched-review
iea-2026-1531,Innisfail Waste to Energy Project (AB),Canada,North America,Varme Energy,Full chain,concept,Planned,,Power and heat,Power and heat (waste),capture_capacity,0.185,0.185,0.093,,,2028,,Unknown/unspecified,,,2026-03-27,https://www.iea.org/data-and-statistics/data-product/ccus-projects-database,official_workbook,,unmatched-review
iea-2026-1533,NG power plant with CCS in Southeast US,United States,North America,"NextEra Energy, Exxon Mobil",Capture,concept,Planned,,Power and heat,Power (gas),capture_capacity,,,,2025,,,,Unknown/unspecified,,https://www.linde.com/news-and-media/2024/linde-signs-long-term-agreement-to-supply-clean-hydrogen-to-dow%E2%80%99s-path2zero-project-in-canada|https://majorprojects.alberta.ca/details/Linde-Integrated-Clean-Hydrogen-and-Atmospheric-Gases-Facility/,2026-03-27,https://www.iea.org/data-and-statistics/data-product/ccus-projects-database,official_workbook,,unmatched-review
iea-2026-1534,McMahon Energy Complex (BC),Canada,North America,NorthRiver Midstream Inc.,Capture,concept,Planned,,Fuel transformation,Natural gas processing/LNG,capture_capacity,1.18,1.18,,2025,,2034,,Unknown/unspecified,,https://news.gov.bc.ca/releases/2025ECS0035-000761,2026-03-27,https://www.iea.org/data-and-statistics/data-product/ccus-projects-database,official_workbook,,unmatched-review
iea-2026-1536,NorthStar CCS (SK),Canada,North America,"Carbon Alpha, Meadow Lake Tribal Council",Full chain,concept,Planned,,Power and heat,Power (bioenergy),capture_capacity,,,,2024,,2027,,Unknown/unspecified,,https://www.carbonalpha.com/news/meadow-lake-tribal-council-to-collaborate-with-carbon-alpha-on-carbon-dioxide-removal-in-canada,2026-03-27,https://www.iea.org/data-and-statistics/data-product/ccus-projects-database,official_workbook,,unmatched-review
iea-2026-1537,Oceania CCS - Nippon steel plant,Japan,Other Asia Pacific,Nippon steel,Capture,concept,Planned,,Industry,Iron and steel,capture_capacity,,,,2023,,,,Dedicated storage,Oceania CCS,,2026-03-27,https://www.iea.org/data-and-statistics/data-product/ccus-projects-database,official_workbook,,unmatched-review
iea-2026-1538,Oceania CCS - Mitsubishi chemical plant,Japan,Other Asia Pacific,Mitsubishi,Capture,concept,Planned,,Industry,Chemicals,capture_capacity,,,,2023,,,,Dedicated storage,Oceania CCS,,2026-03-27,https://www.iea.org/data-and-statistics/data-product/ccus-projects-database,official_workbook,,unmatched-review
iea-2026-1539,La Paloma CPX facility (CA),United States,North America,"Carbon TerraVault (California Resources Corporation), Capital Power",Full chain,concept,Planned,,Power and heat,Power (gas),capture_capacity,3.0,3.0,,2025,,,,Dedicated storage,,https://www.crc.com/news-releases/news-release-details/california-resources-corporation-and-capital-power-explore,2026-03-27,https://www.iea.org/data-and-statistics/data-product/ccus-projects-database,official_workbook,,unmatched-review
iea-2026-1540,North Tees Hydrogen CO2 capture,United Kingdom,Europe,Linde (BOC),Capture,concept,Planned,,Fuel transformation,Hydrogen or ammonia,capture_capacity,0.2,0.2,,2022,,,,Unknown/unspecified,,https://ifrf.net/combustion-industry-news/nextera-energy-and-exxon-mobil-to-provide-ccs-integrated-energy-solution-for-tech-hyperscalers/,2026-03-27,https://www.iea.org/data-and-statistics/data-product/ccus-projects-database,official_workbook,,unmatched-review
iea-2026-1541,Tourmaline Banshee facility (AB),Canada,North America,"Tourmaline, CarbonQuest, Cielo Carbon Solutions, Captivate Technology",Capture,concept,Planned,,Fuel transformation,Natural gas processing/LNG,capture_capacity,,,,2026,,,,Dedicated storage,,https://worldbiomarketinsights.com/oil-firm-tourmaline-partners-with-carbonquest-on-carbon-capture-project/,2026-03-27,https://www.iea.org/data-and-statistics/data-product/ccus-projects-database,official_workbook,,unmatched-review
iea-2026-1542,Big River (IL),United States,North America,"Lapis Carbon Solutions, Big River Resources",Storage,concept,Planned,,CO2 T&S,CO2 storage,storage_injection_capacity,0.725,0.725,,2024,2027,2028,,Dedicated storage,,https://www.lapiscarbonsolutions.com/project-big-river/,2026-03-27,https://www.iea.org/data-and-statistics/data-product/ccus-projects-database,official_workbook,,unmatched-review
